game_id,event_id,timestep,meeting_number,name,type,role,action,target
web_00a51b8147b34a689eaf8683d91539c5,85905,55,1,Lime,human,Crewmate,PRE_VOTE,
web_00a51b8147b34a689eaf8683d91539c5,85908,55,1,Player 4: purple,ai,Crewmate,PRE_VOTE,
web_00a51b8147b34a689eaf8683d91539c5,85909,55,1,Player 3: red,ai,Crewmate,PRE_VOTE,
web_00a51b8147b34a689eaf8683d91539c5,85911,55,1,Player 5: orange,ai,Impostor,PRE_VOTE,
web_00a51b8147b34a689eaf8683d91539c5,86182,55,1,Player 3: red,ai,Crewmate,VOTE,
web_00a51b8147b34a689eaf8683d91539c5,86183,55,1,Player 4: purple,ai,Crewmate,VOTE,
web_00a51b8147b34a689eaf8683d91539c5,86184,55,1,Player 5: orange,ai,Impostor,VOTE,
web_00a51b8147b34a689eaf8683d91539c5,86193,55,1,Player 3: red,ai,Crewmate,VOTE_INFLUENCE,
web_00a51b8147b34a689eaf8683d91539c5,86199,55,1,Player 5: orange,ai,Impostor,VOTE_INFLUENCE,
web_00a51b8147b34a689eaf8683d91539c5,86204,55,1,Player 4: purple,ai,Crewmate,VOTE_INFLUENCE,
web_00a51b8147b34a689eaf8683d91539c5,86206,55,1,Lime,human,Crewmate,VOTE,Player 5: orange
web_00a51b8147b34a689eaf8683d91539c5,86221,55,1,Lime,human,Crewmate,VOTE_INFLUENCE,
web_01e78c9e40664ee3bb5acfbc10613f5a,34193,6,1,White,human,Crewmate,PRE_VOTE,Pink
web_01e78c9e40664ee3bb5acfbc10613f5a,34195,6,1,Cyan,human,Crewmate,PRE_VOTE,
web_01e78c9e40664ee3bb5acfbc10613f5a,34200,6,1,Pink,human,Impostor,PRE_VOTE,Brown
web_01e78c9e40664ee3bb5acfbc10613f5a,34215,6,1,Brown,human,Crewmate,PRE_VOTE,
web_01e78c9e40664ee3bb5acfbc10613f5a,34324,6,1,Cyan,human,Crewmate,VOTE,Pink
web_01e78c9e40664ee3bb5acfbc10613f5a,34329,6,1,White,human,Crewmate,VOTE,Pink
web_01e78c9e40664ee3bb5acfbc10613f5a,34331,6,1,Pink,human,Impostor,VOTE,White
web_01e78c9e40664ee3bb5acfbc10613f5a,34333,6,1,Cyan,human,Crewmate,VOTE_INFLUENCE,
web_01e78c9e40664ee3bb5acfbc10613f5a,34337,6,1,Pink,human,Impostor,VOTE_INFLUENCE,
web_01e78c9e40664ee3bb5acfbc10613f5a,34340,6,1,White,human,Crewmate,VOTE_INFLUENCE,
web_01e78c9e40664ee3bb5acfbc10613f5a,34348,6,1,Brown,human,Crewmate,VOTE_INFLUENCE,
web_01e78c9e40664ee3bb5acfbc10613f5a,34351,6,1,Brown,human,Crewmate,VOTE,
web_02850aa5e68641d1b9199fdc9f4973af,64642,97,1,Player 4: black,ai,Crewmate,PRE_VOTE,
web_02850aa5e68641d1b9199fdc9f4973af,64645,97,1,Player 5: pink,ai,Impostor,PRE_VOTE,
web_02850aa5e68641d1b9199fdc9f4973af,64658,97,1,White,human,Crewmate,PRE_VOTE,Player 4: black
web_02850aa5e68641d1b9199fdc9f4973af,64934,97,1,Player 4: black,ai,Crewmate,VOTE,
web_02850aa5e68641d1b9199fdc9f4973af,64937,97,1,Player 5: pink,ai,Impostor,VOTE,
web_02850aa5e68641d1b9199fdc9f4973af,64946,97,1,Player 4: black,ai,Crewmate,VOTE_INFLUENCE,
web_02850aa5e68641d1b9199fdc9f4973af,64952,97,1,Player 5: pink,ai,Impostor,VOTE_INFLUENCE,
web_02850aa5e68641d1b9199fdc9f4973af,64966,97,1,White,human,Crewmate,VOTE,Player 4: black
web_02850aa5e68641d1b9199fdc9f4973af,64978,97,1,White,human,Crewmate,VOTE_INFLUENCE,
web_02951a360f3d44518168d741b2cee589,14356,90,1,Player 3: yellow,ai,Impostor,PRE_VOTE,
web_02951a360f3d44518168d741b2cee589,14357,90,1,Player 2: blue,ai,Crewmate,PRE_VOTE,Player 3: yellow
web_02951a360f3d44518168d741b2cee589,14363,90,1,Player 4: white,ai,Crewmate,PRE_VOTE,
web_02951a360f3d44518168d741b2cee589,14461,90,1,Player 2: blue,ai,Crewmate,VOTE,
web_02951a360f3d44518168d741b2cee589,14462,90,1,Player 4: white,ai,Crewmate,VOTE,
web_02951a360f3d44518168d741b2cee589,14463,90,1,Player 3: yellow,ai,Impostor,VOTE,
web_02951a360f3d44518168d741b2cee589,14464,90,1,Player 2: blue,ai,Crewmate,VOTE_INFLUENCE,
web_02951a360f3d44518168d741b2cee589,14465,90,1,Player 3: yellow,ai,Impostor,VOTE_INFLUENCE,
web_02951a360f3d44518168d741b2cee589,14466,90,1,Player 4: white,ai,Crewmate,VOTE_INFLUENCE,
web_0319ec96900444c5a6746862587a53e6,21835,17,1,Green,human,Crewmate,PRE_VOTE,
web_0319ec96900444c5a6746862587a53e6,21836,17,1,Black,human,Impostor,PRE_VOTE,White
web_0319ec96900444c5a6746862587a53e6,21837,17,1,Yellow,human,Crewmate,PRE_VOTE,Black
web_0319ec96900444c5a6746862587a53e6,21838,17,1,Cyan,human,Crewmate,PRE_VOTE,Yellow
web_0319ec96900444c5a6746862587a53e6,21846,17,1,White,human,Crewmate,PRE_VOTE,Cyan
web_0319ec96900444c5a6746862587a53e6,22005,17,1,White,human,Crewmate,VOTE,Black
web_0319ec96900444c5a6746862587a53e6,22007,17,1,Black,human,Impostor,VOTE,Green
web_0319ec96900444c5a6746862587a53e6,22009,17,1,Cyan,human,Crewmate,VOTE,Black
web_0319ec96900444c5a6746862587a53e6,22011,17,1,White,human,Crewmate,VOTE_INFLUENCE,
web_0319ec96900444c5a6746862587a53e6,22014,17,1,Green,human,Crewmate,VOTE,White
web_0319ec96900444c5a6746862587a53e6,22016,17,1,Yellow,human,Crewmate,VOTE,Black
web_0319ec96900444c5a6746862587a53e6,22021,17,1,Cyan,human,Crewmate,VOTE_INFLUENCE,
web_0319ec96900444c5a6746862587a53e6,22022,17,1,Black,human,Impostor,VOTE_INFLUENCE,
web_0319ec96900444c5a6746862587a53e6,22027,17,1,Green,human,Crewmate,VOTE_INFLUENCE,
web_0319ec96900444c5a6746862587a53e6,22028,17,1,Yellow,human,Crewmate,VOTE_INFLUENCE,
web_03d94bf4722649489aa192349aaf81a4,41250,26,1,Player 2: orange,ai,Impostor,PRE_VOTE,
web_03d94bf4722649489aa192349aaf81a4,41253,26,1,Red,human,Crewmate,PRE_VOTE,
web_03d94bf4722649489aa192349aaf81a4,41256,26,1,Green,human,Crewmate,PRE_VOTE,Red
web_03d94bf4722649489aa192349aaf81a4,41259,26,1,Brown,human,Crewmate,PRE_VOTE,Green
web_03d94bf4722649489aa192349aaf81a4,41414,26,1,Player 2: orange,ai,Impostor,VOTE,
web_03d94bf4722649489aa192349aaf81a4,41418,26,1,Player 2: orange,ai,Impostor,VOTE_INFLUENCE,
web_03d94bf4722649489aa192349aaf81a4,41430,26,1,Green,human,Crewmate,VOTE,Red
web_03d94bf4722649489aa192349aaf81a4,41433,26,1,Brown,human,Crewmate,VOTE,Red
web_03d94bf4722649489aa192349aaf81a4,41441,26,1,Green,human,Crewmate,VOTE_INFLUENCE,
web_03d94bf4722649489aa192349aaf81a4,41443,26,1,Red,human,Crewmate,VOTE,Green
web_03d94bf4722649489aa192349aaf81a4,41449,26,1,Brown,human,Crewmate,VOTE_INFLUENCE,
web_03d94bf4722649489aa192349aaf81a4,41451,26,1,Red,human,Crewmate,VOTE_INFLUENCE,
web_0438431c54734f018baedfcf4c6e701b,34462,5,1,Purple,human,Crewmate,PRE_VOTE,Red
web_0438431c54734f018baedfcf4c6e701b,34467,5,1,Red,human,Impostor,PRE_VOTE,Blue
web_0438431c54734f018baedfcf4c6e701b,34475,5,1,Blue,human,Crewmate,PRE_VOTE,Green
web_0438431c54734f018baedfcf4c6e701b,34487,5,1,Green,human,Crewmate,PRE_VOTE,
web_0438431c54734f018baedfcf4c6e701b,34617,5,1,Blue,human,Crewmate,VOTE,Red
web_0438431c54734f018baedfcf4c6e701b,34619,5,1,Purple,human,Crewmate,VOTE,Red
web_0438431c54734f018baedfcf4c6e701b,34621,5,1,Green,human,Crewmate,VOTE,Red
web_0438431c54734f018baedfcf4c6e701b,34623,5,1,Red,human,Impostor,VOTE,Blue
web_0438431c54734f018baedfcf4c6e701b,34627,5,1,Purple,human,Crewmate,VOTE_INFLUENCE,
web_0438431c54734f018baedfcf4c6e701b,34632,5,1,Blue,human,Crewmate,VOTE_INFLUENCE,
web_0438431c54734f018baedfcf4c6e701b,34634,5,1,Green,human,Crewmate,VOTE_INFLUENCE,
web_0438431c54734f018baedfcf4c6e701b,34637,5,1,Red,human,Impostor,VOTE_INFLUENCE,
web_04d2faf4e13f44cb92a61ad630e5bacd,84321,112,1,Player 4: pink,ai,Crewmate,PRE_VOTE,
web_04d2faf4e13f44cb92a61ad630e5bacd,84324,112,1,Player 2: cyan,ai,Crewmate,PRE_VOTE,
web_04d2faf4e13f44cb92a61ad630e5bacd,84325,112,1,Player 3: lime,ai,Impostor,PRE_VOTE,
web_04d2faf4e13f44cb92a61ad630e5bacd,84332,112,1,Brown,human,Crewmate,PRE_VOTE,
web_04d2faf4e13f44cb92a61ad630e5bacd,84551,112,1,Player 4: pink,ai,Crewmate,VOTE,
web_04d2faf4e13f44cb92a61ad630e5bacd,84552,112,1,Player 2: cyan,ai,Crewmate,VOTE,
web_04d2faf4e13f44cb92a61ad630e5bacd,84553,112,1,Player 3: lime,ai,Impostor,VOTE,
web_04d2faf4e13f44cb92a61ad630e5bacd,84554,112,1,Player 4: pink,ai,Crewmate,VOTE_INFLUENCE,
web_04d2faf4e13f44cb92a61ad630e5bacd,84555,112,1,Player 2: cyan,ai,Crewmate,VOTE_INFLUENCE,
web_04d2faf4e13f44cb92a61ad630e5bacd,84558,112,1,Player 3: lime,ai,Impostor,VOTE_INFLUENCE,
web_04d2faf4e13f44cb92a61ad630e5bacd,84562,112,1,Brown,human,Crewmate,VOTE,Player 4: pink
web_04d2faf4e13f44cb92a61ad630e5bacd,84570,112,1,Brown,human,Crewmate,VOTE_INFLUENCE,
web_0510785b0823425cba306d240dd569cf,57751,27,1,Brown,human,Impostor,PRE_VOTE,Player 3: purple
web_0510785b0823425cba306d240dd569cf,57755,27,1,Player 3: purple,ai,Crewmate,PRE_VOTE,
web_0510785b0823425cba306d240dd569cf,57762,27,1,Red,human,Crewmate,PRE_VOTE,Brown
web_05ab941807c746c78ef769ed63ae8774,13992,30,1,Player 5: yellow,ai,Crewmate,PRE_VOTE,
web_05ab941807c746c78ef769ed63ae8774,13993,30,1,Player 2: cyan,ai,Crewmate,PRE_VOTE,
web_05ab941807c746c78ef769ed63ae8774,13994,30,1,Player 4: blue,ai,Impostor,PRE_VOTE,
web_05ab941807c746c78ef769ed63ae8774,14083,30,1,Player 2: cyan,ai,Crewmate,VOTE,
web_05ab941807c746c78ef769ed63ae8774,14085,30,1,Player 5: yellow,ai,Crewmate,VOTE,
web_05ab941807c746c78ef769ed63ae8774,14086,30,1,Player 4: blue,ai,Impostor,VOTE,
web_05ab941807c746c78ef769ed63ae8774,14089,30,1,Player 5: yellow,ai,Crewmate,VOTE_INFLUENCE,
web_05ab941807c746c78ef769ed63ae8774,14091,30,1,Player 4: blue,ai,Impostor,VOTE_INFLUENCE,
web_05ab941807c746c78ef769ed63ae8774,14093,30,1,Player 2: cyan,ai,Crewmate,VOTE_INFLUENCE,
web_05bb916d09104f23bc6cb3feea8bc652,8030,76,1,Yellow,human,Crewmate,PRE_VOTE,Green
web_05bb916d09104f23bc6cb3feea8bc652,8033,76,1,Player 5: pink,ai,Crewmate,PRE_VOTE,
web_05bb916d09104f23bc6cb3feea8bc652,8034,76,1,Green,human,Impostor,PRE_VOTE,Player 5: pink
web_05bb916d09104f23bc6cb3feea8bc652,8179,76,1,Player 5: pink,ai,Crewmate,VOTE,Yellow
web_05bb916d09104f23bc6cb3feea8bc652,8180,76,1,Player 5: pink,ai,Crewmate,VOTE_INFLUENCE,
web_05bb916d09104f23bc6cb3feea8bc652,8190,76,1,Yellow,human,Crewmate,VOTE,Green
web_05bb916d09104f23bc6cb3feea8bc652,8195,76,1,Yellow,human,Crewmate,VOTE_INFLUENCE,
web_05bb916d09104f23bc6cb3feea8bc652,8197,76,1,Green,human,Impostor,VOTE,Yellow
web_05bb916d09104f23bc6cb3feea8bc652,8201,76,1,Green,human,Impostor,VOTE_INFLUENCE,
web_05cb0e17664841448a9e9cbdc89032dc,56948,30,1,Player 4: yellow,ai,Crewmate,PRE_VOTE,Player 5: blue
web_05cb0e17664841448a9e9cbdc89032dc,56949,30,1,Player 2: white,ai,Crewmate,PRE_VOTE,Player 5: blue
web_05cb0e17664841448a9e9cbdc89032dc,56950,30,1,Player 3: lime,ai,Crewmate,PRE_VOTE,Player 5: blue
web_05cb0e17664841448a9e9cbdc89032dc,56951,30,1,Player 5: blue,ai,Impostor,PRE_VOTE,
web_05cb0e17664841448a9e9cbdc89032dc,56952,30,1,Orange,human,Crewmate,PRE_VOTE,Player 5: blue
web_05cb0e17664841448a9e9cbdc89032dc,56978,30,1,Player 2: white,ai,Crewmate,VOTE,Player 5: blue
web_05cb0e17664841448a9e9cbdc89032dc,56979,30,1,Player 3: lime,ai,Crewmate,VOTE,Player 5: blue
web_05cb0e17664841448a9e9cbdc89032dc,56980,30,1,Player 4: yellow,ai,Crewmate,VOTE,
web_05cb0e17664841448a9e9cbdc89032dc,56981,30,1,Player 5: blue,ai,Impostor,VOTE,
web_05cb0e17664841448a9e9cbdc89032dc,56982,30,1,Player 3: lime,ai,Crewmate,VOTE_INFLUENCE,
web_05cb0e17664841448a9e9cbdc89032dc,56983,30,1,Player 2: white,ai,Crewmate,VOTE_INFLUENCE,
web_05cb0e17664841448a9e9cbdc89032dc,56984,30,1,Player 5: blue,ai,Impostor,VOTE_INFLUENCE,
web_05cb0e17664841448a9e9cbdc89032dc,56985,30,1,Player 4: yellow,ai,Crewmate,VOTE_INFLUENCE,
web_05cb0e17664841448a9e9cbdc89032dc,56986,30,1,Orange,human,Crewmate,VOTE,Player 5: blue
web_05cb0e17664841448a9e9cbdc89032dc,56988,30,1,Orange,human,Crewmate,VOTE_INFLUENCE,
web_06a861f38696439eb474249ea9a57e2c,56191,69,1,Player 2: cyan,ai,Impostor,PRE_VOTE,
web_06a861f38696439eb474249ea9a57e2c,56199,69,1,Brown,human,Crewmate,PRE_VOTE,Player 2: cyan
web_06a861f38696439eb474249ea9a57e2c,56208,69,1,Purple,human,Crewmate,PRE_VOTE,Player 2: cyan
web_06a861f38696439eb474249ea9a57e2c,56209,69,1,Red,human,Crewmate,PRE_VOTE,Brown
web_06a861f38696439eb474249ea9a57e2c,56402,69,1,Player 2: cyan,ai,Impostor,VOTE,
web_06a861f38696439eb474249ea9a57e2c,56409,69,1,Player 2: cyan,ai,Impostor,VOTE_INFLUENCE,
web_06a861f38696439eb474249ea9a57e2c,56412,69,1,Brown,human,Crewmate,VOTE,Player 2: cyan
web_06a861f38696439eb474249ea9a57e2c,56414,69,1,Red,human,Crewmate,VOTE,Brown
web_06a861f38696439eb474249ea9a57e2c,56419,69,1,Brown,human,Crewmate,VOTE_INFLUENCE,
web_06a861f38696439eb474249ea9a57e2c,56425,69,1,Red,human,Crewmate,VOTE_INFLUENCE,
web_06a861f38696439eb474249ea9a57e2c,56427,69,1,Purple,human,Crewmate,VOTE,Red
web_06a861f38696439eb474249ea9a57e2c,56434,69,1,Purple,human,Crewmate,VOTE_INFLUENCE,
web_06a861f38696439eb474249ea9a57e2c,56574,94,2,Brown,human,Crewmate,PRE_VOTE,Player 2: cyan
web_06a861f38696439eb474249ea9a57e2c,56576,94,2,Player 2: cyan,ai,Impostor,PRE_VOTE,
web_06a861f38696439eb474249ea9a57e2c,56579,94,2,Purple,human,Crewmate,PRE_VOTE,Player 2: cyan
web_06a861f38696439eb474249ea9a57e2c,56716,94,2,Player 2: cyan,ai,Impostor,VOTE,Brown
web_06a861f38696439eb474249ea9a57e2c,56718,94,2,Player 2: cyan,ai,Impostor,VOTE_INFLUENCE,
web_06a861f38696439eb474249ea9a57e2c,56722,94,2,Brown,human,Crewmate,VOTE,Player 2: cyan
web_06a861f38696439eb474249ea9a57e2c,56730,94,2,Purple,human,Crewmate,VOTE,Brown
web_06a861f38696439eb474249ea9a57e2c,56733,94,2,Brown,human,Crewmate,VOTE_INFLUENCE,
web_06a861f38696439eb474249ea9a57e2c,56738,94,2,Purple,human,Crewmate,VOTE_INFLUENCE,
web_078159558dc5400682d1d6ed953d3c91,47241,5,1,Player 3: orange,ai,Crewmate,PRE_VOTE,
web_078159558dc5400682d1d6ed953d3c91,47242,5,1,Player 5: pink,ai,Crewmate,PRE_VOTE,
web_078159558dc5400682d1d6ed953d3c91,47246,5,1,Yellow,human,Crewmate,PRE_VOTE,
web_078159558dc5400682d1d6ed953d3c91,47249,5,1,Brown,human,Impostor,PRE_VOTE,
web_078159558dc5400682d1d6ed953d3c91,47255,5,1,Green,human,Crewmate,PRE_VOTE,
web_078159558dc5400682d1d6ed953d3c91,47530,5,1,Player 5: pink,ai,Crewmate,VOTE,
web_078159558dc5400682d1d6ed953d3c91,47533,5,1,Player 3: orange,ai,Crewmate,VOTE,
web_078159558dc5400682d1d6ed953d3c91,47536,5,1,Player 3: orange,ai,Crewmate,VOTE_INFLUENCE,
web_078159558dc5400682d1d6ed953d3c91,47537,5,1,Player 5: pink,ai,Crewmate,VOTE_INFLUENCE,
web_078159558dc5400682d1d6ed953d3c91,47543,5,1,Yellow,human,Crewmate,VOTE,
web_078159558dc5400682d1d6ed953d3c91,47547,5,1,Green,human,Crewmate,VOTE,
web_078159558dc5400682d1d6ed953d3c91,47549,5,1,Brown,human,Impostor,VOTE,
web_078159558dc5400682d1d6ed953d3c91,47552,5,1,Green,human,Crewmate,VOTE_INFLUENCE,
web_078159558dc5400682d1d6ed953d3c91,47557,5,1,Yellow,human,Crewmate,VOTE_INFLUENCE,
web_078159558dc5400682d1d6ed953d3c91,47582,5,1,Brown,human,Impostor,VOTE_INFLUENCE,
web_078159558dc5400682d1d6ed953d3c91,47972,66,2,Player 5: pink,ai,Crewmate,PRE_VOTE,
web_078159558dc5400682d1d6ed953d3c91,47973,66,2,Yellow,human,Crewmate,PRE_VOTE,
web_078159558dc5400682d1d6ed953d3c91,47977,66,2,Player 3: orange,ai,Crewmate,PRE_VOTE,
web_078159558dc5400682d1d6ed953d3c91,47985,66,2,Brown,human,Impostor,PRE_VOTE,Green
web_078159558dc5400682d1d6ed953d3c91,48001,66,2,Green,human,Crewmate,PRE_VOTE,Player 3: orange
web_078159558dc5400682d1d6ed953d3c91,48195,66,2,Player 5: pink,ai,Crewmate,VOTE,
web_078159558dc5400682d1d6ed953d3c91,48196,66,2,Player 3: orange,ai,Crewmate,VOTE,
web_078159558dc5400682d1d6ed953d3c91,48201,66,2,Player 5: pink,ai,Crewmate,VOTE_INFLUENCE,
web_078159558dc5400682d1d6ed953d3c91,48202,66,2,Player 3: orange,ai,Crewmate,VOTE_INFLUENCE,
web_078159558dc5400682d1d6ed953d3c91,48205,66,2,Brown,human,Impostor,VOTE,Green
web_078159558dc5400682d1d6ed953d3c91,48221,66,2,Brown,human,Impostor,VOTE_INFLUENCE,
web_078159558dc5400682d1d6ed953d3c91,48227,66,2,Green,human,Crewmate,VOTE,Player 5: pink
web_078159558dc5400682d1d6ed953d3c91,48233,66,2,Yellow,human,Crewmate,VOTE_INFLUENCE,
web_078159558dc5400682d1d6ed953d3c91,48234,66,2,Green,human,Crewmate,VOTE_INFLUENCE,
web_078159558dc5400682d1d6ed953d3c91,48236,66,2,Yellow,human,Crewmate,VOTE,
web_078159558dc5400682d1d6ed953d3c91,48899,202,3,Yellow,human,Crewmate,PRE_VOTE,Brown
web_078159558dc5400682d1d6ed953d3c91,48903,202,3,Player 5: pink,ai,Crewmate,PRE_VOTE,Player 3: orange
web_078159558dc5400682d1d6ed953d3c91,48904,202,3,Player 3: orange,ai,Crewmate,PRE_VOTE,
web_078159558dc5400682d1d6ed953d3c91,48915,202,3,Brown,human,Impostor,PRE_VOTE,
web_078159558dc5400682d1d6ed953d3c91,49233,202,3,Player 5: pink,ai,Crewmate,VOTE,Player 3: orange
web_078159558dc5400682d1d6ed953d3c91,49234,202,3,Player 3: orange,ai,Crewmate,VOTE,Player 5: pink
web_078159558dc5400682d1d6ed953d3c91,49240,202,3,Player 5: pink,ai,Crewmate,VOTE_INFLUENCE,
web_078159558dc5400682d1d6ed953d3c91,49245,202,3,Player 3: orange,ai,Crewmate,VOTE_INFLUENCE,
web_078159558dc5400682d1d6ed953d3c91,49252,202,3,Brown,human,Impostor,VOTE,Player 3: orange
web_078159558dc5400682d1d6ed953d3c91,49258,202,3,Yellow,human,Crewmate,VOTE,Player 3: orange
web_078159558dc5400682d1d6ed953d3c91,49269,202,3,Yellow,human,Crewmate,VOTE_INFLUENCE,
web_078159558dc5400682d1d6ed953d3c91,49276,202,3,Brown,human,Impostor,VOTE_INFLUENCE,
web_0820f80eea854efcaaa5640671b57f24,57579,50,1,Player 5: purple,ai,Crewmate,PRE_VOTE,Player 2: brown
web_0820f80eea854efcaaa5640671b57f24,57580,50,1,Player 3: yellow,ai,Crewmate,PRE_VOTE,Player 2: brown
web_0820f80eea854efcaaa5640671b57f24,57581,50,1,Player 2: brown,ai,Impostor,PRE_VOTE,
web_0820f80eea854efcaaa5640671b57f24,57582,50,1,Lime,human,Crewmate,PRE_VOTE,
web_0820f80eea854efcaaa5640671b57f24,57595,50,1,Player 3: yellow,ai,Crewmate,VOTE,Player 2: brown
web_0820f80eea854efcaaa5640671b57f24,57596,50,1,Player 5: purple,ai,Crewmate,VOTE,Player 2: brown
web_0820f80eea854efcaaa5640671b57f24,57597,50,1,Player 2: brown,ai,Impostor,VOTE,
web_0820f80eea854efcaaa5640671b57f24,57598,50,1,Player 5: purple,ai,Crewmate,VOTE_INFLUENCE,
web_0820f80eea854efcaaa5640671b57f24,57599,50,1,Player 2: brown,ai,Impostor,VOTE_INFLUENCE,
web_0820f80eea854efcaaa5640671b57f24,57600,50,1,Player 3: yellow,ai,Crewmate,VOTE_INFLUENCE,
web_08be90eebc6f4ad69790a175d1bdbaa7,64139,37,1,Player 2: pink,ai,Crewmate,PRE_VOTE,
web_08be90eebc6f4ad69790a175d1bdbaa7,64146,37,1,Player 4: white,ai,Crewmate,PRE_VOTE,Purple
web_08be90eebc6f4ad69790a175d1bdbaa7,64149,37,1,Purple,human,Impostor,PRE_VOTE,Player 4: white
web_08be90eebc6f4ad69790a175d1bdbaa7,64476,37,1,Player 2: pink,ai,Crewmate,VOTE,Purple
web_08be90eebc6f4ad69790a175d1bdbaa7,64477,37,1,Player 4: white,ai,Crewmate,VOTE,
web_08be90eebc6f4ad69790a175d1bdbaa7,64498,37,1,Player 4: white,ai,Crewmate,VOTE_INFLUENCE,
web_08be90eebc6f4ad69790a175d1bdbaa7,64500,37,1,Player 2: pink,ai,Crewmate,VOTE_INFLUENCE,
web_08be90eebc6f4ad69790a175d1bdbaa7,64519,37,1,Purple,human,Impostor,VOTE,Player 4: white
web_08be90eebc6f4ad69790a175d1bdbaa7,64531,37,1,Purple,human,Impostor,VOTE_INFLUENCE,
web_08f66080daf34b16873a4875876211c8,69522,34,1,Player 5: red,ai,Impostor,PRE_VOTE,
web_08f66080daf34b16873a4875876211c8,69523,34,1,Player 3: black,ai,Crewmate,PRE_VOTE,
web_08f66080daf34b16873a4875876211c8,69528,34,1,White,human,Crewmate,PRE_VOTE,Player 3: black
web_08f66080daf34b16873a4875876211c8,70017,34,1,Player 3: black,ai,Crewmate,VOTE,
web_08f66080daf34b16873a4875876211c8,70020,34,1,Player 5: red,ai,Impostor,VOTE,
web_08f66080daf34b16873a4875876211c8,70042,34,1,Player 3: black,ai,Crewmate,VOTE_INFLUENCE,
web_08f66080daf34b16873a4875876211c8,70045,34,1,Player 5: red,ai,Impostor,VOTE_INFLUENCE,
web_08f66080daf34b16873a4875876211c8,70057,34,1,White,human,Crewmate,VOTE,Player 3: black
web_08f66080daf34b16873a4875876211c8,70070,34,1,White,human,Crewmate,VOTE_INFLUENCE,
web_0906af9097c344c2b0d292a1457df036,88867,26,1,Player 3: pink,ai,Impostor,PRE_VOTE,
web_0906af9097c344c2b0d292a1457df036,88868,26,1,Player 5: black,ai,Crewmate,PRE_VOTE,
web_0906af9097c344c2b0d292a1457df036,88869,26,1,Player 2: brown,ai,Crewmate,PRE_VOTE,
web_0906af9097c344c2b0d292a1457df036,88879,26,1,Yellow,human,Crewmate,PRE_VOTE,
web_0906af9097c344c2b0d292a1457df036,89144,26,1,Player 5: black,ai,Crewmate,VOTE,Yellow
web_0906af9097c344c2b0d292a1457df036,89146,26,1,Player 3: pink,ai,Impostor,VOTE,Player 2: brown
web_0906af9097c344c2b0d292a1457df036,89149,26,1,Player 2: brown,ai,Crewmate,VOTE,
web_0906af9097c344c2b0d292a1457df036,89156,26,1,Player 3: pink,ai,Impostor,VOTE_INFLUENCE,
web_0906af9097c344c2b0d292a1457df036,89159,26,1,Player 5: black,ai,Crewmate,VOTE_INFLUENCE,
web_0906af9097c344c2b0d292a1457df036,89160,26,1,Player 2: brown,ai,Crewmate,VOTE_INFLUENCE,
web_0906af9097c344c2b0d292a1457df036,89161,26,1,Yellow,human,Crewmate,VOTE,Player 2: brown
web_0906af9097c344c2b0d292a1457df036,89169,26,1,Yellow,human,Crewmate,VOTE_INFLUENCE,
web_093b5daa16314efeae38e687e89784f0,84420,74,1,Player 5: red,ai,Crewmate,PRE_VOTE,
web_093b5daa16314efeae38e687e89784f0,84421,74,1,Player 3: green,ai,Impostor,PRE_VOTE,
web_093b5daa16314efeae38e687e89784f0,84425,74,1,Cyan,human,Crewmate,PRE_VOTE,
web_093b5daa16314efeae38e687e89784f0,84600,74,1,Player 3: green,ai,Impostor,VOTE,Player 5: red
web_093b5daa16314efeae38e687e89784f0,84601,74,1,Player 5: red,ai,Crewmate,VOTE,Player 3: green
web_093b5daa16314efeae38e687e89784f0,84608,74,1,Player 5: red,ai,Crewmate,VOTE_INFLUENCE,
web_093b5daa16314efeae38e687e89784f0,84609,74,1,Player 3: green,ai,Impostor,VOTE_INFLUENCE,
web_093b5daa16314efeae38e687e89784f0,84615,74,1,Cyan,human,Crewmate,VOTE,Player 5: red
web_093b5daa16314efeae38e687e89784f0,84619,74,1,Cyan,human,Crewmate,VOTE_INFLUENCE,
web_094b9d491b914bc78f81a4f66d4dffd4,79416,30,1,Player 2: green,ai,Crewmate,PRE_VOTE,Player 4: brown
web_094b9d491b914bc78f81a4f66d4dffd4,79417,30,1,Player 5: purple,ai,Crewmate,PRE_VOTE,Player 4: brown
web_094b9d491b914bc78f81a4f66d4dffd4,79418,30,1,Player 3: cyan,ai,Crewmate,PRE_VOTE,
web_094b9d491b914bc78f81a4f66d4dffd4,79419,30,1,Lime,human,Crewmate,PRE_VOTE,Player 4: brown
web_094b9d491b914bc78f81a4f66d4dffd4,79420,30,1,Player 4: brown,ai,Impostor,PRE_VOTE,
web_094b9d491b914bc78f81a4f66d4dffd4,79455,30,1,Player 3: cyan,ai,Crewmate,VOTE,Player 4: brown
web_094b9d491b914bc78f81a4f66d4dffd4,79456,30,1,Player 5: purple,ai,Crewmate,VOTE,Player 4: brown
web_094b9d491b914bc78f81a4f66d4dffd4,79457,30,1,Player 2: green,ai,Crewmate,VOTE,
web_094b9d491b914bc78f81a4f66d4dffd4,79458,30,1,Player 4: brown,ai,Impostor,VOTE,Player 2: green
web_094b9d491b914bc78f81a4f66d4dffd4,79459,30,1,Player 3: cyan,ai,Crewmate,VOTE_INFLUENCE,
web_094b9d491b914bc78f81a4f66d4dffd4,79460,30,1,Player 5: purple,ai,Crewmate,VOTE_INFLUENCE,
web_094b9d491b914bc78f81a4f66d4dffd4,79461,30,1,Player 2: green,ai,Crewmate,VOTE_INFLUENCE,
web_094b9d491b914bc78f81a4f66d4dffd4,79462,30,1,Player 4: brown,ai,Impostor,VOTE_INFLUENCE,
web_094b9d491b914bc78f81a4f66d4dffd4,79463,30,1,Lime,human,Crewmate,VOTE,Player 4: brown
web_094b9d491b914bc78f81a4f66d4dffd4,79465,30,1,Lime,human,Crewmate,VOTE_INFLUENCE,
web_09a285709ca740a4bb7f3a6e2339b37c,37997,10,1,Red,human,Crewmate,PRE_VOTE,
web_09a285709ca740a4bb7f3a6e2339b37c,37998,10,1,Lime,human,Crewmate,PRE_VOTE,Pink
web_09a285709ca740a4bb7f3a6e2339b37c,38011,10,1,Pink,human,Crewmate,PRE_VOTE,
web_09a285709ca740a4bb7f3a6e2339b37c,38019,10,1,Purple,human,Crewmate,PRE_VOTE,
web_09a285709ca740a4bb7f3a6e2339b37c,38048,10,1,Yellow,human,Impostor,PRE_VOTE,
web_09a285709ca740a4bb7f3a6e2339b37c,38532,10,1,Purple,human,Crewmate,VOTE,Lime
web_09a285709ca740a4bb7f3a6e2339b37c,38536,10,1,Red,human,Crewmate,VOTE,
web_09a285709ca740a4bb7f3a6e2339b37c,38543,10,1,Lime,human,Crewmate,VOTE,Pink
web_09a285709ca740a4bb7f3a6e2339b37c,38547,10,1,Purple,human,Crewmate,VOTE_INFLUENCE,
web_09a285709ca740a4bb7f3a6e2339b37c,38556,10,1,Lime,human,Crewmate,VOTE_INFLUENCE,
web_09a285709ca740a4bb7f3a6e2339b37c,38557,10,1,Red,human,Crewmate,VOTE_INFLUENCE,
web_09a285709ca740a4bb7f3a6e2339b37c,38563,10,1,Pink,human,Crewmate,VOTE,Lime
web_09a285709ca740a4bb7f3a6e2339b37c,38593,10,1,Pink,human,Crewmate,VOTE_INFLUENCE,
web_09de878d770542ef84d42fc3ea6c5e70,53324,8,1,Lime,human,Crewmate,PRE_VOTE,
web_09de878d770542ef84d42fc3ea6c5e70,53325,8,1,Player 5: green,ai,Crewmate,PRE_VOTE,
web_09de878d770542ef84d42fc3ea6c5e70,53332,8,1,Red,human,Impostor,PRE_VOTE,
web_09de878d770542ef84d42fc3ea6c5e70,53333,8,1,Cyan,human,Crewmate,PRE_VOTE,
web_09de878d770542ef84d42fc3ea6c5e70,53345,8,1,Orange,human,Crewmate,PRE_VOTE,Lime
web_09de878d770542ef84d42fc3ea6c5e70,53553,8,1,Player 5: green,ai,Crewmate,VOTE,
web_09de878d770542ef84d42fc3ea6c5e70,53557,8,1,Player 5: green,ai,Crewmate,VOTE_INFLUENCE,
web_09de878d770542ef84d42fc3ea6c5e70,53564,8,1,Lime,human,Crewmate,VOTE,Player 5: green
web_09de878d770542ef84d42fc3ea6c5e70,53571,8,1,Cyan,human,Crewmate,VOTE,Player 5: green
web_09de878d770542ef84d42fc3ea6c5e70,53582,8,1,Red,human,Impostor,VOTE,Player 5: green
web_09de878d770542ef84d42fc3ea6c5e70,53585,8,1,Lime,human,Crewmate,VOTE_INFLUENCE,
web_09de878d770542ef84d42fc3ea6c5e70,53590,8,1,Cyan,human,Crewmate,VOTE_INFLUENCE,
web_09de878d770542ef84d42fc3ea6c5e70,53606,8,1,Red,human,Impostor,VOTE_INFLUENCE,
web_0a1734eb46a94a6f8ef8839a9289355a,76281,72,1,Red,human,Impostor,PRE_VOTE,White
web_0a1734eb46a94a6f8ef8839a9289355a,76284,72,1,White,human,Crewmate,PRE_VOTE,Red
web_0a1734eb46a94a6f8ef8839a9289355a,76289,72,1,Player 3: green,ai,Crewmate,PRE_VOTE,
web_0a1734eb46a94a6f8ef8839a9289355a,76771,72,1,Player 3: green,ai,Crewmate,VOTE,
web_0a1734eb46a94a6f8ef8839a9289355a,76792,72,1,Player 3: green,ai,Crewmate,VOTE_INFLUENCE,
web_0a1734eb46a94a6f8ef8839a9289355a,76796,72,1,White,human,Crewmate,VOTE,Red
web_0a1734eb46a94a6f8ef8839a9289355a,76800,72,1,Red,human,Impostor,VOTE,White
web_0a1734eb46a94a6f8ef8839a9289355a,76820,72,1,Red,human,Impostor,VOTE_INFLUENCE,
web_0a1734eb46a94a6f8ef8839a9289355a,76824,72,1,White,human,Crewmate,VOTE_INFLUENCE,
web_0a1734eb46a94a6f8ef8839a9289355a,76858,74,2,Red,human,Impostor,PRE_VOTE,White
web_0a1734eb46a94a6f8ef8839a9289355a,76859,74,2,White,human,Crewmate,PRE_VOTE,Red
web_0a1734eb46a94a6f8ef8839a9289355a,76868,74,2,Player 3: green,ai,Crewmate,PRE_VOTE,
web_0a1734eb46a94a6f8ef8839a9289355a,77295,74,2,Player 3: green,ai,Crewmate,VOTE,
web_0a1734eb46a94a6f8ef8839a9289355a,77309,74,2,Player 3: green,ai,Crewmate,VOTE_INFLUENCE,
web_0a1734eb46a94a6f8ef8839a9289355a,77320,74,2,White,human,Crewmate,VOTE,Red
web_0a1734eb46a94a6f8ef8839a9289355a,77326,74,2,Red,human,Impostor,VOTE,White
web_0a1734eb46a94a6f8ef8839a9289355a,77329,74,2,Red,human,Impostor,VOTE_INFLUENCE,
web_0a1734eb46a94a6f8ef8839a9289355a,77338,74,2,White,human,Crewmate,VOTE_INFLUENCE,
web_0b1d9d7f03c04183a4093cbd314a8401,48022,26,1,Lime,human,Crewmate,PRE_VOTE,Green
web_0b1d9d7f03c04183a4093cbd314a8401,48029,26,1,Player 5: brown,ai,Crewmate,PRE_VOTE,
web_0b1d9d7f03c04183a4093cbd314a8401,48030,26,1,Cyan,human,Impostor,PRE_VOTE,Cyan
web_0b1d9d7f03c04183a4093cbd314a8401,48043,26,1,Green,human,Crewmate,PRE_VOTE,Lime
web_0b1d9d7f03c04183a4093cbd314a8401,48224,26,1,Player 5: brown,ai,Crewmate,VOTE,
web_0b1d9d7f03c04183a4093cbd314a8401,48231,26,1,Player 5: brown,ai,Crewmate,VOTE_INFLUENCE,
web_0b1d9d7f03c04183a4093cbd314a8401,48245,26,1,Cyan,human,Impostor,VOTE,Lime
web_0b1d9d7f03c04183a4093cbd314a8401,48247,26,1,Green,human,Crewmate,VOTE,
web_0b1d9d7f03c04183a4093cbd314a8401,48249,26,1,Lime,human,Crewmate,VOTE,Cyan
web_0b1d9d7f03c04183a4093cbd314a8401,48257,26,1,Cyan,human,Impostor,VOTE_INFLUENCE,
web_0b1d9d7f03c04183a4093cbd314a8401,48259,26,1,Lime,human,Crewmate,VOTE_INFLUENCE,
web_0b1d9d7f03c04183a4093cbd314a8401,48269,26,1,Green,human,Crewmate,VOTE_INFLUENCE,
web_0b1d9d7f03c04183a4093cbd314a8401,48298,28,2,Player 5: brown,ai,Crewmate,PRE_VOTE,Cyan
web_0b1d9d7f03c04183a4093cbd314a8401,48300,28,2,Cyan,human,Impostor,PRE_VOTE,Lime
web_0b1d9d7f03c04183a4093cbd314a8401,48312,28,2,Lime,human,Crewmate,PRE_VOTE,Lime
web_0b1d9d7f03c04183a4093cbd314a8401,48330,28,2,Green,human,Crewmate,PRE_VOTE,
web_0b1d9d7f03c04183a4093cbd314a8401,48573,28,2,Player 5: brown,ai,Crewmate,VOTE,Cyan
web_0b1d9d7f03c04183a4093cbd314a8401,48577,28,2,Player 5: brown,ai,Crewmate,VOTE_INFLUENCE,
web_0b1d9d7f03c04183a4093cbd314a8401,48585,28,2,Cyan,human,Impostor,VOTE,Player 5: brown
web_0b1d9d7f03c04183a4093cbd314a8401,48592,28,2,Green,human,Crewmate,VOTE,Cyan
web_0b1d9d7f03c04183a4093cbd314a8401,48600,28,2,Green,human,Crewmate,VOTE_INFLUENCE,
web_0b1d9d7f03c04183a4093cbd314a8401,48601,28,2,Cyan,human,Impostor,VOTE_INFLUENCE,
web_0b1d9d7f03c04183a4093cbd314a8401,48617,28,2,Lime,human,Crewmate,VOTE,Cyan
web_0b1d9d7f03c04183a4093cbd314a8401,48645,28,2,Lime,human,Crewmate,VOTE_INFLUENCE,
web_0bfcb13857c14653add890899bbe0e6e,37661,92,1,Player 5: blue,ai,Crewmate,PRE_VOTE,
web_0bfcb13857c14653add890899bbe0e6e,37668,92,1,Purple,human,Crewmate,PRE_VOTE,Pink
web_0bfcb13857c14653add890899bbe0e6e,37669,92,1,Orange,human,Crewmate,PRE_VOTE,Purple
web_0bfcb13857c14653add890899bbe0e6e,37682,92,1,Green,human,Crewmate,PRE_VOTE,
web_0bfcb13857c14653add890899bbe0e6e,37690,92,1,Pink,human,Impostor,PRE_VOTE,Green
web_0bfcb13857c14653add890899bbe0e6e,37866,92,1,Player 5: blue,ai,Crewmate,VOTE,
web_0bfcb13857c14653add890899bbe0e6e,37871,92,1,Player 5: blue,ai,Crewmate,VOTE_INFLUENCE,
web_0bfcb13857c14653add890899bbe0e6e,37885,92,1,Green,human,Crewmate,VOTE,
web_0bfcb13857c14653add890899bbe0e6e,37890,92,1,Purple,human,Crewmate,VOTE,Pink
web_0bfcb13857c14653add890899bbe0e6e,37899,92,1,Green,human,Crewmate,VOTE_INFLUENCE,
web_0bfcb13857c14653add890899bbe0e6e,37913,92,1,Orange,human,Crewmate,VOTE,Purple
web_0bfcb13857c14653add890899bbe0e6e,37920,92,1,Purple,human,Crewmate,VOTE_INFLUENCE,
web_0bfcb13857c14653add890899bbe0e6e,37924,92,1,Pink,human,Impostor,VOTE_INFLUENCE,
web_0bfcb13857c14653add890899bbe0e6e,37937,92,1,Orange,human,Crewmate,VOTE_INFLUENCE,
web_0bfcb13857c14653add890899bbe0e6e,37941,92,1,Pink,human,Impostor,VOTE,
web_0bfcb13857c14653add890899bbe0e6e,38257,127,2,Purple,human,Crewmate,PRE_VOTE,Pink
web_0bfcb13857c14653add890899bbe0e6e,38264,127,2,Player 5: blue,ai,Crewmate,PRE_VOTE,
web_0bfcb13857c14653add890899bbe0e6e,38268,127,2,Green,human,Crewmate,PRE_VOTE,Purple
web_0bfcb13857c14653add890899bbe0e6e,38276,127,2,Orange,human,Crewmate,PRE_VOTE,Purple
web_0bfcb13857c14653add890899bbe0e6e,38324,127,2,Pink,human,Impostor,PRE_VOTE,
web_0bfcb13857c14653add890899bbe0e6e,38770,127,2,Player 5: blue,ai,Crewmate,VOTE,
web_0bfcb13857c14653add890899bbe0e6e,38777,127,2,Player 5: blue,ai,Crewmate,VOTE_INFLUENCE,
web_0bfcb13857c14653add890899bbe0e6e,38778,127,2,Green,human,Crewmate,VOTE,Purple
web_0bfcb13857c14653add890899bbe0e6e,38784,127,2,Orange,human,Crewmate,VOTE,Purple
web_0bfcb13857c14653add890899bbe0e6e,38787,127,2,Green,human,Crewmate,VOTE_INFLUENCE,
web_0bfcb13857c14653add890899bbe0e6e,38788,127,2,Orange,human,Crewmate,VOTE_INFLUENCE,
web_0bfcb13857c14653add890899bbe0e6e,38790,127,2,Purple,human,Crewmate,VOTE,Pink
web_0bfcb13857c14653add890899bbe0e6e,38805,127,2,Purple,human,Crewmate,VOTE_INFLUENCE,
web_0bfcb13857c14653add890899bbe0e6e,38809,127,2,Pink,human,Impostor,VOTE_INFLUENCE,
web_0bfcb13857c14653add890899bbe0e6e,38813,127,2,Pink,human,Impostor,VOTE,
web_0c06e171eabf407eadfbe859369301db,50852,48,1,Player 4: pink,ai,Crewmate,PRE_VOTE,
web_0c06e171eabf407eadfbe859369301db,50853,48,1,Cyan,human,Crewmate,PRE_VOTE,
web_0c06e171eabf407eadfbe859369301db,50856,48,1,Brown,human,Crewmate,PRE_VOTE,
web_0c06e171eabf407eadfbe859369301db,50860,48,1,Purple,human,Crewmate,PRE_VOTE,Brown
web_0c06e171eabf407eadfbe859369301db,50872,48,1,Yellow,human,Impostor,PRE_VOTE,
web_0c06e171eabf407eadfbe859369301db,51086,48,1,Player 4: pink,ai,Crewmate,VOTE,
web_0c06e171eabf407eadfbe859369301db,51089,48,1,Player 4: pink,ai,Crewmate,VOTE_INFLUENCE,
web_0c06e171eabf407eadfbe859369301db,51093,48,1,Purple,human,Crewmate,VOTE,Brown
web_0c06e171eabf407eadfbe859369301db,51097,48,1,Brown,human,Crewmate,VOTE,
web_0c06e171eabf407eadfbe859369301db,51100,48,1,Cyan,human,Crewmate,VOTE,Purple
web_0c06e171eabf407eadfbe859369301db,51104,48,1,Yellow,human,Impostor,VOTE,Cyan
web_0c06e171eabf407eadfbe859369301db,51106,48,1,Brown,human,Crewmate,VOTE_INFLUENCE,
web_0c06e171eabf407eadfbe859369301db,51109,48,1,Cyan,human,Crewmate,VOTE_INFLUENCE,
web_0c06e171eabf407eadfbe859369301db,51120,48,1,Yellow,human,Impostor,VOTE_INFLUENCE,
web_0c06e171eabf407eadfbe859369301db,51132,48,1,Purple,human,Crewmate,VOTE_INFLUENCE,
web_0c06e171eabf407eadfbe859369301db,51171,52,2,Cyan,human,Crewmate,PRE_VOTE,
web_0c06e171eabf407eadfbe859369301db,51172,52,2,Player 4: pink,ai,Crewmate,PRE_VOTE,
web_0c06e171eabf407eadfbe859369301db,51180,52,2,Brown,human,Crewmate,PRE_VOTE,
web_0c06e171eabf407eadfbe859369301db,51185,52,2,Yellow,human,Impostor,PRE_VOTE,Cyan
web_0c06e171eabf407eadfbe859369301db,51198,52,2,Purple,human,Crewmate,PRE_VOTE,Cyan
web_0c06e171eabf407eadfbe859369301db,51506,52,2,Player 4: pink,ai,Crewmate,VOTE,
web_0c06e171eabf407eadfbe859369301db,51521,52,2,Player 4: pink,ai,Crewmate,VOTE_INFLUENCE,
web_0c06e171eabf407eadfbe859369301db,51535,52,2,Cyan,human,Crewmate,VOTE,Yellow
web_0c06e171eabf407eadfbe859369301db,51537,52,2,Brown,human,Crewmate,VOTE,Cyan
web_0c06e171eabf407eadfbe859369301db,51544,52,2,Purple,human,Crewmate,VOTE,Cyan
web_0c06e171eabf407eadfbe859369301db,51552,52,2,Cyan,human,Crewmate,VOTE_INFLUENCE,
web_0c06e171eabf407eadfbe859369301db,51577,52,2,Brown,human,Crewmate,VOTE_INFLUENCE,
web_0c06e171eabf407eadfbe859369301db,51578,52,2,Purple,human,Crewmate,VOTE_INFLUENCE,
web_0c06e171eabf407eadfbe859369301db,51586,52,2,Yellow,human,Impostor,VOTE_INFLUENCE,
web_0c06e171eabf407eadfbe859369301db,51589,52,2,Yellow,human,Impostor,VOTE,
web_0d08eaaff58341368bfafcfce6f5c8e8,71814,84,1,Player 3: blue,ai,Crewmate,PRE_VOTE,
web_0d08eaaff58341368bfafcfce6f5c8e8,71815,84,1,Player 5: lime,ai,Crewmate,PRE_VOTE,
web_0d08eaaff58341368bfafcfce6f5c8e8,71819,84,1,Brown,human,Crewmate,PRE_VOTE,Brown
web_0d08eaaff58341368bfafcfce6f5c8e8,71832,84,1,Purple,human,Impostor,PRE_VOTE,Player 5: lime
web_0d08eaaff58341368bfafcfce6f5c8e8,72250,84,1,Player 3: blue,ai,Crewmate,VOTE,
web_0d08eaaff58341368bfafcfce6f5c8e8,72253,84,1,Player 5: lime,ai,Crewmate,VOTE,
web_0d08eaaff58341368bfafcfce6f5c8e8,72261,84,1,Player 5: lime,ai,Crewmate,VOTE_INFLUENCE,
web_0d08eaaff58341368bfafcfce6f5c8e8,72264,84,1,Player 3: blue,ai,Crewmate,VOTE_INFLUENCE,
web_0d08eaaff58341368bfafcfce6f5c8e8,72279,84,1,Purple,human,Impostor,VOTE,Player 3: blue
web_0d08eaaff58341368bfafcfce6f5c8e8,72293,84,1,Purple,human,Impostor,VOTE_INFLUENCE,
web_0d08eaaff58341368bfafcfce6f5c8e8,72297,84,1,Brown,human,Crewmate,VOTE,Player 5: lime
web_0d08eaaff58341368bfafcfce6f5c8e8,72313,84,1,Brown,human,Crewmate,VOTE_INFLUENCE,
web_0d08eaaff58341368bfafcfce6f5c8e8,72367,87,2,Player 5: lime,ai,Crewmate,PRE_VOTE,
web_0d08eaaff58341368bfafcfce6f5c8e8,72368,87,2,Player 3: blue,ai,Crewmate,PRE_VOTE,
web_0d08eaaff58341368bfafcfce6f5c8e8,72374,87,2,Brown,human,Crewmate,PRE_VOTE,Brown
web_0d08eaaff58341368bfafcfce6f5c8e8,72380,87,2,Purple,human,Impostor,PRE_VOTE,Player 3: blue
web_0d08eaaff58341368bfafcfce6f5c8e8,72732,87,2,Player 5: lime,ai,Crewmate,VOTE,
web_0d08eaaff58341368bfafcfce6f5c8e8,72733,87,2,Player 3: blue,ai,Crewmate,VOTE,
web_0d08eaaff58341368bfafcfce6f5c8e8,72740,87,2,Player 3: blue,ai,Crewmate,VOTE_INFLUENCE,
web_0d08eaaff58341368bfafcfce6f5c8e8,72743,87,2,Player 5: lime,ai,Crewmate,VOTE_INFLUENCE,
web_0d08eaaff58341368bfafcfce6f5c8e8,72754,87,2,Purple,human,Impostor,VOTE,Player 3: blue
web_0d08eaaff58341368bfafcfce6f5c8e8,72775,87,2,Purple,human,Impostor,VOTE_INFLUENCE,
web_0d08eaaff58341368bfafcfce6f5c8e8,72784,87,2,Brown,human,Crewmate,VOTE,Player 3: blue
web_0d08eaaff58341368bfafcfce6f5c8e8,72796,87,2,Brown,human,Crewmate,VOTE_INFLUENCE,
web_0d9e86ee51b64eda91d99465e14a7f78,61934,86,1,Player 3: brown,ai,Impostor,PRE_VOTE,Blue
web_0d9e86ee51b64eda91d99465e14a7f78,61938,86,1,Blue,human,Crewmate,PRE_VOTE,Green
web_0d9e86ee51b64eda91d99465e14a7f78,61947,86,1,Green,human,Crewmate,PRE_VOTE,
web_0d9e86ee51b64eda91d99465e14a7f78,62193,86,1,Player 3: brown,ai,Impostor,VOTE,Blue
web_0d9e86ee51b64eda91d99465e14a7f78,62202,86,1,Player 3: brown,ai,Impostor,VOTE_INFLUENCE,
web_0d9e86ee51b64eda91d99465e14a7f78,62214,86,1,Blue,human,Crewmate,VOTE,Player 3: brown
web_0d9e86ee51b64eda91d99465e14a7f78,62233,86,1,Green,human,Crewmate,VOTE,Blue
web_0d9e86ee51b64eda91d99465e14a7f78,62244,86,1,Blue,human,Crewmate,VOTE_INFLUENCE,
web_0d9e86ee51b64eda91d99465e14a7f78,62250,86,1,Green,human,Crewmate,VOTE_INFLUENCE,
web_0e06e8c994ea48e18e52eadb834f8a73,87234,17,1,Player 4: purple,ai,Impostor,PRE_VOTE,
web_0e06e8c994ea48e18e52eadb834f8a73,87235,17,1,Player 2: red,ai,Crewmate,PRE_VOTE,
web_0e06e8c994ea48e18e52eadb834f8a73,87236,17,1,Player 5: green,ai,Crewmate,PRE_VOTE,
web_0e06e8c994ea48e18e52eadb834f8a73,87237,17,1,Player 3: brown,ai,Crewmate,PRE_VOTE,
web_0e06e8c994ea48e18e52eadb834f8a73,87534,17,1,Player 3: brown,ai,Crewmate,VOTE,
web_0e06e8c994ea48e18e52eadb834f8a73,87536,17,1,Player 4: purple,ai,Impostor,VOTE,
web_0e06e8c994ea48e18e52eadb834f8a73,87537,17,1,Player 2: red,ai,Crewmate,VOTE,
web_0e06e8c994ea48e18e52eadb834f8a73,87539,17,1,Player 5: green,ai,Crewmate,VOTE,
web_0e06e8c994ea48e18e52eadb834f8a73,87546,17,1,Player 3: brown,ai,Crewmate,VOTE_INFLUENCE,
web_0e06e8c994ea48e18e52eadb834f8a73,87550,17,1,Player 4: purple,ai,Impostor,VOTE_INFLUENCE,
web_0e06e8c994ea48e18e52eadb834f8a73,87553,17,1,Player 5: green,ai,Crewmate,VOTE_INFLUENCE,
web_0e06e8c994ea48e18e52eadb834f8a73,87554,17,1,Player 2: red,ai,Crewmate,VOTE_INFLUENCE,
web_0e06e8c994ea48e18e52eadb834f8a73,87902,57,2,Player 2: red,ai,Crewmate,PRE_VOTE,
web_0e06e8c994ea48e18e52eadb834f8a73,87903,57,2,Player 4: purple,ai,Impostor,PRE_VOTE,
web_0e06e8c994ea48e18e52eadb834f8a73,87905,57,2,Player 3: brown,ai,Crewmate,PRE_VOTE,
web_0e06e8c994ea48e18e52eadb834f8a73,88151,57,2,Player 2: red,ai,Crewmate,VOTE,Player 4: purple
web_0e06e8c994ea48e18e52eadb834f8a73,88154,57,2,Player 4: purple,ai,Impostor,VOTE,Player 2: red
web_0e06e8c994ea48e18e52eadb834f8a73,88155,57,2,Player 3: brown,ai,Crewmate,VOTE,
web_0e06e8c994ea48e18e52eadb834f8a73,88158,57,2,Player 2: red,ai,Crewmate,VOTE_INFLUENCE,
web_0e06e8c994ea48e18e52eadb834f8a73,88163,57,2,Player 4: purple,ai,Impostor,VOTE_INFLUENCE,
web_0e06e8c994ea48e18e52eadb834f8a73,88167,57,2,Player 3: brown,ai,Crewmate,VOTE_INFLUENCE,
web_0e4e3e799f354317876855ca0a71a4a9,56660,39,1,White,human,Crewmate,PRE_VOTE,Player 3: yellow
web_0e4e3e799f354317876855ca0a71a4a9,56661,39,1,Player 3: yellow,ai,Impostor,PRE_VOTE,
web_0e4e3e799f354317876855ca0a71a4a9,56666,39,1,Blue,human,Crewmate,PRE_VOTE,Player 3: yellow
web_0e4e3e799f354317876855ca0a71a4a9,56797,39,1,Player 3: yellow,ai,Impostor,VOTE,
web_0e4e3e799f354317876855ca0a71a4a9,56801,39,1,Player 3: yellow,ai,Impostor,VOTE_INFLUENCE,
web_0e4e3e799f354317876855ca0a71a4a9,56803,39,1,White,human,Crewmate,VOTE,Player 3: yellow
web_0e4e3e799f354317876855ca0a71a4a9,56811,39,1,White,human,Crewmate,VOTE_INFLUENCE,
web_0e4e3e799f354317876855ca0a71a4a9,56812,39,1,Blue,human,Crewmate,VOTE,Player 3: yellow
web_0e4e3e799f354317876855ca0a71a4a9,56817,39,1,Blue,human,Crewmate,VOTE_INFLUENCE,
web_0e688b7a7e854bfb840cead5f6256604,45700,8,1,Player 3: purple,ai,Impostor,PRE_VOTE,
web_0e688b7a7e854bfb840cead5f6256604,45711,8,1,Yellow,human,Crewmate,PRE_VOTE,Brown
web_0e688b7a7e854bfb840cead5f6256604,45712,8,1,White,human,Crewmate,PRE_VOTE,Yellow
web_0e688b7a7e854bfb840cead5f6256604,45716,8,1,Brown,human,Crewmate,PRE_VOTE,Player 3: purple
web_0e688b7a7e854bfb840cead5f6256604,45737,8,1,Black,human,Crewmate,PRE_VOTE,
web_0e688b7a7e854bfb840cead5f6256604,45910,8,1,Player 3: purple,ai,Impostor,VOTE,
web_0e688b7a7e854bfb840cead5f6256604,45913,8,1,Player 3: purple,ai,Impostor,VOTE_INFLUENCE,
web_0e688b7a7e854bfb840cead5f6256604,45917,8,1,White,human,Crewmate,VOTE,Yellow
web_0e688b7a7e854bfb840cead5f6256604,45919,8,1,Yellow,human,Crewmate,VOTE,Player 3: purple
web_0e688b7a7e854bfb840cead5f6256604,45939,8,1,Brown,human,Crewmate,VOTE,Player 3: purple
web_0e688b7a7e854bfb840cead5f6256604,45942,8,1,White,human,Crewmate,VOTE_INFLUENCE,
web_0e688b7a7e854bfb840cead5f6256604,45944,8,1,Yellow,human,Crewmate,VOTE_INFLUENCE,
web_0e688b7a7e854bfb840cead5f6256604,45945,8,1,Black,human,Crewmate,VOTE,Yellow
web_0e688b7a7e854bfb840cead5f6256604,45969,8,1,Black,human,Crewmate,VOTE_INFLUENCE,
web_0e688b7a7e854bfb840cead5f6256604,45971,8,1,Brown,human,Crewmate,VOTE_INFLUENCE,
web_0e688b7a7e854bfb840cead5f6256604,46025,20,2,Player 3: purple,ai,Impostor,PRE_VOTE,
web_0e688b7a7e854bfb840cead5f6256604,46026,20,2,Yellow,human,Crewmate,PRE_VOTE,White
web_0e688b7a7e854bfb840cead5f6256604,46029,20,2,Brown,human,Crewmate,PRE_VOTE,
web_0e688b7a7e854bfb840cead5f6256604,46031,20,2,White,human,Crewmate,PRE_VOTE,
web_0e688b7a7e854bfb840cead5f6256604,46165,20,2,Player 3: purple,ai,Impostor,VOTE,
web_0e688b7a7e854bfb840cead5f6256604,46172,20,2,Player 3: purple,ai,Impostor,VOTE_INFLUENCE,
web_0e688b7a7e854bfb840cead5f6256604,46173,20,2,White,human,Crewmate,VOTE,Yellow
web_0e688b7a7e854bfb840cead5f6256604,46179,20,2,Yellow,human,Crewmate,VOTE,Player 3: purple
web_0e688b7a7e854bfb840cead5f6256604,46182,20,2,White,human,Crewmate,VOTE_INFLUENCE,
web_0e688b7a7e854bfb840cead5f6256604,46190,20,2,Yellow,human,Crewmate,VOTE_INFLUENCE,
web_0e688b7a7e854bfb840cead5f6256604,46197,20,2,Brown,human,Crewmate,VOTE_INFLUENCE,
web_0e688b7a7e854bfb840cead5f6256604,46201,20,2,Brown,human,Crewmate,VOTE,
web_0e744702025548be942b17059970cd2b,14082,22,1,Player 5: yellow,ai,Crewmate,PRE_VOTE,Player 3: orange
web_0e744702025548be942b17059970cd2b,14084,22,1,Player 2: red,ai,Crewmate,PRE_VOTE,
web_0e744702025548be942b17059970cd2b,14087,22,1,Player 4: brown,ai,Crewmate,PRE_VOTE,Player 3: orange
web_0e744702025548be942b17059970cd2b,14088,22,1,Player 3: orange,ai,Impostor,PRE_VOTE,
web_0e744702025548be942b17059970cd2b,14220,22,1,Player 3: orange,ai,Impostor,VOTE,Player 5: yellow
web_0e744702025548be942b17059970cd2b,14222,22,1,Player 4: brown,ai,Crewmate,VOTE,Player 3: orange
web_0e744702025548be942b17059970cd2b,14224,22,1,Player 5: yellow,ai,Crewmate,VOTE,Player 3: orange
web_0e744702025548be942b17059970cd2b,14225,22,1,Player 2: red,ai,Crewmate,VOTE,Player 3: orange
web_0e744702025548be942b17059970cd2b,14226,22,1,Player 3: orange,ai,Impostor,VOTE_INFLUENCE,
web_0e744702025548be942b17059970cd2b,14229,22,1,Player 4: brown,ai,Crewmate,VOTE_INFLUENCE,
web_0e744702025548be942b17059970cd2b,14230,22,1,Player 2: red,ai,Crewmate,VOTE_INFLUENCE,
web_0e744702025548be942b17059970cd2b,14231,22,1,Player 5: yellow,ai,Crewmate,VOTE_INFLUENCE,
web_0f4a37b0a9514d799995772376e70c4d,69386,53,1,Lime,human,Crewmate,PRE_VOTE,Blue
web_0f4a37b0a9514d799995772376e70c4d,69387,53,1,Player 5: pink,ai,Impostor,PRE_VOTE,
web_0f4a37b0a9514d799995772376e70c4d,69396,53,1,Player 3: black,ai,Crewmate,PRE_VOTE,
web_0f4a37b0a9514d799995772376e70c4d,69402,53,1,Blue,human,Crewmate,PRE_VOTE,
web_0f4a37b0a9514d799995772376e70c4d,69866,53,1,Player 3: black,ai,Crewmate,VOTE,Player 5: pink
web_0f4a37b0a9514d799995772376e70c4d,69869,53,1,Player 5: pink,ai,Impostor,VOTE,
web_0f4a37b0a9514d799995772376e70c4d,69883,53,1,Player 3: black,ai,Crewmate,VOTE_INFLUENCE,
web_0f4a37b0a9514d799995772376e70c4d,69894,53,1,Player 5: pink,ai,Impostor,VOTE_INFLUENCE,
web_0f4a37b0a9514d799995772376e70c4d,69904,53,1,Blue,human,Crewmate,VOTE,Lime
web_0f4a37b0a9514d799995772376e70c4d,69910,53,1,Lime,human,Crewmate,VOTE,Player 5: pink
web_0f4a37b0a9514d799995772376e70c4d,69925,53,1,Lime,human,Crewmate,VOTE_INFLUENCE,
web_0f4a37b0a9514d799995772376e70c4d,69928,53,1,Blue,human,Crewmate,VOTE_INFLUENCE,
web_105381d1443c45c7bfd6d96419bc614a,59952,59,1,Player 5: lime,ai,Impostor,PRE_VOTE,
web_105381d1443c45c7bfd6d96419bc614a,59958,59,1,Orange,human,Crewmate,PRE_VOTE,Green
web_105381d1443c45c7bfd6d96419bc614a,59971,59,1,Green,human,Crewmate,PRE_VOTE,Player 5: lime
web_105381d1443c45c7bfd6d96419bc614a,60256,59,1,Player 5: lime,ai,Impostor,VOTE,Green
web_105381d1443c45c7bfd6d96419bc614a,60261,59,1,Player 5: lime,ai,Impostor,VOTE_INFLUENCE,
web_105381d1443c45c7bfd6d96419bc614a,60271,59,1,Orange,human,Crewmate,VOTE,Green
web_105381d1443c45c7bfd6d96419bc614a,60279,59,1,Green,human,Crewmate,VOTE,Player 5: lime
web_105381d1443c45c7bfd6d96419bc614a,60291,59,1,Orange,human,Crewmate,VOTE_INFLUENCE,
web_105381d1443c45c7bfd6d96419bc614a,60292,59,1,Green,human,Crewmate,VOTE_INFLUENCE,
web_1059c6bd8a14456fbcc42bea759fec4c,48148,3,1,Player 3: red,ai,Crewmate,PRE_VOTE,Pink
web_1059c6bd8a14456fbcc42bea759fec4c,48149,3,1,Green,human,Crewmate,PRE_VOTE,White
web_1059c6bd8a14456fbcc42bea759fec4c,48153,3,1,Black,human,Crewmate,PRE_VOTE,
web_1059c6bd8a14456fbcc42bea759fec4c,48154,3,1,Pink,human,Impostor,PRE_VOTE,Black
web_1059c6bd8a14456fbcc42bea759fec4c,48167,3,1,White,human,Crewmate,PRE_VOTE,Player 3: red
web_1059c6bd8a14456fbcc42bea759fec4c,48388,3,1,Player 3: red,ai,Crewmate,VOTE,Pink
web_1059c6bd8a14456fbcc42bea759fec4c,48395,3,1,Player 3: red,ai,Crewmate,VOTE_INFLUENCE,
web_1059c6bd8a14456fbcc42bea759fec4c,48401,3,1,Black,human,Crewmate,VOTE,Pink
web_1059c6bd8a14456fbcc42bea759fec4c,48406,3,1,White,human,Crewmate,VOTE,Player 3: red
web_1059c6bd8a14456fbcc42bea759fec4c,48416,3,1,Green,human,Crewmate,VOTE,Pink
web_1059c6bd8a14456fbcc42bea759fec4c,48423,3,1,Pink,human,Impostor,VOTE,Black
web_1059c6bd8a14456fbcc42bea759fec4c,48426,3,1,Black,human,Crewmate,VOTE_INFLUENCE,
web_1059c6bd8a14456fbcc42bea759fec4c,48430,3,1,White,human,Crewmate,VOTE_INFLUENCE,
web_1059c6bd8a14456fbcc42bea759fec4c,48440,3,1,Pink,human,Impostor,VOTE_INFLUENCE,
web_1059c6bd8a14456fbcc42bea759fec4c,48447,3,1,Green,human,Crewmate,VOTE_INFLUENCE,
web_10d5fc30bfb94dbb85538c340cbef572,63123,30,1,Player 2: lime,ai,Crewmate,PRE_VOTE,Player 5: yellow
web_10d5fc30bfb94dbb85538c340cbef572,63125,30,1,Player 3: black,ai,Crewmate,PRE_VOTE,Player 5: yellow
web_10d5fc30bfb94dbb85538c340cbef572,63126,30,1,Player 4: green,ai,Crewmate,PRE_VOTE,Player 5: yellow
web_10d5fc30bfb94dbb85538c340cbef572,63127,30,1,Player 5: yellow,ai,Impostor,PRE_VOTE,
web_10d5fc30bfb94dbb85538c340cbef572,63142,30,1,Red,human,Crewmate,PRE_VOTE,Player 2: lime
web_10d5fc30bfb94dbb85538c340cbef572,63323,30,1,Player 3: black,ai,Crewmate,VOTE,Player 5: yellow
web_10d5fc30bfb94dbb85538c340cbef572,63324,30,1,Player 4: green,ai,Crewmate,VOTE,Player 5: yellow
web_10d5fc30bfb94dbb85538c340cbef572,63325,30,1,Player 5: yellow,ai,Impostor,VOTE,Player 3: black
web_10d5fc30bfb94dbb85538c340cbef572,63326,30,1,Player 2: lime,ai,Crewmate,VOTE,Player 5: yellow
web_10d5fc30bfb94dbb85538c340cbef572,63328,30,1,Player 3: black,ai,Crewmate,VOTE_INFLUENCE,
web_10d5fc30bfb94dbb85538c340cbef572,63329,30,1,Player 4: green,ai,Crewmate,VOTE_INFLUENCE,
web_10d5fc30bfb94dbb85538c340cbef572,63333,30,1,Player 5: yellow,ai,Impostor,VOTE_INFLUENCE,
web_10d5fc30bfb94dbb85538c340cbef572,63336,30,1,Player 2: lime,ai,Crewmate,VOTE_INFLUENCE,
web_10d5fc30bfb94dbb85538c340cbef572,63364,30,1,Red,human,Crewmate,VOTE_INFLUENCE,
web_10d5fc30bfb94dbb85538c340cbef572,63365,30,1,Red,human,Crewmate,VOTE,
web_10e5e0447fdd4c6687f784bc468daff5,78478,27,1,Player 5: orange,ai,Crewmate,PRE_VOTE,Player 2: white
web_10e5e0447fdd4c6687f784bc468daff5,78479,27,1,Player 2: white,ai,Impostor,PRE_VOTE,
web_10e5e0447fdd4c6687f784bc468daff5,78481,27,1,Player 4: purple,ai,Crewmate,PRE_VOTE,
web_10e5e0447fdd4c6687f784bc468daff5,78483,27,1,Green,human,Crewmate,PRE_VOTE,
web_10e5e0447fdd4c6687f784bc468daff5,78840,27,1,Player 4: purple,ai,Crewmate,VOTE,
web_10e5e0447fdd4c6687f784bc468daff5,78843,27,1,Player 2: white,ai,Impostor,VOTE,
web_10e5e0447fdd4c6687f784bc468daff5,78844,27,1,Player 5: orange,ai,Crewmate,VOTE,
web_10e5e0447fdd4c6687f784bc468daff5,78863,27,1,Player 5: orange,ai,Crewmate,VOTE_INFLUENCE,
web_10e5e0447fdd4c6687f784bc468daff5,78865,27,1,Player 4: purple,ai,Crewmate,VOTE_INFLUENCE,
web_10e5e0447fdd4c6687f784bc468daff5,78868,27,1,Player 2: white,ai,Impostor,VOTE_INFLUENCE,
web_10e5e0447fdd4c6687f784bc468daff5,78881,27,1,Green,human,Crewmate,VOTE,Player 2: white
web_10e5e0447fdd4c6687f784bc468daff5,78898,27,1,Green,human,Crewmate,VOTE_INFLUENCE,
web_117380a55eab4b1e8eb70c4e5fdf3f06,88520,36,1,Black,human,Crewmate,PRE_VOTE,Orange
web_117380a55eab4b1e8eb70c4e5fdf3f06,88523,36,1,Player 5: pink,ai,Crewmate,PRE_VOTE,
web_117380a55eab4b1e8eb70c4e5fdf3f06,88524,36,1,Orange,human,Impostor,PRE_VOTE,Cyan
web_117380a55eab4b1e8eb70c4e5fdf3f06,88549,36,1,Cyan,human,Crewmate,PRE_VOTE,
web_117380a55eab4b1e8eb70c4e5fdf3f06,88822,36,1,Player 5: pink,ai,Crewmate,VOTE,
web_117380a55eab4b1e8eb70c4e5fdf3f06,88835,36,1,Player 5: pink,ai,Crewmate,VOTE_INFLUENCE,
web_117380a55eab4b1e8eb70c4e5fdf3f06,88837,36,1,Black,human,Crewmate,VOTE,Orange
web_117380a55eab4b1e8eb70c4e5fdf3f06,88841,36,1,Black,human,Crewmate,VOTE_INFLUENCE,
web_117380a55eab4b1e8eb70c4e5fdf3f06,88845,36,1,Orange,human,Impostor,VOTE,Black
web_117380a55eab4b1e8eb70c4e5fdf3f06,88854,36,1,Orange,human,Impostor,VOTE_INFLUENCE,
web_117380a55eab4b1e8eb70c4e5fdf3f06,88871,36,1,Cyan,human,Crewmate,VOTE_INFLUENCE,
web_117380a55eab4b1e8eb70c4e5fdf3f06,88874,36,1,Cyan,human,Crewmate,VOTE,
web_117380a55eab4b1e8eb70c4e5fdf3f06,89217,103,2,Player 5: pink,ai,Crewmate,PRE_VOTE,
web_117380a55eab4b1e8eb70c4e5fdf3f06,89218,103,2,Orange,human,Impostor,PRE_VOTE,Player 5: pink
web_117380a55eab4b1e8eb70c4e5fdf3f06,89219,103,2,Cyan,human,Crewmate,PRE_VOTE,Orange
web_117380a55eab4b1e8eb70c4e5fdf3f06,89261,103,2,Player 5: pink,ai,Crewmate,VOTE,
web_117380a55eab4b1e8eb70c4e5fdf3f06,89266,103,2,Player 5: pink,ai,Crewmate,VOTE_INFLUENCE,
web_117380a55eab4b1e8eb70c4e5fdf3f06,89273,103,2,Orange,human,Impostor,VOTE,Cyan
web_117380a55eab4b1e8eb70c4e5fdf3f06,89275,103,2,Cyan,human,Crewmate,VOTE,Orange
web_117380a55eab4b1e8eb70c4e5fdf3f06,89277,103,2,Orange,human,Impostor,VOTE_INFLUENCE,
web_117380a55eab4b1e8eb70c4e5fdf3f06,89290,103,2,Cyan,human,Crewmate,VOTE_INFLUENCE,
web_11970b35baa74dcd8ab8b8c81cf81f1b,22205,13,1,Blue,human,Crewmate,PRE_VOTE,Cyan
web_11970b35baa74dcd8ab8b8c81cf81f1b,22209,13,1,Cyan,human,Crewmate,PRE_VOTE,Yellow
web_11970b35baa74dcd8ab8b8c81cf81f1b,22210,13,1,Yellow,human,Impostor,PRE_VOTE,Blue
web_11970b35baa74dcd8ab8b8c81cf81f1b,22213,13,1,Purple,human,Crewmate,PRE_VOTE,Yellow
web_11970b35baa74dcd8ab8b8c81cf81f1b,22225,13,1,Green,human,Crewmate,PRE_VOTE,
web_11970b35baa74dcd8ab8b8c81cf81f1b,22434,13,1,Yellow,human,Impostor,VOTE,Purple
web_11970b35baa74dcd8ab8b8c81cf81f1b,22436,13,1,Cyan,human,Crewmate,VOTE,Yellow
web_11970b35baa74dcd8ab8b8c81cf81f1b,22440,13,1,Purple,human,Crewmate,VOTE,Yellow
web_11970b35baa74dcd8ab8b8c81cf81f1b,22444,13,1,Yellow,human,Impostor,VOTE_INFLUENCE,
web_11970b35baa74dcd8ab8b8c81cf81f1b,22445,13,1,Cyan,human,Crewmate,VOTE_INFLUENCE,
web_11970b35baa74dcd8ab8b8c81cf81f1b,22446,13,1,Purple,human,Crewmate,VOTE_INFLUENCE,
web_12844bf2c8db4908a741e445a7909a92,72688,74,1,Player 2: white,ai,Crewmate,PRE_VOTE,
web_12844bf2c8db4908a741e445a7909a92,72690,74,1,Orange,human,Crewmate,PRE_VOTE,Player 4: blue
web_12844bf2c8db4908a741e445a7909a92,72692,74,1,Player 4: blue,ai,Impostor,PRE_VOTE,
web_12844bf2c8db4908a741e445a7909a92,72694,74,1,Yellow,human,Crewmate,PRE_VOTE,Yellow
web_12844bf2c8db4908a741e445a7909a92,73049,74,1,Player 4: blue,ai,Impostor,VOTE,Orange
web_12844bf2c8db4908a741e445a7909a92,73050,74,1,Player 2: white,ai,Crewmate,VOTE,Orange
web_12844bf2c8db4908a741e445a7909a92,73057,74,1,Player 2: white,ai,Crewmate,VOTE_INFLUENCE,
web_12844bf2c8db4908a741e445a7909a92,73058,74,1,Player 4: blue,ai,Impostor,VOTE_INFLUENCE,
web_12844bf2c8db4908a741e445a7909a92,73060,74,1,Orange,human,Crewmate,VOTE,
web_12844bf2c8db4908a741e445a7909a92,73077,74,1,Orange,human,Crewmate,VOTE_INFLUENCE,
web_12844bf2c8db4908a741e445a7909a92,73082,74,1,Yellow,human,Crewmate,VOTE,Player 2: white
web_12844bf2c8db4908a741e445a7909a92,73086,74,1,Yellow,human,Crewmate,VOTE_INFLUENCE,
web_13842f4bc3944c6088fb47c370cccaa3,60664,18,1,Green,human,Crewmate,PRE_VOTE,Brown
web_13842f4bc3944c6088fb47c370cccaa3,60665,18,1,Player 2: pink,ai,Crewmate,PRE_VOTE,
web_13842f4bc3944c6088fb47c370cccaa3,60668,18,1,Brown,human,Impostor,PRE_VOTE,Green
web_13842f4bc3944c6088fb47c370cccaa3,60897,18,1,Player 2: pink,ai,Crewmate,VOTE,
web_13842f4bc3944c6088fb47c370cccaa3,60902,18,1,Player 2: pink,ai,Crewmate,VOTE_INFLUENCE,
web_13842f4bc3944c6088fb47c370cccaa3,60905,18,1,Brown,human,Impostor,VOTE,Green
web_13842f4bc3944c6088fb47c370cccaa3,60912,18,1,Green,human,Crewmate,VOTE,Brown
web_13842f4bc3944c6088fb47c370cccaa3,60916,18,1,Brown,human,Impostor,VOTE_INFLUENCE,
web_13842f4bc3944c6088fb47c370cccaa3,60920,18,1,Green,human,Crewmate,VOTE_INFLUENCE,
web_13842f4bc3944c6088fb47c370cccaa3,61061,36,2,Green,human,Crewmate,PRE_VOTE,Brown
web_13842f4bc3944c6088fb47c370cccaa3,61062,36,2,Player 2: pink,ai,Crewmate,PRE_VOTE,Brown
web_13842f4bc3944c6088fb47c370cccaa3,61066,36,2,Brown,human,Impostor,PRE_VOTE,Green
web_13842f4bc3944c6088fb47c370cccaa3,61326,36,2,Player 2: pink,ai,Crewmate,VOTE,Brown
web_13842f4bc3944c6088fb47c370cccaa3,61329,36,2,Player 2: pink,ai,Crewmate,VOTE_INFLUENCE,
web_13842f4bc3944c6088fb47c370cccaa3,61331,36,2,Brown,human,Impostor,VOTE,Green
web_13842f4bc3944c6088fb47c370cccaa3,61335,36,2,Green,human,Crewmate,VOTE,Brown
web_13842f4bc3944c6088fb47c370cccaa3,61339,36,2,Brown,human,Impostor,VOTE_INFLUENCE,
web_13842f4bc3944c6088fb47c370cccaa3,61340,36,2,Green,human,Crewmate,VOTE_INFLUENCE,
web_1385a22700fb4d0ab2c40dc08373ec98,53573,9,1,Player 5: cyan,ai,Crewmate,PRE_VOTE,
web_1385a22700fb4d0ab2c40dc08373ec98,53580,9,1,Player 4: yellow,ai,Crewmate,PRE_VOTE,
web_1385a22700fb4d0ab2c40dc08373ec98,53581,9,1,Player 3: lime,ai,Impostor,PRE_VOTE,
web_1385a22700fb4d0ab2c40dc08373ec98,53605,9,1,Pink,human,Crewmate,PRE_VOTE,Player 5: cyan
web_1385a22700fb4d0ab2c40dc08373ec98,53625,9,1,Purple,human,Crewmate,PRE_VOTE,Player 3: lime
web_1385a22700fb4d0ab2c40dc08373ec98,54012,9,1,Player 5: cyan,ai,Crewmate,VOTE,Purple
web_1385a22700fb4d0ab2c40dc08373ec98,54014,9,1,Player 4: yellow,ai,Crewmate,VOTE,
web_1385a22700fb4d0ab2c40dc08373ec98,54015,9,1,Player 3: lime,ai,Impostor,VOTE,
web_1385a22700fb4d0ab2c40dc08373ec98,54022,9,1,Player 5: cyan,ai,Crewmate,VOTE_INFLUENCE,
web_1385a22700fb4d0ab2c40dc08373ec98,54027,9,1,Player 3: lime,ai,Impostor,VOTE_INFLUENCE,
web_1385a22700fb4d0ab2c40dc08373ec98,54028,9,1,Player 4: yellow,ai,Crewmate,VOTE_INFLUENCE,
web_1385a22700fb4d0ab2c40dc08373ec98,54048,9,1,Pink,human,Crewmate,VOTE,Purple
web_1385a22700fb4d0ab2c40dc08373ec98,54072,9,1,Purple,human,Crewmate,VOTE,Player 5: cyan
web_1385a22700fb4d0ab2c40dc08373ec98,54096,9,1,Pink,human,Crewmate,VOTE_INFLUENCE,
web_1385a22700fb4d0ab2c40dc08373ec98,54140,9,1,Purple,human,Crewmate,VOTE_INFLUENCE,
web_1385a22700fb4d0ab2c40dc08373ec98,55012,80,2,Player 4: yellow,ai,Crewmate,PRE_VOTE,Player 3: lime
web_1385a22700fb4d0ab2c40dc08373ec98,55021,80,2,Player 3: lime,ai,Impostor,PRE_VOTE,
web_1385a22700fb4d0ab2c40dc08373ec98,55022,80,2,Player 5: cyan,ai,Crewmate,PRE_VOTE,
web_1385a22700fb4d0ab2c40dc08373ec98,55470,80,2,Player 4: yellow,ai,Crewmate,VOTE,Player 3: lime
web_1385a22700fb4d0ab2c40dc08373ec98,55475,80,2,Player 3: lime,ai,Impostor,VOTE,Player 4: yellow
web_1385a22700fb4d0ab2c40dc08373ec98,55481,80,2,Player 5: cyan,ai,Crewmate,VOTE,
web_1385a22700fb4d0ab2c40dc08373ec98,55495,80,2,Player 4: yellow,ai,Crewmate,VOTE_INFLUENCE,
web_1385a22700fb4d0ab2c40dc08373ec98,55500,80,2,Player 3: lime,ai,Impostor,VOTE_INFLUENCE,
web_1385a22700fb4d0ab2c40dc08373ec98,55501,80,2,Player 5: cyan,ai,Crewmate,VOTE_INFLUENCE,
web_13cd10118fc448d29f8d529678e1e15c,9573,22,1,Blue,human,Crewmate,PRE_VOTE,Cyan
web_13cd10118fc448d29f8d529678e1e15c,9578,22,1,White,human,Impostor,PRE_VOTE,
web_13cd10118fc448d29f8d529678e1e15c,9581,22,1,Orange,human,Crewmate,PRE_VOTE,White
web_13cd10118fc448d29f8d529678e1e15c,9597,22,1,Cyan,human,Crewmate,PRE_VOTE,
web_13cd10118fc448d29f8d529678e1e15c,9872,22,1,Cyan,human,Crewmate,VOTE,Orange
web_13cd10118fc448d29f8d529678e1e15c,9875,22,1,Orange,human,Crewmate,VOTE,Cyan
web_13cd10118fc448d29f8d529678e1e15c,9881,22,1,White,human,Impostor,VOTE,Cyan
web_13cd10118fc448d29f8d529678e1e15c,9883,22,1,Blue,human,Crewmate,VOTE,Cyan
web_13cd10118fc448d29f8d529678e1e15c,9887,22,1,Orange,human,Crewmate,VOTE_INFLUENCE,
web_13cd10118fc448d29f8d529678e1e15c,9888,22,1,Cyan,human,Crewmate,VOTE_INFLUENCE,
web_13cd10118fc448d29f8d529678e1e15c,9898,22,1,White,human,Impostor,VOTE_INFLUENCE,
web_13cd10118fc448d29f8d529678e1e15c,9899,22,1,Blue,human,Crewmate,VOTE_INFLUENCE,
web_13cd10118fc448d29f8d529678e1e15c,9932,24,2,Blue,human,Crewmate,PRE_VOTE,White
web_13cd10118fc448d29f8d529678e1e15c,9935,24,2,Orange,human,Crewmate,PRE_VOTE,Orange
web_13cd10118fc448d29f8d529678e1e15c,9938,24,2,White,human,Impostor,PRE_VOTE,
web_13cd10118fc448d29f8d529678e1e15c,10232,24,2,Blue,human,Crewmate,VOTE,White
web_13cd10118fc448d29f8d529678e1e15c,10235,24,2,White,human,Impostor,VOTE,Orange
web_13cd10118fc448d29f8d529678e1e15c,10237,24,2,Orange,human,Crewmate,VOTE,White
web_13cd10118fc448d29f8d529678e1e15c,10265,24,2,Blue,human,Crewmate,VOTE_INFLUENCE,
web_13cd10118fc448d29f8d529678e1e15c,10266,24,2,Orange,human,Crewmate,VOTE_INFLUENCE,
web_13cd10118fc448d29f8d529678e1e15c,10267,24,2,White,human,Impostor,VOTE_INFLUENCE,
web_14fdeccde8f443d0b6b61f553c2e20c7,31802,15,1,Pink,human,Crewmate,PRE_VOTE,
web_14fdeccde8f443d0b6b61f553c2e20c7,31807,15,1,Blue,human,Crewmate,PRE_VOTE,Pink
web_14fdeccde8f443d0b6b61f553c2e20c7,31808,15,1,Black,human,Impostor,PRE_VOTE,Pink
web_14fdeccde8f443d0b6b61f553c2e20c7,31839,15,1,Purple,human,Crewmate,PRE_VOTE,
web_14fdeccde8f443d0b6b61f553c2e20c7,32086,15,1,Black,human,Impostor,VOTE,
web_14fdeccde8f443d0b6b61f553c2e20c7,32095,15,1,Pink,human,Crewmate,VOTE,Black
web_14fdeccde8f443d0b6b61f553c2e20c7,32099,15,1,Pink,human,Crewmate,VOTE_INFLUENCE,
web_14fdeccde8f443d0b6b61f553c2e20c7,32108,15,1,Black,human,Impostor,VOTE_INFLUENCE,
web_16b101e9d1c04b56948e71b6844aa73e,61289,27,1,Player 4: yellow,ai,Crewmate,PRE_VOTE,Player 5: blue
web_16b101e9d1c04b56948e71b6844aa73e,61291,27,1,Black,human,Crewmate,PRE_VOTE,
web_16b101e9d1c04b56948e71b6844aa73e,61293,27,1,Player 5: blue,ai,Impostor,PRE_VOTE,
web_16b101e9d1c04b56948e71b6844aa73e,61309,27,1,Pink,human,Crewmate,PRE_VOTE,
web_16b101e9d1c04b56948e71b6844aa73e,61451,27,1,Player 4: yellow,ai,Crewmate,VOTE,Player 5: blue
web_16b101e9d1c04b56948e71b6844aa73e,61452,27,1,Player 5: blue,ai,Impostor,VOTE,
web_16b101e9d1c04b56948e71b6844aa73e,61455,27,1,Player 5: blue,ai,Impostor,VOTE_INFLUENCE,
web_16b101e9d1c04b56948e71b6844aa73e,61459,27,1,Player 4: yellow,ai,Crewmate,VOTE_INFLUENCE,
web_16b101e9d1c04b56948e71b6844aa73e,61461,27,1,Pink,human,Crewmate,VOTE,Player 4: yellow
web_16b101e9d1c04b56948e71b6844aa73e,61465,27,1,Black,human,Crewmate,VOTE,Player 5: blue
web_16b101e9d1c04b56948e71b6844aa73e,61471,27,1,Pink,human,Crewmate,VOTE_INFLUENCE,
web_16b101e9d1c04b56948e71b6844aa73e,61473,27,1,Black,human,Crewmate,VOTE_INFLUENCE,
web_183dae2c83e84af0be2a65d977d1ae05,62044,37,1,Pink,human,Crewmate,PRE_VOTE,Red
web_183dae2c83e84af0be2a65d977d1ae05,62047,37,1,Player 3: white,ai,Crewmate,PRE_VOTE,
web_183dae2c83e84af0be2a65d977d1ae05,62049,37,1,Player 2: blue,ai,Crewmate,PRE_VOTE,
web_183dae2c83e84af0be2a65d977d1ae05,62066,37,1,Orange,human,Crewmate,PRE_VOTE,Orange
web_183dae2c83e84af0be2a65d977d1ae05,62080,37,1,Red,human,Impostor,PRE_VOTE,
web_183dae2c83e84af0be2a65d977d1ae05,62368,37,1,Player 2: blue,ai,Crewmate,VOTE,
web_183dae2c83e84af0be2a65d977d1ae05,62369,37,1,Player 3: white,ai,Crewmate,VOTE,
web_183dae2c83e84af0be2a65d977d1ae05,62371,37,1,Player 2: blue,ai,Crewmate,VOTE_INFLUENCE,
web_183dae2c83e84af0be2a65d977d1ae05,62374,37,1,Player 3: white,ai,Crewmate,VOTE_INFLUENCE,
web_183dae2c83e84af0be2a65d977d1ae05,62380,37,1,Pink,human,Crewmate,VOTE,Red
web_183dae2c83e84af0be2a65d977d1ae05,62391,37,1,Pink,human,Crewmate,VOTE_INFLUENCE,
web_183dae2c83e84af0be2a65d977d1ae05,62398,37,1,Orange,human,Crewmate,VOTE,Red
web_183dae2c83e84af0be2a65d977d1ae05,62404,37,1,Red,human,Impostor,VOTE,
web_183dae2c83e84af0be2a65d977d1ae05,62412,37,1,Orange,human,Crewmate,VOTE_INFLUENCE,
web_183dae2c83e84af0be2a65d977d1ae05,62431,37,1,Red,human,Impostor,VOTE_INFLUENCE,
web_19195b424f5547d2bede3648e971c602,45122,19,1,Cyan,human,Crewmate,PRE_VOTE,
web_19195b424f5547d2bede3648e971c602,45123,19,1,Player 2: red,ai,Crewmate,PRE_VOTE,
web_19195b424f5547d2bede3648e971c602,45124,19,1,White,human,Crewmate,PRE_VOTE,Player 2: red
web_19195b424f5547d2bede3648e971c602,45131,19,1,Black,human,Impostor,PRE_VOTE,
web_19195b424f5547d2bede3648e971c602,45307,19,1,Player 2: red,ai,Crewmate,VOTE,
web_19195b424f5547d2bede3648e971c602,45322,19,1,Player 2: red,ai,Crewmate,VOTE_INFLUENCE,
web_19195b424f5547d2bede3648e971c602,45323,19,1,White,human,Crewmate,VOTE,Player 2: red
web_19195b424f5547d2bede3648e971c602,45329,19,1,Cyan,human,Crewmate,VOTE,Black
web_19195b424f5547d2bede3648e971c602,45332,19,1,White,human,Crewmate,VOTE_INFLUENCE,
web_19195b424f5547d2bede3648e971c602,45343,19,1,Cyan,human,Crewmate,VOTE_INFLUENCE,
web_19195b424f5547d2bede3648e971c602,45357,19,1,Black,human,Impostor,VOTE,Player 2: red
web_19195b424f5547d2bede3648e971c602,45376,19,1,Black,human,Impostor,VOTE_INFLUENCE,
web_19552c7b324343dcaca5e9ec5935ae0b,44041,34,1,Player 4: blue,ai,Crewmate,PRE_VOTE,
web_19552c7b324343dcaca5e9ec5935ae0b,44042,34,1,Player 3: black,ai,Crewmate,PRE_VOTE,
web_19552c7b324343dcaca5e9ec5935ae0b,44043,34,1,Brown,human,Impostor,PRE_VOTE,Player 4: blue
web_19552c7b324343dcaca5e9ec5935ae0b,44084,34,1,Player 4: blue,ai,Crewmate,VOTE,Brown
web_19552c7b324343dcaca5e9ec5935ae0b,44085,34,1,Player 3: black,ai,Crewmate,VOTE,
web_19552c7b324343dcaca5e9ec5935ae0b,44086,34,1,Player 3: black,ai,Crewmate,VOTE_INFLUENCE,
web_19552c7b324343dcaca5e9ec5935ae0b,44088,34,1,Player 4: blue,ai,Crewmate,VOTE_INFLUENCE,
web_19552c7b324343dcaca5e9ec5935ae0b,44091,34,1,Brown,human,Impostor,VOTE,Player 4: blue
web_19552c7b324343dcaca5e9ec5935ae0b,44093,34,1,Brown,human,Impostor,VOTE_INFLUENCE,
web_197bf743b0004358ae875776df5a7d05,89514,42,1,Player 5: red,ai,Crewmate,PRE_VOTE,
web_197bf743b0004358ae875776df5a7d05,89515,42,1,Player 4: white,ai,Crewmate,PRE_VOTE,
web_197bf743b0004358ae875776df5a7d05,89516,42,1,Pink,human,Impostor,PRE_VOTE,Player 4: white
web_197bf743b0004358ae875776df5a7d05,89517,42,1,Player 3: cyan,ai,Crewmate,PRE_VOTE,
web_197bf743b0004358ae875776df5a7d05,89538,42,1,Player 5: red,ai,Crewmate,VOTE,
web_197bf743b0004358ae875776df5a7d05,89539,42,1,Player 4: white,ai,Crewmate,VOTE,
web_197bf743b0004358ae875776df5a7d05,89540,42,1,Player 3: cyan,ai,Crewmate,VOTE,
web_197bf743b0004358ae875776df5a7d05,89541,42,1,Player 4: white,ai,Crewmate,VOTE_INFLUENCE,
web_197bf743b0004358ae875776df5a7d05,89542,42,1,Player 5: red,ai,Crewmate,VOTE_INFLUENCE,
web_197bf743b0004358ae875776df5a7d05,89543,42,1,Player 3: cyan,ai,Crewmate,VOTE_INFLUENCE,
web_197bf743b0004358ae875776df5a7d05,89544,42,1,Pink,human,Impostor,VOTE,Player 4: white
web_197bf743b0004358ae875776df5a7d05,89546,42,1,Pink,human,Impostor,VOTE_INFLUENCE,
web_1bc2c59a16534010b7a067719684d942,79873,58,1,Player 3: pink,ai,Crewmate,PRE_VOTE,
web_1bc2c59a16534010b7a067719684d942,79882,58,1,Player 4: orange,ai,Crewmate,PRE_VOTE,
web_1bc2c59a16534010b7a067719684d942,79883,58,1,Player 2: blue,ai,Crewmate,PRE_VOTE,
web_1bc2c59a16534010b7a067719684d942,79890,58,1,White,human,Impostor,PRE_VOTE,Player 2: blue
web_1bc2c59a16534010b7a067719684d942,80187,58,1,Player 3: pink,ai,Crewmate,VOTE,
web_1bc2c59a16534010b7a067719684d942,80188,58,1,Player 2: blue,ai,Crewmate,VOTE,
web_1bc2c59a16534010b7a067719684d942,80189,58,1,Player 4: orange,ai,Crewmate,VOTE,
web_1bc2c59a16534010b7a067719684d942,80196,58,1,Player 3: pink,ai,Crewmate,VOTE_INFLUENCE,
web_1bc2c59a16534010b7a067719684d942,80198,58,1,Player 2: blue,ai,Crewmate,VOTE_INFLUENCE,
web_1bc2c59a16534010b7a067719684d942,80200,58,1,Player 4: orange,ai,Crewmate,VOTE_INFLUENCE,
web_1bc2c59a16534010b7a067719684d942,80218,58,1,White,human,Impostor,VOTE,Player 3: pink
web_1bc2c59a16534010b7a067719684d942,80236,58,1,White,human,Impostor,VOTE_INFLUENCE,
web_1cc86dee17b14a37ba4ad2ec7a5857e2,14557,5,1,Orange,human,Crewmate,PRE_VOTE,Cyan
web_1cc86dee17b14a37ba4ad2ec7a5857e2,14558,5,1,Cyan,human,Impostor,PRE_VOTE,
web_1cc86dee17b14a37ba4ad2ec7a5857e2,14559,5,1,Black,human,Crewmate,PRE_VOTE,
web_1cc86dee17b14a37ba4ad2ec7a5857e2,14560,5,1,White,human,Crewmate,PRE_VOTE,Cyan
web_1cc86dee17b14a37ba4ad2ec7a5857e2,14561,5,1,Brown,human,Crewmate,PRE_VOTE,
web_1cc86dee17b14a37ba4ad2ec7a5857e2,14666,5,1,Brown,human,Crewmate,VOTE,
web_1cc86dee17b14a37ba4ad2ec7a5857e2,14668,5,1,Black,human,Crewmate,VOTE,
web_1cc86dee17b14a37ba4ad2ec7a5857e2,14670,5,1,White,human,Crewmate,VOTE,
web_1cc86dee17b14a37ba4ad2ec7a5857e2,14672,5,1,Cyan,human,Impostor,VOTE,
web_1cc86dee17b14a37ba4ad2ec7a5857e2,14674,5,1,Orange,human,Crewmate,VOTE,White
web_1cc86dee17b14a37ba4ad2ec7a5857e2,14676,5,1,Brown,human,Crewmate,VOTE_INFLUENCE,
web_1cc86dee17b14a37ba4ad2ec7a5857e2,14677,5,1,Black,human,Crewmate,VOTE_INFLUENCE,
web_1cc86dee17b14a37ba4ad2ec7a5857e2,14678,5,1,Cyan,human,Impostor,VOTE_INFLUENCE,
web_1cc86dee17b14a37ba4ad2ec7a5857e2,14681,5,1,White,human,Crewmate,VOTE_INFLUENCE,
web_1cc86dee17b14a37ba4ad2ec7a5857e2,14682,5,1,Orange,human,Crewmate,VOTE_INFLUENCE,
web_1cc86dee17b14a37ba4ad2ec7a5857e2,14823,48,2,Brown,human,Crewmate,PRE_VOTE,Cyan
web_1cc86dee17b14a37ba4ad2ec7a5857e2,14824,48,2,Black,human,Crewmate,PRE_VOTE,Cyan
web_1cc86dee17b14a37ba4ad2ec7a5857e2,14830,48,2,Cyan,human,Impostor,PRE_VOTE,
web_1cc86dee17b14a37ba4ad2ec7a5857e2,14835,48,2,Orange,human,Crewmate,PRE_VOTE,
web_1cc86dee17b14a37ba4ad2ec7a5857e2,14951,48,2,Brown,human,Crewmate,VOTE,Cyan
web_1cc86dee17b14a37ba4ad2ec7a5857e2,14959,48,2,Black,human,Crewmate,VOTE,Cyan
web_1cc86dee17b14a37ba4ad2ec7a5857e2,14961,48,2,Orange,human,Crewmate,VOTE,Cyan
web_1cc86dee17b14a37ba4ad2ec7a5857e2,14965,48,2,Cyan,human,Impostor,VOTE,Brown
web_1cc86dee17b14a37ba4ad2ec7a5857e2,14969,48,2,Brown,human,Crewmate,VOTE_INFLUENCE,
web_1cc86dee17b14a37ba4ad2ec7a5857e2,14972,48,2,Orange,human,Crewmate,VOTE_INFLUENCE,
web_1cc86dee17b14a37ba4ad2ec7a5857e2,14973,48,2,Black,human,Crewmate,VOTE_INFLUENCE,
web_1cc86dee17b14a37ba4ad2ec7a5857e2,14976,48,2,Cyan,human,Impostor,VOTE_INFLUENCE,
web_1e40ed2ae7014fc782b85928e60d9d09,72116,48,1,Purple,human,Crewmate,PRE_VOTE,Player 5: lime
web_1e40ed2ae7014fc782b85928e60d9d09,72117,48,1,Player 5: lime,ai,Impostor,PRE_VOTE,
web_1e40ed2ae7014fc782b85928e60d9d09,72118,48,1,Player 4: black,ai,Crewmate,PRE_VOTE,
web_1e40ed2ae7014fc782b85928e60d9d09,72165,48,1,Blue,human,Crewmate,PRE_VOTE,
web_1e40ed2ae7014fc782b85928e60d9d09,72578,48,1,Player 5: lime,ai,Impostor,VOTE,
web_1e40ed2ae7014fc782b85928e60d9d09,72580,48,1,Player 4: black,ai,Crewmate,VOTE,
web_1e40ed2ae7014fc782b85928e60d9d09,72584,48,1,Player 5: lime,ai,Impostor,VOTE_INFLUENCE,
web_1e40ed2ae7014fc782b85928e60d9d09,72591,48,1,Player 4: black,ai,Crewmate,VOTE_INFLUENCE,
web_1e40ed2ae7014fc782b85928e60d9d09,72598,48,1,Purple,human,Crewmate,VOTE,Player 4: black
web_1e40ed2ae7014fc782b85928e60d9d09,72604,48,1,Purple,human,Crewmate,VOTE_INFLUENCE,
web_1e40ed2ae7014fc782b85928e60d9d09,72633,48,1,Blue,human,Crewmate,VOTE_INFLUENCE,
web_1e40ed2ae7014fc782b85928e60d9d09,72634,48,1,Blue,human,Crewmate,VOTE,
web_1e8dcdb90a664c9faaadc7b762c75e28,53251,59,1,Green,human,Crewmate,PRE_VOTE,
web_1e8dcdb90a664c9faaadc7b762c75e28,53260,59,1,Player 4: red,ai,Crewmate,PRE_VOTE,
web_1e8dcdb90a664c9faaadc7b762c75e28,53274,59,1,White,human,Crewmate,PRE_VOTE,
web_1e8dcdb90a664c9faaadc7b762c75e28,53299,59,1,Lime,human,Impostor,PRE_VOTE,White
web_1e8dcdb90a664c9faaadc7b762c75e28,53535,59,1,Player 4: red,ai,Crewmate,VOTE,
web_1e8dcdb90a664c9faaadc7b762c75e28,53538,59,1,Player 4: red,ai,Crewmate,VOTE_INFLUENCE,
web_1e8dcdb90a664c9faaadc7b762c75e28,53545,59,1,Green,human,Crewmate,VOTE,
web_1e8dcdb90a664c9faaadc7b762c75e28,53548,59,1,Lime,human,Impostor,VOTE,
web_1e8dcdb90a664c9faaadc7b762c75e28,53551,59,1,White,human,Crewmate,VOTE,
web_1e8dcdb90a664c9faaadc7b762c75e28,53558,59,1,Green,human,Crewmate,VOTE_INFLUENCE,
web_1e8dcdb90a664c9faaadc7b762c75e28,53559,59,1,White,human,Crewmate,VOTE_INFLUENCE,
web_1e8dcdb90a664c9faaadc7b762c75e28,53574,59,1,Lime,human,Impostor,VOTE_INFLUENCE,
web_1e8dcdb90a664c9faaadc7b762c75e28,53652,69,2,Green,human,Crewmate,PRE_VOTE,Lime
web_1e8dcdb90a664c9faaadc7b762c75e28,53683,69,2,White,human,Crewmate,PRE_VOTE,Green
web_1e8dcdb90a664c9faaadc7b762c75e28,53686,69,2,Lime,human,Impostor,PRE_VOTE,Green
web_1e8dcdb90a664c9faaadc7b762c75e28,54079,69,2,Green,human,Crewmate,VOTE,Lime
web_1e8dcdb90a664c9faaadc7b762c75e28,54086,69,2,Lime,human,Impostor,VOTE,Green
web_1e8dcdb90a664c9faaadc7b762c75e28,54094,69,2,Green,human,Crewmate,VOTE_INFLUENCE,
web_1e8dcdb90a664c9faaadc7b762c75e28,54101,69,2,White,human,Crewmate,VOTE,Green
web_1e8dcdb90a664c9faaadc7b762c75e28,54110,69,2,Lime,human,Impostor,VOTE_INFLUENCE,
web_1e8dcdb90a664c9faaadc7b762c75e28,54125,69,2,White,human,Crewmate,VOTE_INFLUENCE,
web_1f629a94eb4b470eaffa843332921609,33548,3,1,Blue,human,Crewmate,PRE_VOTE,Black
web_1f629a94eb4b470eaffa843332921609,33549,3,1,Cyan,human,Crewmate,PRE_VOTE,
web_1f629a94eb4b470eaffa843332921609,33550,3,1,White,human,Impostor,PRE_VOTE,
web_1f629a94eb4b470eaffa843332921609,33555,3,1,Black,human,Crewmate,PRE_VOTE,Blue
web_1f629a94eb4b470eaffa843332921609,33702,3,1,Blue,human,Crewmate,VOTE,White
web_1f629a94eb4b470eaffa843332921609,33708,3,1,White,human,Impostor,VOTE,Black
web_1f629a94eb4b470eaffa843332921609,33710,3,1,Black,human,Crewmate,VOTE,Blue
web_1f629a94eb4b470eaffa843332921609,33713,3,1,Blue,human,Crewmate,VOTE_INFLUENCE,
web_1f629a94eb4b470eaffa843332921609,33716,3,1,White,human,Impostor,VOTE_INFLUENCE,
web_1f629a94eb4b470eaffa843332921609,33719,3,1,Cyan,human,Crewmate,VOTE,White
web_1f629a94eb4b470eaffa843332921609,33725,3,1,Black,human,Crewmate,VOTE_INFLUENCE,
web_1f629a94eb4b470eaffa843332921609,33728,3,1,Cyan,human,Crewmate,VOTE_INFLUENCE,
web_203693ef3fc44a98b53ef03e4110aa62,38771,64,1,Blue,human,Crewmate,PRE_VOTE,Black
web_203693ef3fc44a98b53ef03e4110aa62,38772,64,1,Player 5: red,ai,Crewmate,PRE_VOTE,
web_203693ef3fc44a98b53ef03e4110aa62,38780,64,1,Pink,human,Impostor,PRE_VOTE,Blue
web_203693ef3fc44a98b53ef03e4110aa62,38783,64,1,Orange,human,Crewmate,PRE_VOTE,
web_203693ef3fc44a98b53ef03e4110aa62,38797,64,1,Black,human,Crewmate,PRE_VOTE,
web_203693ef3fc44a98b53ef03e4110aa62,38991,64,1,Player 5: red,ai,Crewmate,VOTE,
web_203693ef3fc44a98b53ef03e4110aa62,38994,64,1,Player 5: red,ai,Crewmate,VOTE_INFLUENCE,
web_203693ef3fc44a98b53ef03e4110aa62,38999,64,1,Blue,human,Crewmate,VOTE,Orange
web_203693ef3fc44a98b53ef03e4110aa62,39009,64,1,Blue,human,Crewmate,VOTE_INFLUENCE,
web_203693ef3fc44a98b53ef03e4110aa62,39010,64,1,Pink,human,Impostor,VOTE,Blue
web_203693ef3fc44a98b53ef03e4110aa62,39012,64,1,Black,human,Crewmate,VOTE,
web_203693ef3fc44a98b53ef03e4110aa62,39014,64,1,Orange,human,Crewmate,VOTE,
web_203693ef3fc44a98b53ef03e4110aa62,39016,64,1,Pink,human,Impostor,VOTE_INFLUENCE,
web_203693ef3fc44a98b53ef03e4110aa62,39026,64,1,Orange,human,Crewmate,VOTE_INFLUENCE,
web_203693ef3fc44a98b53ef03e4110aa62,39035,64,1,Black,human,Crewmate,VOTE_INFLUENCE,
web_203693ef3fc44a98b53ef03e4110aa62,39655,190,2,Player 5: red,ai,Crewmate,PRE_VOTE,
web_203693ef3fc44a98b53ef03e4110aa62,39656,190,2,Pink,human,Impostor,PRE_VOTE,Black
web_203693ef3fc44a98b53ef03e4110aa62,39658,190,2,Orange,human,Crewmate,PRE_VOTE,Black
web_203693ef3fc44a98b53ef03e4110aa62,39659,190,2,Black,human,Crewmate,PRE_VOTE,Orange
web_203693ef3fc44a98b53ef03e4110aa62,39755,190,2,Player 5: red,ai,Crewmate,VOTE,
web_203693ef3fc44a98b53ef03e4110aa62,39760,190,2,Player 5: red,ai,Crewmate,VOTE_INFLUENCE,
web_203693ef3fc44a98b53ef03e4110aa62,39762,190,2,Pink,human,Impostor,VOTE,Black
web_203693ef3fc44a98b53ef03e4110aa62,39765,190,2,Orange,human,Crewmate,VOTE,Player 5: red
web_203693ef3fc44a98b53ef03e4110aa62,39770,190,2,Orange,human,Crewmate,VOTE_INFLUENCE,
web_203693ef3fc44a98b53ef03e4110aa62,39771,190,2,Pink,human,Impostor,VOTE_INFLUENCE,
web_203693ef3fc44a98b53ef03e4110aa62,39777,190,2,Black,human,Crewmate,VOTE_INFLUENCE,
web_203693ef3fc44a98b53ef03e4110aa62,39778,190,2,Black,human,Crewmate,VOTE,
web_20ae02c96ca04786918d44bc70815ea4,40046,61,1,Player 5: red,ai,Crewmate,PRE_VOTE,Black
web_20ae02c96ca04786918d44bc70815ea4,40047,61,1,Black,human,Impostor,PRE_VOTE,Green
web_20ae02c96ca04786918d44bc70815ea4,40054,61,1,Green,human,Crewmate,PRE_VOTE,
web_20ca69eee57e4770a108f6700a52467f,57927,27,1,Player 2: lime,ai,Crewmate,PRE_VOTE,
web_20ca69eee57e4770a108f6700a52467f,57929,27,1,Player 4: orange,ai,Crewmate,PRE_VOTE,
web_20ca69eee57e4770a108f6700a52467f,57930,27,1,Pink,human,Crewmate,PRE_VOTE,
web_20ca69eee57e4770a108f6700a52467f,57933,27,1,Black,human,Impostor,PRE_VOTE,Player 2: lime
web_20ca69eee57e4770a108f6700a52467f,57938,27,1,Green,human,Crewmate,PRE_VOTE,
web_20ca69eee57e4770a108f6700a52467f,58052,27,1,Player 2: lime,ai,Crewmate,VOTE,
web_20ca69eee57e4770a108f6700a52467f,58054,27,1,Player 4: orange,ai,Crewmate,VOTE,
web_20ca69eee57e4770a108f6700a52467f,58055,27,1,Player 2: lime,ai,Crewmate,VOTE_INFLUENCE,
web_20ca69eee57e4770a108f6700a52467f,58056,27,1,Player 4: orange,ai,Crewmate,VOTE_INFLUENCE,
web_20ca69eee57e4770a108f6700a52467f,58058,27,1,Green,human,Crewmate,VOTE,
web_20ca69eee57e4770a108f6700a52467f,58060,27,1,Pink,human,Crewmate,VOTE,
web_20ca69eee57e4770a108f6700a52467f,58068,27,1,Pink,human,Crewmate,VOTE_INFLUENCE,
web_20ca69eee57e4770a108f6700a52467f,58069,27,1,Green,human,Crewmate,VOTE_INFLUENCE,
web_20ca69eee57e4770a108f6700a52467f,58073,27,1,Black,human,Impostor,VOTE,
web_20ca69eee57e4770a108f6700a52467f,58088,27,1,Black,human,Impostor,VOTE_INFLUENCE,
web_20ca69eee57e4770a108f6700a52467f,58272,68,2,Green,human,Crewmate,PRE_VOTE,
web_20ca69eee57e4770a108f6700a52467f,58277,68,2,Pink,human,Crewmate,PRE_VOTE,
web_20ca69eee57e4770a108f6700a52467f,58279,68,2,Player 4: orange,ai,Crewmate,PRE_VOTE,
web_20ca69eee57e4770a108f6700a52467f,58280,68,2,Player 2: lime,ai,Crewmate,PRE_VOTE,
web_20ca69eee57e4770a108f6700a52467f,58283,68,2,Black,human,Impostor,PRE_VOTE,
web_20ca69eee57e4770a108f6700a52467f,58451,68,2,Player 2: lime,ai,Crewmate,VOTE,
web_20ca69eee57e4770a108f6700a52467f,58452,68,2,Player 4: orange,ai,Crewmate,VOTE,
web_20ca69eee57e4770a108f6700a52467f,58454,68,2,Player 2: lime,ai,Crewmate,VOTE_INFLUENCE,
web_20ca69eee57e4770a108f6700a52467f,58458,68,2,Player 4: orange,ai,Crewmate,VOTE_INFLUENCE,
web_20ca69eee57e4770a108f6700a52467f,58474,68,2,Green,human,Crewmate,VOTE,Player 4: orange
web_20ca69eee57e4770a108f6700a52467f,58479,68,2,Black,human,Impostor,VOTE,Player 2: lime
web_20ca69eee57e4770a108f6700a52467f,58482,68,2,Pink,human,Crewmate,VOTE_INFLUENCE,
web_20ca69eee57e4770a108f6700a52467f,58483,68,2,Green,human,Crewmate,VOTE_INFLUENCE,
web_20ca69eee57e4770a108f6700a52467f,58496,68,2,Black,human,Impostor,VOTE_INFLUENCE,
web_20ca69eee57e4770a108f6700a52467f,58497,68,2,Pink,human,Crewmate,VOTE,
web_21675ff875324cb1959d4d4841368ee5,34529,25,1,Blue,human,Crewmate,PRE_VOTE,Lime
web_21675ff875324cb1959d4d4841368ee5,34530,25,1,Green,human,Crewmate,PRE_VOTE,
web_21675ff875324cb1959d4d4841368ee5,34536,25,1,Lime,human,Impostor,PRE_VOTE,Pink
web_21675ff875324cb1959d4d4841368ee5,34543,25,1,Pink,human,Crewmate,PRE_VOTE,
web_21675ff875324cb1959d4d4841368ee5,34544,25,1,Cyan,human,Crewmate,PRE_VOTE,
web_21675ff875324cb1959d4d4841368ee5,34685,25,1,Lime,human,Impostor,VOTE,Pink
web_21675ff875324cb1959d4d4841368ee5,34693,25,1,Lime,human,Impostor,VOTE_INFLUENCE,
web_21675ff875324cb1959d4d4841368ee5,34694,25,1,Blue,human,Crewmate,VOTE,Lime
web_21675ff875324cb1959d4d4841368ee5,34714,25,1,Blue,human,Crewmate,VOTE_INFLUENCE,
web_21675ff875324cb1959d4d4841368ee5,34722,25,1,Cyan,human,Crewmate,VOTE_INFLUENCE,
web_23add1799bc04d83a17d7432365d2ef9,21696,26,1,Black,human,Crewmate,PRE_VOTE,Cyan
web_23add1799bc04d83a17d7432365d2ef9,21701,26,1,Orange,human,Crewmate,PRE_VOTE,Brown
web_23add1799bc04d83a17d7432365d2ef9,21702,26,1,Cyan,human,Impostor,PRE_VOTE,Black
web_23add1799bc04d83a17d7432365d2ef9,21703,26,1,Pink,human,Crewmate,PRE_VOTE,
web_23add1799bc04d83a17d7432365d2ef9,21707,26,1,Brown,human,Crewmate,PRE_VOTE,
web_23add1799bc04d83a17d7432365d2ef9,21903,26,1,Brown,human,Crewmate,VOTE,Cyan
web_23add1799bc04d83a17d7432365d2ef9,21905,26,1,Orange,human,Crewmate,VOTE,Cyan
web_23add1799bc04d83a17d7432365d2ef9,21907,26,1,Black,human,Crewmate,VOTE,Cyan
web_23add1799bc04d83a17d7432365d2ef9,21911,26,1,Cyan,human,Impostor,VOTE,Black
web_23add1799bc04d83a17d7432365d2ef9,21913,26,1,Pink,human,Crewmate,VOTE,
web_23add1799bc04d83a17d7432365d2ef9,21915,26,1,Brown,human,Crewmate,VOTE_INFLUENCE,
web_23add1799bc04d83a17d7432365d2ef9,21919,26,1,Orange,human,Crewmate,VOTE_INFLUENCE,
web_23add1799bc04d83a17d7432365d2ef9,21922,26,1,Cyan,human,Impostor,VOTE_INFLUENCE,
web_23add1799bc04d83a17d7432365d2ef9,21924,26,1,Black,human,Crewmate,VOTE_INFLUENCE,
web_23add1799bc04d83a17d7432365d2ef9,21928,26,1,Pink,human,Crewmate,VOTE_INFLUENCE,
web_23cf6eec786341328b9059d7f9c26a7a,51526,2,1,Player 5: black,ai,Crewmate,PRE_VOTE,
web_23cf6eec786341328b9059d7f9c26a7a,51534,2,1,Lime,human,Crewmate,PRE_VOTE,Lime
web_23cf6eec786341328b9059d7f9c26a7a,51543,2,1,White,human,Crewmate,PRE_VOTE,
web_23cf6eec786341328b9059d7f9c26a7a,51564,2,1,Brown,human,Impostor,PRE_VOTE,White
web_23cf6eec786341328b9059d7f9c26a7a,51584,2,1,Blue,human,Crewmate,PRE_VOTE,
web_23cf6eec786341328b9059d7f9c26a7a,51877,2,1,Player 5: black,ai,Crewmate,VOTE,
web_23cf6eec786341328b9059d7f9c26a7a,51885,2,1,Player 5: black,ai,Crewmate,VOTE_INFLUENCE,
web_23cf6eec786341328b9059d7f9c26a7a,51892,2,1,Lime,human,Crewmate,VOTE,White
web_23cf6eec786341328b9059d7f9c26a7a,51897,2,1,Lime,human,Crewmate,VOTE_INFLUENCE,
web_23cf6eec786341328b9059d7f9c26a7a,51903,2,1,Brown,human,Impostor,VOTE,Player 5: black
web_23cf6eec786341328b9059d7f9c26a7a,51907,2,1,White,human,Crewmate,VOTE,Lime
web_23cf6eec786341328b9059d7f9c26a7a,51925,2,1,White,human,Crewmate,VOTE_INFLUENCE,
web_23cf6eec786341328b9059d7f9c26a7a,51926,2,1,Blue,human,Crewmate,VOTE,White
web_23cf6eec786341328b9059d7f9c26a7a,51932,2,1,Blue,human,Crewmate,VOTE_INFLUENCE,
web_23cf6eec786341328b9059d7f9c26a7a,51938,2,1,Brown,human,Impostor,VOTE_INFLUENCE,
web_242cee926bb446758a8548f8d51cd069,87522,32,1,Player 5: red,ai,Impostor,PRE_VOTE,
web_242cee926bb446758a8548f8d51cd069,87525,32,1,Player 4: lime,ai,Crewmate,PRE_VOTE,Player 5: red
web_242cee926bb446758a8548f8d51cd069,87526,32,1,Player 3: purple,ai,Crewmate,PRE_VOTE,
web_242cee926bb446758a8548f8d51cd069,87530,32,1,Pink,human,Crewmate,PRE_VOTE,Player 5: red
web_242cee926bb446758a8548f8d51cd069,87894,32,1,Player 4: lime,ai,Crewmate,VOTE,Player 5: red
web_242cee926bb446758a8548f8d51cd069,87898,32,1,Player 5: red,ai,Impostor,VOTE,Player 4: lime
web_242cee926bb446758a8548f8d51cd069,87899,32,1,Player 3: purple,ai,Crewmate,VOTE,
web_242cee926bb446758a8548f8d51cd069,87904,32,1,Player 4: lime,ai,Crewmate,VOTE_INFLUENCE,
web_242cee926bb446758a8548f8d51cd069,87906,32,1,Player 5: red,ai,Impostor,VOTE_INFLUENCE,
web_242cee926bb446758a8548f8d51cd069,87910,32,1,Player 3: purple,ai,Crewmate,VOTE_INFLUENCE,
web_242cee926bb446758a8548f8d51cd069,87914,32,1,Pink,human,Crewmate,VOTE,Player 5: red
web_242cee926bb446758a8548f8d51cd069,87922,32,1,Pink,human,Crewmate,VOTE_INFLUENCE,
web_253b645d851d4543a2451437793aaf9e,40618,20,1,Player 2: blue,ai,Impostor,PRE_VOTE,
web_253b645d851d4543a2451437793aaf9e,40619,20,1,Purple,human,Crewmate,PRE_VOTE,
web_253b645d851d4543a2451437793aaf9e,40621,20,1,Black,human,Crewmate,PRE_VOTE,
web_253b645d851d4543a2451437793aaf9e,40622,20,1,Orange,human,Crewmate,PRE_VOTE,
web_253b645d851d4543a2451437793aaf9e,40862,20,1,Player 2: blue,ai,Impostor,VOTE,
web_253b645d851d4543a2451437793aaf9e,40871,20,1,Player 2: blue,ai,Impostor,VOTE_INFLUENCE,
web_253b645d851d4543a2451437793aaf9e,40879,20,1,Black,human,Crewmate,VOTE,Player 2: blue
web_253b645d851d4543a2451437793aaf9e,40883,20,1,Orange,human,Crewmate,VOTE,
web_253b645d851d4543a2451437793aaf9e,40891,20,1,Black,human,Crewmate,VOTE_INFLUENCE,
web_253b645d851d4543a2451437793aaf9e,40902,20,1,Purple,human,Crewmate,VOTE,Player 2: blue
web_253b645d851d4543a2451437793aaf9e,40909,20,1,Orange,human,Crewmate,VOTE_INFLUENCE,
web_253b645d851d4543a2451437793aaf9e,40930,20,1,Purple,human,Crewmate,VOTE_INFLUENCE,
web_25c49f7e46834fab83343701804cdfec,35051,64,1,Cyan,human,Impostor,PRE_VOTE,
web_25c49f7e46834fab83343701804cdfec,35065,64,1,White,human,Crewmate,PRE_VOTE,Cyan
web_25c49f7e46834fab83343701804cdfec,35068,64,1,Red,human,Crewmate,PRE_VOTE,White
web_25c49f7e46834fab83343701804cdfec,35201,64,1,Cyan,human,Impostor,VOTE,
web_25c49f7e46834fab83343701804cdfec,35203,64,1,Red,human,Crewmate,VOTE,Cyan
web_25c49f7e46834fab83343701804cdfec,35205,64,1,White,human,Crewmate,VOTE,Cyan
web_25c49f7e46834fab83343701804cdfec,35207,64,1,Cyan,human,Impostor,VOTE_INFLUENCE,
web_25c49f7e46834fab83343701804cdfec,35209,64,1,Red,human,Crewmate,VOTE_INFLUENCE,
web_25c49f7e46834fab83343701804cdfec,35210,64,1,White,human,Crewmate,VOTE_INFLUENCE,
web_26044236555a467aaccfd5981a0baf61,80052,91,1,Player 2: blue,ai,Crewmate,PRE_VOTE,
web_26044236555a467aaccfd5981a0baf61,80054,91,1,Player 4: lime,ai,Impostor,PRE_VOTE,
web_26044236555a467aaccfd5981a0baf61,80055,91,1,Player 3: pink,ai,Crewmate,PRE_VOTE,
web_26044236555a467aaccfd5981a0baf61,80060,91,1,Green,human,Crewmate,PRE_VOTE,Player 4: lime
web_26044236555a467aaccfd5981a0baf61,80284,91,1,Player 3: pink,ai,Crewmate,VOTE,Player 4: lime
web_26044236555a467aaccfd5981a0baf61,80292,91,1,Player 2: blue,ai,Crewmate,VOTE,
web_26044236555a467aaccfd5981a0baf61,80293,91,1,Player 4: lime,ai,Impostor,VOTE,
web_26044236555a467aaccfd5981a0baf61,80295,91,1,Player 3: pink,ai,Crewmate,VOTE_INFLUENCE,
web_26044236555a467aaccfd5981a0baf61,80297,91,1,Player 2: blue,ai,Crewmate,VOTE_INFLUENCE,
web_26044236555a467aaccfd5981a0baf61,80299,91,1,Player 4: lime,ai,Impostor,VOTE_INFLUENCE,
web_26044236555a467aaccfd5981a0baf61,80309,91,1,Green,human,Crewmate,VOTE,Player 4: lime
web_26044236555a467aaccfd5981a0baf61,80314,91,1,Green,human,Crewmate,VOTE_INFLUENCE,
web_2626a4380ce4430e996c208d7bbbe98d,41931,18,1,Player 5: blue,ai,Crewmate,PRE_VOTE,
web_2626a4380ce4430e996c208d7bbbe98d,41932,18,1,Player 4: white,ai,Impostor,PRE_VOTE,
web_2626a4380ce4430e996c208d7bbbe98d,41933,18,1,Player 2: yellow,ai,Crewmate,PRE_VOTE,
web_2626a4380ce4430e996c208d7bbbe98d,41987,18,1,Player 2: yellow,ai,Crewmate,VOTE,
web_2626a4380ce4430e996c208d7bbbe98d,41988,18,1,Player 5: blue,ai,Crewmate,VOTE,
web_2626a4380ce4430e996c208d7bbbe98d,41989,18,1,Player 4: white,ai,Impostor,VOTE,
web_2626a4380ce4430e996c208d7bbbe98d,41990,18,1,Player 2: yellow,ai,Crewmate,VOTE_INFLUENCE,
web_2626a4380ce4430e996c208d7bbbe98d,41991,18,1,Player 5: blue,ai,Crewmate,VOTE_INFLUENCE,
web_2626a4380ce4430e996c208d7bbbe98d,41992,18,1,Player 4: white,ai,Impostor,VOTE_INFLUENCE,
web_264591b860d44d5fb4105b3b9832e875,30991,192,1,Red,human,Crewmate,PRE_VOTE,Yellow
web_264591b860d44d5fb4105b3b9832e875,31012,192,1,Lime,human,Crewmate,PRE_VOTE,Red
web_264591b860d44d5fb4105b3b9832e875,31018,192,1,Yellow,human,Impostor,PRE_VOTE,Red
web_264591b860d44d5fb4105b3b9832e875,31042,192,1,Cyan,human,Crewmate,PRE_VOTE,
web_264591b860d44d5fb4105b3b9832e875,31248,192,1,Red,human,Crewmate,VOTE,Yellow
web_264591b860d44d5fb4105b3b9832e875,31250,192,1,Lime,human,Crewmate,VOTE,Red
web_264591b860d44d5fb4105b3b9832e875,31254,192,1,Red,human,Crewmate,VOTE_INFLUENCE,
web_264591b860d44d5fb4105b3b9832e875,31258,192,1,Yellow,human,Impostor,VOTE,Red
web_264591b860d44d5fb4105b3b9832e875,31262,192,1,Lime,human,Crewmate,VOTE_INFLUENCE,
web_264591b860d44d5fb4105b3b9832e875,31265,192,1,Cyan,human,Crewmate,VOTE,Red
web_264591b860d44d5fb4105b3b9832e875,31278,192,1,Yellow,human,Impostor,VOTE_INFLUENCE,
web_264591b860d44d5fb4105b3b9832e875,31319,192,1,Cyan,human,Crewmate,VOTE_INFLUENCE,
web_2748cbda382541b59a1531afe48292c3,41963,10,1,Player 4: yellow,ai,Crewmate,PRE_VOTE,
web_2748cbda382541b59a1531afe48292c3,41964,10,1,Orange,human,Crewmate,PRE_VOTE,
web_2748cbda382541b59a1531afe48292c3,41966,10,1,Lime,human,Impostor,PRE_VOTE,Orange
web_2748cbda382541b59a1531afe48292c3,41967,10,1,Green,human,Crewmate,PRE_VOTE,Player 4: yellow
web_2748cbda382541b59a1531afe48292c3,42032,10,1,Player 4: yellow,ai,Crewmate,VOTE,
web_2748cbda382541b59a1531afe48292c3,42036,10,1,Player 4: yellow,ai,Crewmate,VOTE_INFLUENCE,
web_2748cbda382541b59a1531afe48292c3,42037,10,1,Lime,human,Impostor,VOTE,Orange
web_2748cbda382541b59a1531afe48292c3,42043,10,1,Orange,human,Crewmate,VOTE,Lime
web_2748cbda382541b59a1531afe48292c3,42045,10,1,Lime,human,Impostor,VOTE_INFLUENCE,
web_2748cbda382541b59a1531afe48292c3,42046,10,1,Green,human,Crewmate,VOTE,Orange
web_2748cbda382541b59a1531afe48292c3,42050,10,1,Orange,human,Crewmate,VOTE_INFLUENCE,
web_2748cbda382541b59a1531afe48292c3,42059,10,1,Green,human,Crewmate,VOTE_INFLUENCE,
web_28d47badeb72436fb64be1d2c44012f0,87362,2,1,Player 2: green,ai,Crewmate,PRE_VOTE,Lime
web_28d47badeb72436fb64be1d2c44012f0,87363,2,1,Player 4: brown,ai,Crewmate,PRE_VOTE,Lime
web_28d47badeb72436fb64be1d2c44012f0,87365,2,1,Player 3: red,ai,Crewmate,PRE_VOTE,Lime
web_28d47badeb72436fb64be1d2c44012f0,87366,2,1,Lime,human,Impostor,PRE_VOTE,Player 3: red
web_28d47badeb72436fb64be1d2c44012f0,87739,2,1,Player 3: red,ai,Crewmate,VOTE,Lime
web_28d47badeb72436fb64be1d2c44012f0,87741,2,1,Player 4: brown,ai,Crewmate,VOTE,Lime
web_28d47badeb72436fb64be1d2c44012f0,87743,2,1,Player 2: green,ai,Crewmate,VOTE,Lime
web_28d47badeb72436fb64be1d2c44012f0,87754,2,1,Player 4: brown,ai,Crewmate,VOTE_INFLUENCE,
web_28d47badeb72436fb64be1d2c44012f0,87755,2,1,Player 3: red,ai,Crewmate,VOTE_INFLUENCE,
web_28d47badeb72436fb64be1d2c44012f0,87756,2,1,Player 2: green,ai,Crewmate,VOTE_INFLUENCE,
web_28d47badeb72436fb64be1d2c44012f0,87772,2,1,Lime,human,Impostor,VOTE,Player 3: red
web_28d47badeb72436fb64be1d2c44012f0,87782,2,1,Lime,human,Impostor,VOTE_INFLUENCE,
web_28ffeb6f33ee43eeae17d42fd435e1bd,81594,28,1,Player 2: black,ai,Crewmate,PRE_VOTE,Player 3: pink
web_28ffeb6f33ee43eeae17d42fd435e1bd,81601,28,1,Blue,human,Crewmate,PRE_VOTE,
web_28ffeb6f33ee43eeae17d42fd435e1bd,81602,28,1,Player 4: yellow,ai,Crewmate,PRE_VOTE,
web_28ffeb6f33ee43eeae17d42fd435e1bd,81603,28,1,Player 3: pink,ai,Impostor,PRE_VOTE,
web_28ffeb6f33ee43eeae17d42fd435e1bd,81784,28,1,Player 4: yellow,ai,Crewmate,VOTE,Player 3: pink
web_28ffeb6f33ee43eeae17d42fd435e1bd,81785,28,1,Player 2: black,ai,Crewmate,VOTE,Player 3: pink
web_28ffeb6f33ee43eeae17d42fd435e1bd,81786,28,1,Player 3: pink,ai,Impostor,VOTE,
web_28ffeb6f33ee43eeae17d42fd435e1bd,81788,28,1,Player 2: black,ai,Crewmate,VOTE_INFLUENCE,
web_28ffeb6f33ee43eeae17d42fd435e1bd,81790,28,1,Player 4: yellow,ai,Crewmate,VOTE_INFLUENCE,
web_28ffeb6f33ee43eeae17d42fd435e1bd,81791,28,1,Player 3: pink,ai,Impostor,VOTE_INFLUENCE,
web_28ffeb6f33ee43eeae17d42fd435e1bd,81793,28,1,Blue,human,Crewmate,VOTE,Player 3: pink
web_28ffeb6f33ee43eeae17d42fd435e1bd,81800,28,1,Blue,human,Crewmate,VOTE_INFLUENCE,
web_290dc43a96a04677923997c6dfa7eb38,54858,4,1,Green,human,Crewmate,PRE_VOTE,Cyan
web_290dc43a96a04677923997c6dfa7eb38,54859,4,1,Player 2: pink,ai,Crewmate,PRE_VOTE,
web_290dc43a96a04677923997c6dfa7eb38,54862,4,1,Player 5: black,ai,Crewmate,PRE_VOTE,
web_290dc43a96a04677923997c6dfa7eb38,54867,4,1,Red,human,Impostor,PRE_VOTE,Green
web_290dc43a96a04677923997c6dfa7eb38,54870,4,1,Cyan,human,Crewmate,PRE_VOTE,
web_290dc43a96a04677923997c6dfa7eb38,55303,4,1,Player 2: pink,ai,Crewmate,VOTE,Green
web_290dc43a96a04677923997c6dfa7eb38,55309,4,1,Player 5: black,ai,Crewmate,VOTE,Green
web_290dc43a96a04677923997c6dfa7eb38,55312,4,1,Player 2: pink,ai,Crewmate,VOTE_INFLUENCE,
web_290dc43a96a04677923997c6dfa7eb38,55318,4,1,Player 5: black,ai,Crewmate,VOTE_INFLUENCE,
web_290dc43a96a04677923997c6dfa7eb38,55326,4,1,Green,human,Crewmate,VOTE,Cyan
web_290dc43a96a04677923997c6dfa7eb38,55330,4,1,Red,human,Impostor,VOTE,Green
web_290dc43a96a04677923997c6dfa7eb38,55332,4,1,Cyan,human,Crewmate,VOTE,Green
web_290dc43a96a04677923997c6dfa7eb38,55340,4,1,Green,human,Crewmate,VOTE_INFLUENCE,
web_290dc43a96a04677923997c6dfa7eb38,55347,4,1,Red,human,Impostor,VOTE_INFLUENCE,
web_290dc43a96a04677923997c6dfa7eb38,55360,4,1,Cyan,human,Crewmate,VOTE_INFLUENCE,
web_290dc43a96a04677923997c6dfa7eb38,56133,92,2,Red,human,Impostor,PRE_VOTE,Player 2: pink
web_290dc43a96a04677923997c6dfa7eb38,56134,92,2,Player 2: pink,ai,Crewmate,PRE_VOTE,
web_290dc43a96a04677923997c6dfa7eb38,56144,92,2,Cyan,human,Crewmate,PRE_VOTE,Player 2: pink
web_290dc43a96a04677923997c6dfa7eb38,56357,92,2,Player 2: pink,ai,Crewmate,VOTE,Red
web_290dc43a96a04677923997c6dfa7eb38,56369,92,2,Player 2: pink,ai,Crewmate,VOTE_INFLUENCE,
web_290dc43a96a04677923997c6dfa7eb38,56372,92,2,Red,human,Impostor,VOTE,Player 2: pink
web_290dc43a96a04677923997c6dfa7eb38,56374,92,2,Cyan,human,Crewmate,VOTE,Player 2: pink
web_290dc43a96a04677923997c6dfa7eb38,56378,92,2,Red,human,Impostor,VOTE_INFLUENCE,
web_290dc43a96a04677923997c6dfa7eb38,56380,92,2,Cyan,human,Crewmate,VOTE_INFLUENCE,
web_2b74de1879de449b899b1c1e5c0e7b4c,70059,21,1,Player 2: black,ai,Crewmate,PRE_VOTE,Player 4: green
web_2b74de1879de449b899b1c1e5c0e7b4c,70061,21,1,Player 4: green,ai,Impostor,PRE_VOTE,
web_2b74de1879de449b899b1c1e5c0e7b4c,70105,21,1,Purple,human,Crewmate,PRE_VOTE,
web_2b74de1879de449b899b1c1e5c0e7b4c,70126,21,1,Red,human,Crewmate,PRE_VOTE,
web_2b74de1879de449b899b1c1e5c0e7b4c,70465,21,1,Player 4: green,ai,Impostor,VOTE,Player 2: black
web_2b74de1879de449b899b1c1e5c0e7b4c,70473,21,1,Player 2: black,ai,Crewmate,VOTE,
web_2b74de1879de449b899b1c1e5c0e7b4c,70481,21,1,Player 2: black,ai,Crewmate,VOTE_INFLUENCE,
web_2b74de1879de449b899b1c1e5c0e7b4c,70487,21,1,Player 4: green,ai,Impostor,VOTE_INFLUENCE,
web_2b74de1879de449b899b1c1e5c0e7b4c,70513,21,1,Red,human,Crewmate,VOTE,Player 4: green
web_2b74de1879de449b899b1c1e5c0e7b4c,70528,21,1,Red,human,Crewmate,VOTE_INFLUENCE,
web_2b74de1879de449b899b1c1e5c0e7b4c,70534,21,1,Purple,human,Crewmate,VOTE,Player 2: black
web_2b74de1879de449b899b1c1e5c0e7b4c,70555,21,1,Purple,human,Crewmate,VOTE_INFLUENCE,
web_2bbeb647f0894054809f5c92c3a05d94,85956,59,1,Player 2: red,ai,Crewmate,PRE_VOTE,Brown
web_2bbeb647f0894054809f5c92c3a05d94,85961,59,1,Player 3: pink,ai,Crewmate,PRE_VOTE,
web_2bbeb647f0894054809f5c92c3a05d94,85962,59,1,Player 5: black,ai,Crewmate,PRE_VOTE,
web_2bbeb647f0894054809f5c92c3a05d94,85967,59,1,Brown,human,Impostor,PRE_VOTE,Brown
web_2bbeb647f0894054809f5c92c3a05d94,86325,59,1,Player 3: pink,ai,Crewmate,VOTE,Brown
web_2bbeb647f0894054809f5c92c3a05d94,86326,59,1,Player 2: red,ai,Crewmate,VOTE,Brown
web_2bbeb647f0894054809f5c92c3a05d94,86334,59,1,Player 5: black,ai,Crewmate,VOTE,Brown
web_2bbeb647f0894054809f5c92c3a05d94,86335,59,1,Player 2: red,ai,Crewmate,VOTE_INFLUENCE,
web_2bbeb647f0894054809f5c92c3a05d94,86337,59,1,Player 3: pink,ai,Crewmate,VOTE_INFLUENCE,
web_2bbeb647f0894054809f5c92c3a05d94,86347,59,1,Player 5: black,ai,Crewmate,VOTE_INFLUENCE,
web_2bbeb647f0894054809f5c92c3a05d94,86359,59,1,Brown,human,Impostor,VOTE,
web_2bbeb647f0894054809f5c92c3a05d94,86394,59,1,Brown,human,Impostor,VOTE_INFLUENCE,
web_2c0bb89e37c34ebdbd50007e7d456445,72039,29,1,Player 4: brown,ai,Crewmate,PRE_VOTE,Player 2: white
web_2c0bb89e37c34ebdbd50007e7d456445,72042,29,1,Player 5: orange,ai,Crewmate,PRE_VOTE,Player 2: white
web_2c0bb89e37c34ebdbd50007e7d456445,72049,29,1,Player 2: white,ai,Impostor,PRE_VOTE,
web_2c0bb89e37c34ebdbd50007e7d456445,72055,29,1,Red,human,Crewmate,PRE_VOTE,
web_2c0bb89e37c34ebdbd50007e7d456445,72066,29,1,Green,human,Crewmate,PRE_VOTE,Red
web_2c0bb89e37c34ebdbd50007e7d456445,72466,29,1,Player 4: brown,ai,Crewmate,VOTE,Player 2: white
web_2c0bb89e37c34ebdbd50007e7d456445,72469,29,1,Player 5: orange,ai,Crewmate,VOTE,Player 2: white
web_2c0bb89e37c34ebdbd50007e7d456445,72471,29,1,Player 2: white,ai,Impostor,VOTE,
web_2c0bb89e37c34ebdbd50007e7d456445,72480,29,1,Player 4: brown,ai,Crewmate,VOTE_INFLUENCE,
web_2c0bb89e37c34ebdbd50007e7d456445,72483,29,1,Player 5: orange,ai,Crewmate,VOTE_INFLUENCE,
web_2c0bb89e37c34ebdbd50007e7d456445,72492,29,1,Player 2: white,ai,Impostor,VOTE_INFLUENCE,
web_2c0bb89e37c34ebdbd50007e7d456445,72508,29,1,Red,human,Crewmate,VOTE,Player 2: white
web_2c0bb89e37c34ebdbd50007e7d456445,72522,29,1,Red,human,Crewmate,VOTE_INFLUENCE,
web_2c0bb89e37c34ebdbd50007e7d456445,72540,29,1,Green,human,Crewmate,VOTE,Player 2: white
web_2c0bb89e37c34ebdbd50007e7d456445,72553,29,1,Green,human,Crewmate,VOTE_INFLUENCE,
web_2d8b87f396a046cf8ac0f9a7098dd943,61920,37,1,Green,human,Crewmate,PRE_VOTE,
web_2d8b87f396a046cf8ac0f9a7098dd943,61921,37,1,Player 5: white,ai,Crewmate,PRE_VOTE,
web_2d8b87f396a046cf8ac0f9a7098dd943,61924,37,1,Orange,human,Impostor,PRE_VOTE,Yellow
web_2d8b87f396a046cf8ac0f9a7098dd943,61944,37,1,Yellow,human,Crewmate,PRE_VOTE,
web_2d8b87f396a046cf8ac0f9a7098dd943,62185,37,1,Player 5: white,ai,Crewmate,VOTE,
web_2d8b87f396a046cf8ac0f9a7098dd943,62191,37,1,Player 5: white,ai,Crewmate,VOTE_INFLUENCE,
web_2d8b87f396a046cf8ac0f9a7098dd943,62197,37,1,Green,human,Crewmate,VOTE,Orange
web_2d8b87f396a046cf8ac0f9a7098dd943,62206,37,1,Yellow,human,Crewmate,VOTE,Orange
web_2d8b87f396a046cf8ac0f9a7098dd943,62210,37,1,Orange,human,Impostor,VOTE,Yellow
web_2d8b87f396a046cf8ac0f9a7098dd943,62221,37,1,Yellow,human,Crewmate,VOTE_INFLUENCE,
web_2d8b87f396a046cf8ac0f9a7098dd943,62222,37,1,Green,human,Crewmate,VOTE_INFLUENCE,
web_2d8b87f396a046cf8ac0f9a7098dd943,62235,37,1,Orange,human,Impostor,VOTE_INFLUENCE,
web_2ffb460a513d4a598528e58097a63492,17565,39,1,Yellow,human,Crewmate,PRE_VOTE,Yellow
web_2ffb460a513d4a598528e58097a63492,17568,39,1,Black,human,Crewmate,PRE_VOTE,Yellow
web_2ffb460a513d4a598528e58097a63492,17569,39,1,Brown,human,Crewmate,PRE_VOTE,Black
web_2ffb460a513d4a598528e58097a63492,17570,39,1,Pink,human,Impostor,PRE_VOTE,
web_2ffb460a513d4a598528e58097a63492,17743,39,1,Black,human,Crewmate,VOTE,Pink
web_2ffb460a513d4a598528e58097a63492,17745,39,1,Pink,human,Impostor,VOTE,Black
web_2ffb460a513d4a598528e58097a63492,17750,39,1,Brown,human,Crewmate,VOTE,Yellow
web_2ffb460a513d4a598528e58097a63492,17755,39,1,Yellow,human,Crewmate,VOTE,Pink
web_2ffb460a513d4a598528e58097a63492,17759,39,1,Brown,human,Crewmate,VOTE_INFLUENCE,
web_2ffb460a513d4a598528e58097a63492,17760,39,1,Black,human,Crewmate,VOTE_INFLUENCE,
web_2ffb460a513d4a598528e58097a63492,17761,39,1,Pink,human,Impostor,VOTE_INFLUENCE,
web_2ffb460a513d4a598528e58097a63492,17764,39,1,Yellow,human,Crewmate,VOTE_INFLUENCE,
web_302bacf76f5b47c5a4d5f78d1f91e994,65878,45,1,Blue,human,Impostor,PRE_VOTE,Yellow
web_302bacf76f5b47c5a4d5f78d1f91e994,65879,45,1,Player 4: purple,ai,Crewmate,PRE_VOTE,
web_302bacf76f5b47c5a4d5f78d1f91e994,65886,45,1,Black,human,Crewmate,PRE_VOTE,Blue
web_302bacf76f5b47c5a4d5f78d1f91e994,65895,45,1,Yellow,human,Crewmate,PRE_VOTE,Black
web_302bacf76f5b47c5a4d5f78d1f91e994,66230,45,1,Player 4: purple,ai,Crewmate,VOTE,Black
web_302bacf76f5b47c5a4d5f78d1f91e994,66236,45,1,Player 4: purple,ai,Crewmate,VOTE_INFLUENCE,
web_302bacf76f5b47c5a4d5f78d1f91e994,66255,45,1,Yellow,human,Crewmate,VOTE,Player 4: purple
web_302bacf76f5b47c5a4d5f78d1f91e994,66257,45,1,Blue,human,Impostor,VOTE,Yellow
web_302bacf76f5b47c5a4d5f78d1f91e994,66265,45,1,Black,human,Crewmate,VOTE,Blue
web_302bacf76f5b47c5a4d5f78d1f91e994,66275,45,1,Yellow,human,Crewmate,VOTE_INFLUENCE,
web_302bacf76f5b47c5a4d5f78d1f91e994,66279,45,1,Blue,human,Impostor,VOTE_INFLUENCE,
web_302bacf76f5b47c5a4d5f78d1f91e994,66281,45,1,Black,human,Crewmate,VOTE_INFLUENCE,
web_302bacf76f5b47c5a4d5f78d1f91e994,66331,51,2,Blue,human,Impostor,PRE_VOTE,Yellow
web_302bacf76f5b47c5a4d5f78d1f91e994,66349,51,2,Yellow,human,Crewmate,PRE_VOTE,Blue
web_302bacf76f5b47c5a4d5f78d1f91e994,66382,51,2,Black,human,Crewmate,PRE_VOTE,
web_302bacf76f5b47c5a4d5f78d1f91e994,66777,51,2,Black,human,Crewmate,VOTE,Blue
web_302bacf76f5b47c5a4d5f78d1f91e994,66779,51,2,Blue,human,Impostor,VOTE,Yellow
web_302bacf76f5b47c5a4d5f78d1f91e994,66786,51,2,Blue,human,Impostor,VOTE_INFLUENCE,
web_302bacf76f5b47c5a4d5f78d1f91e994,66787,51,2,Yellow,human,Crewmate,VOTE,Blue
web_302bacf76f5b47c5a4d5f78d1f91e994,66802,51,2,Yellow,human,Crewmate,VOTE_INFLUENCE,
web_302bacf76f5b47c5a4d5f78d1f91e994,66824,51,2,Black,human,Crewmate,VOTE_INFLUENCE,
web_30365cfd943648ef9ed728780ecb885f,61602,47,1,Player 3: orange,ai,Crewmate,PRE_VOTE,Player 4: purple
web_30365cfd943648ef9ed728780ecb885f,61607,47,1,Cyan,human,Crewmate,PRE_VOTE,
web_30365cfd943648ef9ed728780ecb885f,61613,47,1,Player 4: purple,ai,Impostor,PRE_VOTE,
web_30365cfd943648ef9ed728780ecb885f,61614,47,1,Green,human,Crewmate,PRE_VOTE,Cyan
web_30365cfd943648ef9ed728780ecb885f,61763,47,1,Player 4: purple,ai,Impostor,VOTE,Player 3: orange
web_30365cfd943648ef9ed728780ecb885f,61765,47,1,Player 3: orange,ai,Crewmate,VOTE,Player 4: purple
web_30365cfd943648ef9ed728780ecb885f,61773,47,1,Player 4: purple,ai,Impostor,VOTE_INFLUENCE,
web_30365cfd943648ef9ed728780ecb885f,61774,47,1,Player 3: orange,ai,Crewmate,VOTE_INFLUENCE,
web_30365cfd943648ef9ed728780ecb885f,61779,47,1,Green,human,Crewmate,VOTE,Player 4: purple
web_30365cfd943648ef9ed728780ecb885f,61788,47,1,Cyan,human,Crewmate,VOTE,Player 4: purple
web_30365cfd943648ef9ed728780ecb885f,61801,47,1,Green,human,Crewmate,VOTE_INFLUENCE,
web_30365cfd943648ef9ed728780ecb885f,61802,47,1,Cyan,human,Crewmate,VOTE_INFLUENCE,
web_31307f1b38934d168b4fd805987ad34a,43694,1,1,Black,human,Crewmate,PRE_VOTE,Player 4: blue
web_31307f1b38934d168b4fd805987ad34a,43695,1,1,Player 5: pink,ai,Impostor,PRE_VOTE,
web_31307f1b38934d168b4fd805987ad34a,43696,1,1,Player 3: green,ai,Crewmate,PRE_VOTE,
web_31307f1b38934d168b4fd805987ad34a,43697,1,1,Player 4: blue,ai,Crewmate,PRE_VOTE,
web_31307f1b38934d168b4fd805987ad34a,43718,1,1,Cyan,human,Crewmate,PRE_VOTE,
web_31307f1b38934d168b4fd805987ad34a,43755,1,1,Player 5: pink,ai,Impostor,VOTE,
web_31307f1b38934d168b4fd805987ad34a,43756,1,1,Player 3: green,ai,Crewmate,VOTE,
web_31307f1b38934d168b4fd805987ad34a,43757,1,1,Player 4: blue,ai,Crewmate,VOTE,
web_31307f1b38934d168b4fd805987ad34a,43758,1,1,Player 5: pink,ai,Impostor,VOTE_INFLUENCE,
web_31307f1b38934d168b4fd805987ad34a,43759,1,1,Player 4: blue,ai,Crewmate,VOTE_INFLUENCE,
web_31307f1b38934d168b4fd805987ad34a,43760,1,1,Player 3: green,ai,Crewmate,VOTE_INFLUENCE,
web_31307f1b38934d168b4fd805987ad34a,43762,1,1,Cyan,human,Crewmate,VOTE_INFLUENCE,
web_31307f1b38934d168b4fd805987ad34a,43763,1,1,Cyan,human,Crewmate,VOTE,
web_31307f1b38934d168b4fd805987ad34a,43823,26,2,Player 3: green,ai,Crewmate,PRE_VOTE,Player 5: pink
web_31307f1b38934d168b4fd805987ad34a,43824,26,2,Player 4: blue,ai,Crewmate,PRE_VOTE,
web_31307f1b38934d168b4fd805987ad34a,43825,26,2,Player 5: pink,ai,Impostor,PRE_VOTE,
web_31307f1b38934d168b4fd805987ad34a,43924,26,2,Player 3: green,ai,Crewmate,VOTE,Player 5: pink
web_31307f1b38934d168b4fd805987ad34a,43925,26,2,Player 5: pink,ai,Impostor,VOTE,
web_31307f1b38934d168b4fd805987ad34a,43926,26,2,Player 4: blue,ai,Crewmate,VOTE,
web_31307f1b38934d168b4fd805987ad34a,43927,26,2,Player 3: green,ai,Crewmate,VOTE_INFLUENCE,
web_31307f1b38934d168b4fd805987ad34a,43929,26,2,Player 4: blue,ai,Crewmate,VOTE_INFLUENCE,
web_31307f1b38934d168b4fd805987ad34a,43930,26,2,Player 5: pink,ai,Impostor,VOTE_INFLUENCE,
web_3173aaff21bf4898acd0c70fc67301f0,35608,75,1,Purple,human,Impostor,PRE_VOTE,Black
web_3173aaff21bf4898acd0c70fc67301f0,35609,75,1,Green,human,Crewmate,PRE_VOTE,Black
web_3173aaff21bf4898acd0c70fc67301f0,35622,75,1,Black,human,Crewmate,PRE_VOTE,Green
web_3173aaff21bf4898acd0c70fc67301f0,35938,75,1,Black,human,Crewmate,VOTE,Green
web_3173aaff21bf4898acd0c70fc67301f0,35946,75,1,Green,human,Crewmate,VOTE,Black
web_3173aaff21bf4898acd0c70fc67301f0,35949,75,1,Purple,human,Impostor,VOTE,Black
web_3173aaff21bf4898acd0c70fc67301f0,35963,75,1,Black,human,Crewmate,VOTE_INFLUENCE,
web_3173aaff21bf4898acd0c70fc67301f0,35966,75,1,Purple,human,Impostor,VOTE_INFLUENCE,
web_3173aaff21bf4898acd0c70fc67301f0,35967,75,1,Green,human,Crewmate,VOTE_INFLUENCE,
web_317d543acb1741f09d355100da3805ec,71279,10,1,Purple,human,Impostor,PRE_VOTE,Player 2: red
web_317d543acb1741f09d355100da3805ec,71281,10,1,Player 5: brown,ai,Crewmate,PRE_VOTE,Purple
web_317d543acb1741f09d355100da3805ec,71282,10,1,Player 3: pink,ai,Crewmate,PRE_VOTE,Purple
web_317d543acb1741f09d355100da3805ec,71284,10,1,Player 2: red,ai,Crewmate,PRE_VOTE,Purple
web_317d543acb1741f09d355100da3805ec,71290,10,1,Yellow,human,Crewmate,PRE_VOTE,
web_317d543acb1741f09d355100da3805ec,71701,10,1,Player 3: pink,ai,Crewmate,VOTE,Purple
web_317d543acb1741f09d355100da3805ec,71710,10,1,Player 5: brown,ai,Crewmate,VOTE,Purple
web_317d543acb1741f09d355100da3805ec,71712,10,1,Player 2: red,ai,Crewmate,VOTE,Purple
web_317d543acb1741f09d355100da3805ec,71719,10,1,Player 3: pink,ai,Crewmate,VOTE_INFLUENCE,
web_317d543acb1741f09d355100da3805ec,71728,10,1,Player 2: red,ai,Crewmate,VOTE_INFLUENCE,
web_317d543acb1741f09d355100da3805ec,71729,10,1,Player 5: brown,ai,Crewmate,VOTE_INFLUENCE,
web_317d543acb1741f09d355100da3805ec,71736,10,1,Purple,human,Impostor,VOTE,Player 2: red
web_317d543acb1741f09d355100da3805ec,71741,10,1,Yellow,human,Crewmate,VOTE,Purple
web_317d543acb1741f09d355100da3805ec,71767,10,1,Yellow,human,Crewmate,VOTE_INFLUENCE,
web_317d543acb1741f09d355100da3805ec,71770,10,1,Purple,human,Impostor,VOTE_INFLUENCE,
web_32218c82a0684b79b72ae488a30acd45,78963,11,1,Player 4: orange,ai,Crewmate,PRE_VOTE,
web_32218c82a0684b79b72ae488a30acd45,78965,11,1,Black,human,Impostor,PRE_VOTE,
web_32218c82a0684b79b72ae488a30acd45,78967,11,1,Player 5: purple,ai,Crewmate,PRE_VOTE,
web_32218c82a0684b79b72ae488a30acd45,78969,11,1,Player 2: cyan,ai,Crewmate,PRE_VOTE,
web_32218c82a0684b79b72ae488a30acd45,79140,11,1,Player 2: cyan,ai,Crewmate,VOTE,Black
web_32218c82a0684b79b72ae488a30acd45,79142,11,1,Player 5: purple,ai,Crewmate,VOTE,
web_32218c82a0684b79b72ae488a30acd45,79143,11,1,Player 4: orange,ai,Crewmate,VOTE,
web_32218c82a0684b79b72ae488a30acd45,79151,11,1,Player 2: cyan,ai,Crewmate,VOTE_INFLUENCE,
web_32218c82a0684b79b72ae488a30acd45,79152,11,1,Player 5: purple,ai,Crewmate,VOTE_INFLUENCE,
web_32218c82a0684b79b72ae488a30acd45,79154,11,1,Player 4: orange,ai,Crewmate,VOTE_INFLUENCE,
web_32218c82a0684b79b72ae488a30acd45,79164,11,1,Black,human,Impostor,VOTE,
web_32218c82a0684b79b72ae488a30acd45,79176,11,1,Black,human,Impostor,VOTE_INFLUENCE,
web_325f420ce28d4c97858e7a109731237d,68494,29,1,Black,human,Crewmate,PRE_VOTE,Player 5: orange
web_325f420ce28d4c97858e7a109731237d,68495,29,1,Brown,human,Crewmate,PRE_VOTE,Black
web_325f420ce28d4c97858e7a109731237d,68496,29,1,Player 5: orange,ai,Crewmate,PRE_VOTE,
web_325f420ce28d4c97858e7a109731237d,68497,29,1,Player 3: lime,ai,Crewmate,PRE_VOTE,
web_325f420ce28d4c97858e7a109731237d,68507,29,1,Cyan,human,Impostor,PRE_VOTE,Black
web_325f420ce28d4c97858e7a109731237d,68738,29,1,Player 5: orange,ai,Crewmate,VOTE,
web_325f420ce28d4c97858e7a109731237d,68739,29,1,Player 3: lime,ai,Crewmate,VOTE,
web_325f420ce28d4c97858e7a109731237d,68744,29,1,Player 5: orange,ai,Crewmate,VOTE_INFLUENCE,
web_325f420ce28d4c97858e7a109731237d,68746,29,1,Player 3: lime,ai,Crewmate,VOTE_INFLUENCE,
web_325f420ce28d4c97858e7a109731237d,68754,29,1,Black,human,Crewmate,VOTE,Player 5: orange
web_325f420ce28d4c97858e7a109731237d,68758,29,1,Brown,human,Crewmate,VOTE,Black
web_325f420ce28d4c97858e7a109731237d,68762,29,1,Cyan,human,Impostor,VOTE,Black
web_325f420ce28d4c97858e7a109731237d,68772,29,1,Cyan,human,Impostor,VOTE_INFLUENCE,
web_325f420ce28d4c97858e7a109731237d,68774,29,1,Brown,human,Crewmate,VOTE_INFLUENCE,
web_325f420ce28d4c97858e7a109731237d,68782,29,1,Black,human,Crewmate,VOTE_INFLUENCE,
web_329c960e42284ba8894ae9824bcb364d,40524,13,1,Cyan,human,Crewmate,PRE_VOTE,Player 2: pink
web_329c960e42284ba8894ae9824bcb364d,40527,13,1,Player 2: pink,ai,Crewmate,PRE_VOTE,
web_329c960e42284ba8894ae9824bcb364d,40528,13,1,White,human,Crewmate,PRE_VOTE,
web_329c960e42284ba8894ae9824bcb364d,40531,13,1,Yellow,human,Crewmate,PRE_VOTE,Player 2: pink
web_329c960e42284ba8894ae9824bcb364d,40537,13,1,Green,human,Impostor,PRE_VOTE,
web_329c960e42284ba8894ae9824bcb364d,40679,13,1,Player 2: pink,ai,Crewmate,VOTE,
web_329c960e42284ba8894ae9824bcb364d,40688,13,1,Player 2: pink,ai,Crewmate,VOTE_INFLUENCE,
web_329c960e42284ba8894ae9824bcb364d,40690,13,1,Cyan,human,Crewmate,VOTE,White
web_329c960e42284ba8894ae9824bcb364d,40692,13,1,Cyan,human,Crewmate,VOTE_INFLUENCE,
web_329c960e42284ba8894ae9824bcb364d,40693,13,1,Green,human,Impostor,VOTE,
web_329c960e42284ba8894ae9824bcb364d,40698,13,1,Yellow,human,Crewmate,VOTE,Cyan
web_329c960e42284ba8894ae9824bcb364d,40700,13,1,White,human,Crewmate,VOTE,Cyan
web_329c960e42284ba8894ae9824bcb364d,40709,13,1,Green,human,Impostor,VOTE_INFLUENCE,
web_329c960e42284ba8894ae9824bcb364d,40716,13,1,White,human,Crewmate,VOTE_INFLUENCE,
web_329c960e42284ba8894ae9824bcb364d,40729,13,1,Yellow,human,Crewmate,VOTE_INFLUENCE,
web_329c960e42284ba8894ae9824bcb364d,40967,41,2,Green,human,Impostor,PRE_VOTE,
web_329c960e42284ba8894ae9824bcb364d,40971,41,2,Player 2: pink,ai,Crewmate,PRE_VOTE,
web_329c960e42284ba8894ae9824bcb364d,40976,41,2,Yellow,human,Crewmate,PRE_VOTE,
web_329c960e42284ba8894ae9824bcb364d,41096,41,2,Player 2: pink,ai,Crewmate,VOTE,
web_329c960e42284ba8894ae9824bcb364d,41100,41,2,Player 2: pink,ai,Crewmate,VOTE_INFLUENCE,
web_329c960e42284ba8894ae9824bcb364d,41109,41,2,Yellow,human,Crewmate,VOTE,Player 2: pink
web_329c960e42284ba8894ae9824bcb364d,41125,41,2,Yellow,human,Crewmate,VOTE_INFLUENCE,
web_329c960e42284ba8894ae9824bcb364d,41159,41,2,Green,human,Impostor,VOTE_INFLUENCE,
web_329c960e42284ba8894ae9824bcb364d,41161,41,2,Green,human,Impostor,VOTE,
web_338dfe3c980a4f5c89071422bc8c0176,67093,5,1,Player 3: blue,ai,Crewmate,PRE_VOTE,
web_338dfe3c980a4f5c89071422bc8c0176,67096,5,1,Player 2: red,ai,Impostor,PRE_VOTE,
web_338dfe3c980a4f5c89071422bc8c0176,67097,5,1,Pink,human,Crewmate,PRE_VOTE,
web_338dfe3c980a4f5c89071422bc8c0176,67098,5,1,Purple,human,Crewmate,PRE_VOTE,Yellow
web_338dfe3c980a4f5c89071422bc8c0176,67102,5,1,Yellow,human,Crewmate,PRE_VOTE,Pink
web_338dfe3c980a4f5c89071422bc8c0176,67299,5,1,Player 3: blue,ai,Crewmate,VOTE,
web_338dfe3c980a4f5c89071422bc8c0176,67300,5,1,Player 2: red,ai,Impostor,VOTE,
web_338dfe3c980a4f5c89071422bc8c0176,67304,5,1,Player 3: blue,ai,Crewmate,VOTE_INFLUENCE,
web_338dfe3c980a4f5c89071422bc8c0176,67307,5,1,Player 2: red,ai,Impostor,VOTE_INFLUENCE,
web_338dfe3c980a4f5c89071422bc8c0176,67308,5,1,Pink,human,Crewmate,VOTE,
web_338dfe3c980a4f5c89071422bc8c0176,67310,5,1,Yellow,human,Crewmate,VOTE,
web_338dfe3c980a4f5c89071422bc8c0176,67312,5,1,Purple,human,Crewmate,VOTE,
web_338dfe3c980a4f5c89071422bc8c0176,67317,5,1,Purple,human,Crewmate,VOTE_INFLUENCE,
web_338dfe3c980a4f5c89071422bc8c0176,67318,5,1,Yellow,human,Crewmate,VOTE_INFLUENCE,
web_338dfe3c980a4f5c89071422bc8c0176,67319,5,1,Pink,human,Crewmate,VOTE_INFLUENCE,
web_338dfe3c980a4f5c89071422bc8c0176,67720,92,2,Pink,human,Crewmate,PRE_VOTE,Player 2: red
web_338dfe3c980a4f5c89071422bc8c0176,67724,92,2,Player 3: blue,ai,Crewmate,PRE_VOTE,
web_338dfe3c980a4f5c89071422bc8c0176,67725,92,2,Purple,human,Crewmate,PRE_VOTE,Pink
web_338dfe3c980a4f5c89071422bc8c0176,67727,92,2,Player 2: red,ai,Impostor,PRE_VOTE,
web_338dfe3c980a4f5c89071422bc8c0176,67728,92,2,Yellow,human,Crewmate,PRE_VOTE,
web_338dfe3c980a4f5c89071422bc8c0176,67942,92,2,Player 3: blue,ai,Crewmate,VOTE,
web_338dfe3c980a4f5c89071422bc8c0176,67943,92,2,Player 2: red,ai,Impostor,VOTE,
web_338dfe3c980a4f5c89071422bc8c0176,67950,92,2,Player 2: red,ai,Impostor,VOTE_INFLUENCE,
web_338dfe3c980a4f5c89071422bc8c0176,67955,92,2,Player 3: blue,ai,Crewmate,VOTE_INFLUENCE,
web_338dfe3c980a4f5c89071422bc8c0176,67960,92,2,Pink,human,Crewmate,VOTE,Player 2: red
web_338dfe3c980a4f5c89071422bc8c0176,67963,92,2,Purple,human,Crewmate,VOTE,Player 2: red
web_338dfe3c980a4f5c89071422bc8c0176,67965,92,2,Yellow,human,Crewmate,VOTE,Player 2: red
web_338dfe3c980a4f5c89071422bc8c0176,67972,92,2,Purple,human,Crewmate,VOTE_INFLUENCE,
web_338dfe3c980a4f5c89071422bc8c0176,67975,92,2,Yellow,human,Crewmate,VOTE_INFLUENCE,
web_338dfe3c980a4f5c89071422bc8c0176,67979,92,2,Pink,human,Crewmate,VOTE_INFLUENCE,
web_35f0ac811514493da6579397a0d75bfa,68669,3,1,Player 3: black,ai,Impostor,PRE_VOTE,
web_35f0ac811514493da6579397a0d75bfa,68670,3,1,Player 5: orange,ai,Crewmate,PRE_VOTE,
web_35f0ac811514493da6579397a0d75bfa,68671,3,1,Cyan,human,Crewmate,PRE_VOTE,Player 5: orange
web_35f0ac811514493da6579397a0d75bfa,68677,3,1,White,human,Crewmate,PRE_VOTE,Blue
web_35f0ac811514493da6579397a0d75bfa,68698,3,1,Blue,human,Crewmate,PRE_VOTE,
web_35f0ac811514493da6579397a0d75bfa,68941,3,1,Player 5: orange,ai,Crewmate,VOTE,
web_35f0ac811514493da6579397a0d75bfa,68942,3,1,Player 3: black,ai,Impostor,VOTE,
web_35f0ac811514493da6579397a0d75bfa,68944,3,1,Player 3: black,ai,Impostor,VOTE_INFLUENCE,
web_35f0ac811514493da6579397a0d75bfa,68945,3,1,Player 5: orange,ai,Crewmate,VOTE_INFLUENCE,
web_35f0ac811514493da6579397a0d75bfa,68984,3,1,White,human,Crewmate,VOTE,Player 5: orange
web_35f0ac811514493da6579397a0d75bfa,69015,3,1,Blue,human,Crewmate,VOTE_INFLUENCE,
web_35f0ac811514493da6579397a0d75bfa,69018,3,1,White,human,Crewmate,VOTE_INFLUENCE,
web_35f0ac811514493da6579397a0d75bfa,69020,3,1,Blue,human,Crewmate,VOTE,
web_3653019f2c6745eeab0f153a0757ec7f,13313,2,1,Yellow,human,Crewmate,PRE_VOTE,Yellow
web_3653019f2c6745eeab0f153a0757ec7f,13314,2,1,Player 4: purple,ai,Crewmate,PRE_VOTE,Orange
web_3653019f2c6745eeab0f153a0757ec7f,13315,2,1,Player 5: brown,ai,Crewmate,PRE_VOTE,Orange
web_3653019f2c6745eeab0f153a0757ec7f,13316,2,1,Orange,human,Impostor,PRE_VOTE,Orange
web_3653019f2c6745eeab0f153a0757ec7f,13384,2,1,Player 4: purple,ai,Crewmate,VOTE,Orange
web_3653019f2c6745eeab0f153a0757ec7f,13385,2,1,Player 5: brown,ai,Crewmate,VOTE,Orange
web_3653019f2c6745eeab0f153a0757ec7f,13386,2,1,Player 4: purple,ai,Crewmate,VOTE_INFLUENCE,
web_3653019f2c6745eeab0f153a0757ec7f,13388,2,1,Player 5: brown,ai,Crewmate,VOTE_INFLUENCE,
web_3653019f2c6745eeab0f153a0757ec7f,13389,2,1,Yellow,human,Crewmate,VOTE,Orange
web_3653019f2c6745eeab0f153a0757ec7f,13391,2,1,Yellow,human,Crewmate,VOTE_INFLUENCE,
web_3653019f2c6745eeab0f153a0757ec7f,13392,2,1,Orange,human,Impostor,VOTE,Yellow
web_3653019f2c6745eeab0f153a0757ec7f,13394,2,1,Orange,human,Impostor,VOTE_INFLUENCE,
web_37a42c5126b84ac89e1b6c0b91ad6618,41360,27,1,Player 3: green,ai,Crewmate,PRE_VOTE,
web_37a42c5126b84ac89e1b6c0b91ad6618,41362,27,1,Black,human,Crewmate,PRE_VOTE,
web_37a42c5126b84ac89e1b6c0b91ad6618,41363,27,1,Brown,human,Impostor,PRE_VOTE,Player 3: green
web_37a42c5126b84ac89e1b6c0b91ad6618,41513,27,1,Player 3: green,ai,Crewmate,VOTE,
web_37a42c5126b84ac89e1b6c0b91ad6618,41516,27,1,Player 3: green,ai,Crewmate,VOTE_INFLUENCE,
web_37a42c5126b84ac89e1b6c0b91ad6618,41521,27,1,Black,human,Crewmate,VOTE,Brown
web_37a42c5126b84ac89e1b6c0b91ad6618,41529,27,1,Brown,human,Impostor,VOTE_INFLUENCE,
web_37a42c5126b84ac89e1b6c0b91ad6618,41530,27,1,Black,human,Crewmate,VOTE_INFLUENCE,
web_37a42c5126b84ac89e1b6c0b91ad6618,41533,27,1,Brown,human,Impostor,VOTE,
web_37caa0ba8de748319e785b3b797de004,53851,1,1,Brown,human,Crewmate,PRE_VOTE,White
web_37caa0ba8de748319e785b3b797de004,53859,1,1,Player 5: purple,ai,Crewmate,PRE_VOTE,
web_37caa0ba8de748319e785b3b797de004,53873,1,1,Yellow,human,Crewmate,PRE_VOTE,White
web_37caa0ba8de748319e785b3b797de004,53884,1,1,Green,human,Crewmate,PRE_VOTE,White
web_37caa0ba8de748319e785b3b797de004,53887,1,1,White,human,Impostor,PRE_VOTE,Yellow
web_37caa0ba8de748319e785b3b797de004,54356,1,1,Player 5: purple,ai,Crewmate,VOTE,White
web_37caa0ba8de748319e785b3b797de004,54368,1,1,Player 5: purple,ai,Crewmate,VOTE_INFLUENCE,
web_37caa0ba8de748319e785b3b797de004,54373,1,1,Brown,human,Crewmate,VOTE,White
web_37caa0ba8de748319e785b3b797de004,54382,1,1,Yellow,human,Crewmate,VOTE,White
web_37caa0ba8de748319e785b3b797de004,54389,1,1,Green,human,Crewmate,VOTE,White
web_37caa0ba8de748319e785b3b797de004,54391,1,1,Brown,human,Crewmate,VOTE_INFLUENCE,
web_37caa0ba8de748319e785b3b797de004,54393,1,1,White,human,Impostor,VOTE,Player 5: purple
web_37caa0ba8de748319e785b3b797de004,54414,1,1,White,human,Impostor,VOTE_INFLUENCE,
web_37caa0ba8de748319e785b3b797de004,54426,1,1,Yellow,human,Crewmate,VOTE_INFLUENCE,
web_37caa0ba8de748319e785b3b797de004,54427,1,1,Green,human,Crewmate,VOTE_INFLUENCE,
web_39ed2ee61f73430ba435157704bc1ecd,43109,18,1,White,human,Crewmate,PRE_VOTE,
web_39ed2ee61f73430ba435157704bc1ecd,43110,18,1,Player 3: lime,ai,Crewmate,PRE_VOTE,
web_39ed2ee61f73430ba435157704bc1ecd,43111,18,1,Player 2: blue,ai,Crewmate,PRE_VOTE,
web_39ed2ee61f73430ba435157704bc1ecd,43112,18,1,Player 4: orange,ai,Impostor,PRE_VOTE,
web_39ed2ee61f73430ba435157704bc1ecd,43114,18,1,Player 5: yellow,ai,Crewmate,PRE_VOTE,
web_39ed2ee61f73430ba435157704bc1ecd,43160,18,1,Player 2: blue,ai,Crewmate,VOTE,
web_39ed2ee61f73430ba435157704bc1ecd,43161,18,1,Player 3: lime,ai,Crewmate,VOTE,
web_39ed2ee61f73430ba435157704bc1ecd,43162,18,1,Player 4: orange,ai,Impostor,VOTE,
web_39ed2ee61f73430ba435157704bc1ecd,43163,18,1,Player 5: yellow,ai,Crewmate,VOTE,
web_39ed2ee61f73430ba435157704bc1ecd,43164,18,1,Player 3: lime,ai,Crewmate,VOTE_INFLUENCE,
web_39ed2ee61f73430ba435157704bc1ecd,43167,18,1,Player 2: blue,ai,Crewmate,VOTE_INFLUENCE,
web_39ed2ee61f73430ba435157704bc1ecd,43168,18,1,Player 4: orange,ai,Impostor,VOTE_INFLUENCE,
web_39ed2ee61f73430ba435157704bc1ecd,43169,18,1,Player 5: yellow,ai,Crewmate,VOTE_INFLUENCE,
web_39ed2ee61f73430ba435157704bc1ecd,43464,91,2,Player 4: orange,ai,Impostor,PRE_VOTE,
web_39ed2ee61f73430ba435157704bc1ecd,43465,91,2,Player 5: yellow,ai,Crewmate,PRE_VOTE,
web_39ed2ee61f73430ba435157704bc1ecd,43466,91,2,Player 2: blue,ai,Crewmate,PRE_VOTE,
web_39ed2ee61f73430ba435157704bc1ecd,43545,91,2,Player 5: yellow,ai,Crewmate,VOTE,
web_39ed2ee61f73430ba435157704bc1ecd,43546,91,2,Player 2: blue,ai,Crewmate,VOTE,
web_39ed2ee61f73430ba435157704bc1ecd,43547,91,2,Player 4: orange,ai,Impostor,VOTE,
web_39ed2ee61f73430ba435157704bc1ecd,43549,91,2,Player 5: yellow,ai,Crewmate,VOTE_INFLUENCE,
web_39ed2ee61f73430ba435157704bc1ecd,43551,91,2,Player 2: blue,ai,Crewmate,VOTE_INFLUENCE,
web_39ed2ee61f73430ba435157704bc1ecd,43553,91,2,Player 4: orange,ai,Impostor,VOTE_INFLUENCE,
web_3a5e708ac7544080a9c610fc3645e4d3,11308,8,1,Player 5: white,ai,Impostor,PRE_VOTE,Lime
web_3a5e708ac7544080a9c610fc3645e4d3,11309,8,1,Lime,human,Crewmate,PRE_VOTE,Yellow
web_3a5e708ac7544080a9c610fc3645e4d3,11310,8,1,Orange,human,Crewmate,PRE_VOTE,
web_3a5e708ac7544080a9c610fc3645e4d3,11311,8,1,Yellow,human,Crewmate,PRE_VOTE,
web_3a5e708ac7544080a9c610fc3645e4d3,11312,8,1,Green,human,Crewmate,PRE_VOTE,
web_3a5e708ac7544080a9c610fc3645e4d3,11329,8,1,Player 5: white,ai,Impostor,VOTE,Yellow
web_3a5e708ac7544080a9c610fc3645e4d3,11330,8,1,Player 5: white,ai,Impostor,VOTE_INFLUENCE,
web_3a5e708ac7544080a9c610fc3645e4d3,11331,8,1,Lime,human,Crewmate,VOTE,Yellow
web_3a5e708ac7544080a9c610fc3645e4d3,11333,8,1,Orange,human,Crewmate,VOTE,Yellow
web_3a5e708ac7544080a9c610fc3645e4d3,11335,8,1,Yellow,human,Crewmate,VOTE,Lime
web_3a5e708ac7544080a9c610fc3645e4d3,11337,8,1,Yellow,human,Crewmate,VOTE_INFLUENCE,
web_3a5e708ac7544080a9c610fc3645e4d3,11338,8,1,Lime,human,Crewmate,VOTE_INFLUENCE,
web_3a5e708ac7544080a9c610fc3645e4d3,11339,8,1,Orange,human,Crewmate,VOTE_INFLUENCE,
web_3b9efac22bdb49bb887679ce03e58009,43581,1,1,Blue,human,Crewmate,PRE_VOTE,Red
web_3b9efac22bdb49bb887679ce03e58009,43582,1,1,Player 5: purple,ai,Crewmate,PRE_VOTE,
web_3b9efac22bdb49bb887679ce03e58009,43584,1,1,Player 3: cyan,ai,Crewmate,PRE_VOTE,
web_3b9efac22bdb49bb887679ce03e58009,43585,1,1,Player 4: lime,ai,Crewmate,PRE_VOTE,
web_3b9efac22bdb49bb887679ce03e58009,43588,1,1,Red,human,Impostor,PRE_VOTE,
web_3b9efac22bdb49bb887679ce03e58009,43676,1,1,Player 3: cyan,ai,Crewmate,VOTE,
web_3b9efac22bdb49bb887679ce03e58009,43677,1,1,Player 5: purple,ai,Crewmate,VOTE,
web_3b9efac22bdb49bb887679ce03e58009,43679,1,1,Player 4: lime,ai,Crewmate,VOTE,
web_3b9efac22bdb49bb887679ce03e58009,43682,1,1,Player 3: cyan,ai,Crewmate,VOTE_INFLUENCE,
web_3b9efac22bdb49bb887679ce03e58009,43683,1,1,Player 5: purple,ai,Crewmate,VOTE_INFLUENCE,
web_3b9efac22bdb49bb887679ce03e58009,43684,1,1,Player 4: lime,ai,Crewmate,VOTE_INFLUENCE,
web_3b9efac22bdb49bb887679ce03e58009,43685,1,1,Blue,human,Crewmate,VOTE,Player 3: cyan
web_3b9efac22bdb49bb887679ce03e58009,43687,1,1,Red,human,Impostor,VOTE,
web_3b9efac22bdb49bb887679ce03e58009,43689,1,1,Blue,human,Crewmate,VOTE_INFLUENCE,
web_3b9efac22bdb49bb887679ce03e58009,43699,1,1,Red,human,Impostor,VOTE_INFLUENCE,
web_3b9efac22bdb49bb887679ce03e58009,43721,5,2,Blue,human,Crewmate,PRE_VOTE,Red
web_3b9efac22bdb49bb887679ce03e58009,43725,5,2,Player 4: lime,ai,Crewmate,PRE_VOTE,Blue
web_3b9efac22bdb49bb887679ce03e58009,43726,5,2,Player 5: purple,ai,Crewmate,PRE_VOTE,
web_3b9efac22bdb49bb887679ce03e58009,43727,5,2,Red,human,Impostor,PRE_VOTE,Player 5: purple
web_3ca1860c44304a5c9b8161a30d5880ad,45077,1,1,Player 4: purple,ai,Impostor,PRE_VOTE,
web_3ca1860c44304a5c9b8161a30d5880ad,45080,1,1,Orange,human,Crewmate,PRE_VOTE,
web_3ca1860c44304a5c9b8161a30d5880ad,45089,1,1,Yellow,human,Crewmate,PRE_VOTE,Brown
web_3ca1860c44304a5c9b8161a30d5880ad,45092,1,1,Blue,human,Crewmate,PRE_VOTE,Player 4: purple
web_3ca1860c44304a5c9b8161a30d5880ad,45118,1,1,Brown,human,Crewmate,PRE_VOTE,
web_3ca1860c44304a5c9b8161a30d5880ad,45296,1,1,Player 4: purple,ai,Impostor,VOTE,Yellow
web_3ca1860c44304a5c9b8161a30d5880ad,45298,1,1,Player 4: purple,ai,Impostor,VOTE_INFLUENCE,
web_3ca1860c44304a5c9b8161a30d5880ad,45299,1,1,Orange,human,Crewmate,VOTE,
web_3ca1860c44304a5c9b8161a30d5880ad,45302,1,1,Yellow,human,Crewmate,VOTE,Blue
web_3ca1860c44304a5c9b8161a30d5880ad,45310,1,1,Orange,human,Crewmate,VOTE_INFLUENCE,
web_3ca1860c44304a5c9b8161a30d5880ad,45319,1,1,Blue,human,Crewmate,VOTE,Player 4: purple
web_3ca1860c44304a5c9b8161a30d5880ad,45321,1,1,Yellow,human,Crewmate,VOTE_INFLUENCE,
web_3ca1860c44304a5c9b8161a30d5880ad,45331,1,1,Blue,human,Crewmate,VOTE_INFLUENCE,
web_3ca1860c44304a5c9b8161a30d5880ad,45334,1,1,Brown,human,Crewmate,VOTE_INFLUENCE,
web_3ca1860c44304a5c9b8161a30d5880ad,45337,1,1,Brown,human,Crewmate,VOTE,
web_3ca1860c44304a5c9b8161a30d5880ad,45732,42,2,Yellow,human,Crewmate,PRE_VOTE,
web_3ca1860c44304a5c9b8161a30d5880ad,45733,42,2,Orange,human,Crewmate,PRE_VOTE,Yellow
web_3ca1860c44304a5c9b8161a30d5880ad,45736,42,2,Player 4: purple,ai,Impostor,PRE_VOTE,Blue
web_3ca1860c44304a5c9b8161a30d5880ad,45741,42,2,Blue,human,Crewmate,PRE_VOTE,Yellow
web_3ca1860c44304a5c9b8161a30d5880ad,45916,42,2,Player 4: purple,ai,Impostor,VOTE,
web_3ca1860c44304a5c9b8161a30d5880ad,45921,42,2,Player 4: purple,ai,Impostor,VOTE_INFLUENCE,
web_3ca1860c44304a5c9b8161a30d5880ad,45925,42,2,Yellow,human,Crewmate,VOTE,Blue
web_3ca1860c44304a5c9b8161a30d5880ad,45927,42,2,Orange,human,Crewmate,VOTE,Yellow
web_3ca1860c44304a5c9b8161a30d5880ad,45930,42,2,Blue,human,Crewmate,VOTE,Yellow
web_3ca1860c44304a5c9b8161a30d5880ad,45941,42,2,Yellow,human,Crewmate,VOTE_INFLUENCE,
web_3ca1860c44304a5c9b8161a30d5880ad,45947,42,2,Orange,human,Crewmate,VOTE_INFLUENCE,
web_3ca1860c44304a5c9b8161a30d5880ad,45953,42,2,Blue,human,Crewmate,VOTE_INFLUENCE,
web_3ce4891ef13a42788900b28c4af2e6a8,86515,1,1,Player 2: red,ai,Crewmate,PRE_VOTE,
web_3ce4891ef13a42788900b28c4af2e6a8,86516,1,1,Player 4: lime,ai,Impostor,PRE_VOTE,
web_3ce4891ef13a42788900b28c4af2e6a8,86519,1,1,Player 5: white,ai,Crewmate,PRE_VOTE,
web_3ce4891ef13a42788900b28c4af2e6a8,86520,1,1,Player 3: brown,ai,Crewmate,PRE_VOTE,
web_3ce4891ef13a42788900b28c4af2e6a8,86536,1,1,Purple,human,Crewmate,PRE_VOTE,
web_3ce4891ef13a42788900b28c4af2e6a8,86850,1,1,Player 2: red,ai,Crewmate,VOTE,
web_3ce4891ef13a42788900b28c4af2e6a8,86851,1,1,Player 5: white,ai,Crewmate,VOTE,
web_3ce4891ef13a42788900b28c4af2e6a8,86852,1,1,Player 3: brown,ai,Crewmate,VOTE,
web_3ce4891ef13a42788900b28c4af2e6a8,86858,1,1,Player 4: lime,ai,Impostor,VOTE,
web_3ce4891ef13a42788900b28c4af2e6a8,86867,1,1,Player 5: white,ai,Crewmate,VOTE_INFLUENCE,
web_3ce4891ef13a42788900b28c4af2e6a8,86869,1,1,Player 3: brown,ai,Crewmate,VOTE_INFLUENCE,
web_3ce4891ef13a42788900b28c4af2e6a8,86871,1,1,Player 2: red,ai,Crewmate,VOTE_INFLUENCE,
web_3ce4891ef13a42788900b28c4af2e6a8,86872,1,1,Player 4: lime,ai,Impostor,VOTE_INFLUENCE,
web_3ce4891ef13a42788900b28c4af2e6a8,87642,94,2,Player 3: brown,ai,Crewmate,PRE_VOTE,
web_3ce4891ef13a42788900b28c4af2e6a8,87644,94,2,Player 5: white,ai,Crewmate,PRE_VOTE,
web_3ce4891ef13a42788900b28c4af2e6a8,87646,94,2,Player 4: lime,ai,Impostor,PRE_VOTE,
web_3ce4891ef13a42788900b28c4af2e6a8,87964,94,2,Player 5: white,ai,Crewmate,VOTE,Player 4: lime
web_3ce4891ef13a42788900b28c4af2e6a8,87967,94,2,Player 4: lime,ai,Impostor,VOTE,
web_3ce4891ef13a42788900b28c4af2e6a8,87968,94,2,Player 3: brown,ai,Crewmate,VOTE,
web_3ce4891ef13a42788900b28c4af2e6a8,87974,94,2,Player 5: white,ai,Crewmate,VOTE_INFLUENCE,
web_3ce4891ef13a42788900b28c4af2e6a8,87977,94,2,Player 3: brown,ai,Crewmate,VOTE_INFLUENCE,
web_3ce4891ef13a42788900b28c4af2e6a8,87978,94,2,Player 4: lime,ai,Impostor,VOTE_INFLUENCE,
web_3cf6049c80f644d98bfd6f7d3b34d54b,68914,21,1,Player 5: purple,ai,Crewmate,PRE_VOTE,Lime
web_3cf6049c80f644d98bfd6f7d3b34d54b,68918,21,1,Pink,human,Crewmate,PRE_VOTE,
web_3cf6049c80f644d98bfd6f7d3b34d54b,68919,21,1,Player 3: cyan,ai,Crewmate,PRE_VOTE,
web_3cf6049c80f644d98bfd6f7d3b34d54b,68922,21,1,Lime,human,Impostor,PRE_VOTE,
web_3cf6049c80f644d98bfd6f7d3b34d54b,68940,21,1,White,human,Crewmate,PRE_VOTE,
web_3cf6049c80f644d98bfd6f7d3b34d54b,69418,21,1,Player 5: purple,ai,Crewmate,VOTE,Lime
web_3cf6049c80f644d98bfd6f7d3b34d54b,69424,21,1,Player 3: cyan,ai,Crewmate,VOTE,Lime
web_3cf6049c80f644d98bfd6f7d3b34d54b,69439,21,1,Player 5: purple,ai,Crewmate,VOTE_INFLUENCE,
web_3cf6049c80f644d98bfd6f7d3b34d54b,69440,21,1,Player 3: cyan,ai,Crewmate,VOTE_INFLUENCE,
web_3cf6049c80f644d98bfd6f7d3b34d54b,69449,21,1,White,human,Crewmate,VOTE,Lime
web_3cf6049c80f644d98bfd6f7d3b34d54b,69452,21,1,Pink,human,Crewmate,VOTE,Lime
web_3cf6049c80f644d98bfd6f7d3b34d54b,69456,21,1,Lime,human,Impostor,VOTE,
web_3cf6049c80f644d98bfd6f7d3b34d54b,69468,21,1,White,human,Crewmate,VOTE_INFLUENCE,
web_3cf6049c80f644d98bfd6f7d3b34d54b,69486,21,1,Pink,human,Crewmate,VOTE_INFLUENCE,
web_3cf6049c80f644d98bfd6f7d3b34d54b,69496,21,1,Lime,human,Impostor,VOTE_INFLUENCE,
web_3d2c2f23c818404ea77ceef5ffcf36e1,57347,20,1,Player 4: green,ai,Crewmate,PRE_VOTE,Player 5: cyan
web_3d2c2f23c818404ea77ceef5ffcf36e1,57348,20,1,Player 2: red,ai,Crewmate,PRE_VOTE,Player 5: cyan
web_3d2c2f23c818404ea77ceef5ffcf36e1,57349,20,1,Player 3: black,ai,Crewmate,PRE_VOTE,Player 5: cyan
web_3d2c2f23c818404ea77ceef5ffcf36e1,57350,20,1,Player 5: cyan,ai,Impostor,PRE_VOTE,
web_3d2c2f23c818404ea77ceef5ffcf36e1,57371,20,1,Player 2: red,ai,Crewmate,VOTE,Player 5: cyan
web_3d2c2f23c818404ea77ceef5ffcf36e1,57372,20,1,Player 3: black,ai,Crewmate,VOTE,Player 5: cyan
web_3d2c2f23c818404ea77ceef5ffcf36e1,57373,20,1,Player 4: green,ai,Crewmate,VOTE,Player 5: cyan
web_3d2c2f23c818404ea77ceef5ffcf36e1,57374,20,1,Player 5: cyan,ai,Impostor,VOTE,
web_3d2c2f23c818404ea77ceef5ffcf36e1,57375,20,1,Player 3: black,ai,Crewmate,VOTE_INFLUENCE,
web_3d2c2f23c818404ea77ceef5ffcf36e1,57376,20,1,Player 5: cyan,ai,Impostor,VOTE_INFLUENCE,
web_3d2c2f23c818404ea77ceef5ffcf36e1,57377,20,1,Player 2: red,ai,Crewmate,VOTE_INFLUENCE,
web_3d2c2f23c818404ea77ceef5ffcf36e1,57378,20,1,Player 4: green,ai,Crewmate,VOTE_INFLUENCE,
web_3d4eb5f58e4643be8e7a7193bb518d36,32488,7,1,Cyan,human,Crewmate,PRE_VOTE,Purple
web_3d4eb5f58e4643be8e7a7193bb518d36,32491,7,1,Purple,human,Impostor,PRE_VOTE,Cyan
web_3d4eb5f58e4643be8e7a7193bb518d36,32493,7,1,White,human,Crewmate,PRE_VOTE,Cyan
web_3d4eb5f58e4643be8e7a7193bb518d36,32494,7,1,Blue,human,Crewmate,PRE_VOTE,
web_3d4eb5f58e4643be8e7a7193bb518d36,32666,7,1,Blue,human,Crewmate,VOTE,
web_3d4eb5f58e4643be8e7a7193bb518d36,32672,7,1,White,human,Crewmate,VOTE,Purple
web_3d4eb5f58e4643be8e7a7193bb518d36,32676,7,1,Purple,human,Impostor,VOTE,Cyan
web_3d4eb5f58e4643be8e7a7193bb518d36,32680,7,1,Cyan,human,Crewmate,VOTE,Purple
web_3d4eb5f58e4643be8e7a7193bb518d36,32684,7,1,White,human,Crewmate,VOTE_INFLUENCE,
web_3d4eb5f58e4643be8e7a7193bb518d36,32693,7,1,Purple,human,Impostor,VOTE_INFLUENCE,
web_3d4eb5f58e4643be8e7a7193bb518d36,32694,7,1,Cyan,human,Crewmate,VOTE_INFLUENCE,
web_3d4eb5f58e4643be8e7a7193bb518d36,32703,7,1,Blue,human,Crewmate,VOTE_INFLUENCE,
web_3d7e9eb877f441ba8010a723ee37d2c2,55749,84,1,Player 4: red,ai,Crewmate,PRE_VOTE,
web_3d7e9eb877f441ba8010a723ee37d2c2,55752,84,1,Player 2: orange,ai,Impostor,PRE_VOTE,
web_3d7e9eb877f441ba8010a723ee37d2c2,55779,84,1,Yellow,human,Crewmate,PRE_VOTE,Player 4: red
web_3d7e9eb877f441ba8010a723ee37d2c2,55802,84,1,Brown,human,Crewmate,PRE_VOTE,Yellow
web_3d7e9eb877f441ba8010a723ee37d2c2,56182,84,1,Player 2: orange,ai,Impostor,VOTE,Yellow
web_3d7e9eb877f441ba8010a723ee37d2c2,56183,84,1,Player 4: red,ai,Crewmate,VOTE,Yellow
web_3d7e9eb877f441ba8010a723ee37d2c2,56189,84,1,Player 2: orange,ai,Impostor,VOTE_INFLUENCE,
web_3d7e9eb877f441ba8010a723ee37d2c2,56190,84,1,Player 4: red,ai,Crewmate,VOTE_INFLUENCE,
web_3d7e9eb877f441ba8010a723ee37d2c2,56200,84,1,Brown,human,Crewmate,VOTE,Yellow
web_3d7e9eb877f441ba8010a723ee37d2c2,56203,84,1,Yellow,human,Crewmate,VOTE,Player 4: red
web_3d7e9eb877f441ba8010a723ee37d2c2,56210,84,1,Yellow,human,Crewmate,VOTE_INFLUENCE,
web_3d7e9eb877f441ba8010a723ee37d2c2,56220,84,1,Brown,human,Crewmate,VOTE_INFLUENCE,
web_3dfe6803919c4e86a59083699cfccf35,65497,26,1,Player 5: lime,ai,Crewmate,PRE_VOTE,
web_3dfe6803919c4e86a59083699cfccf35,65499,26,1,Player 4: orange,ai,Impostor,PRE_VOTE,
web_3dfe6803919c4e86a59083699cfccf35,65500,26,1,Brown,human,Crewmate,PRE_VOTE,Cyan
web_3dfe6803919c4e86a59083699cfccf35,65501,26,1,Cyan,human,Crewmate,PRE_VOTE,Brown
web_3dfe6803919c4e86a59083699cfccf35,65807,26,1,Player 5: lime,ai,Crewmate,VOTE,
web_3dfe6803919c4e86a59083699cfccf35,65808,26,1,Player 4: orange,ai,Impostor,VOTE,
web_3dfe6803919c4e86a59083699cfccf35,65823,26,1,Player 4: orange,ai,Impostor,VOTE_INFLUENCE,
web_3dfe6803919c4e86a59083699cfccf35,65824,26,1,Player 5: lime,ai,Crewmate,VOTE_INFLUENCE,
web_3dfe6803919c4e86a59083699cfccf35,65829,26,1,Brown,human,Crewmate,VOTE,Cyan
web_3dfe6803919c4e86a59083699cfccf35,65831,26,1,Cyan,human,Crewmate,VOTE,Brown
web_3dfe6803919c4e86a59083699cfccf35,65842,26,1,Cyan,human,Crewmate,VOTE_INFLUENCE,
web_3dfe6803919c4e86a59083699cfccf35,65845,26,1,Brown,human,Crewmate,VOTE_INFLUENCE,
web_3dfe6803919c4e86a59083699cfccf35,65877,28,2,Brown,human,Crewmate,PRE_VOTE,Cyan
web_3dfe6803919c4e86a59083699cfccf35,65880,28,2,Player 4: orange,ai,Impostor,PRE_VOTE,Brown
web_3dfe6803919c4e86a59083699cfccf35,65883,28,2,Cyan,human,Crewmate,PRE_VOTE,Brown
web_3dfe6803919c4e86a59083699cfccf35,65887,28,2,Player 5: lime,ai,Crewmate,PRE_VOTE,Brown
web_3dfe6803919c4e86a59083699cfccf35,66228,28,2,Player 4: orange,ai,Impostor,VOTE,
web_3dfe6803919c4e86a59083699cfccf35,66229,28,2,Player 5: lime,ai,Crewmate,VOTE,
web_3dfe6803919c4e86a59083699cfccf35,66237,28,2,Player 4: orange,ai,Impostor,VOTE_INFLUENCE,
web_3dfe6803919c4e86a59083699cfccf35,66242,28,2,Player 5: lime,ai,Crewmate,VOTE_INFLUENCE,
web_3dfe6803919c4e86a59083699cfccf35,66248,28,2,Brown,human,Crewmate,VOTE,Cyan
web_3dfe6803919c4e86a59083699cfccf35,66253,28,2,Cyan,human,Crewmate,VOTE,Brown
web_3dfe6803919c4e86a59083699cfccf35,66260,28,2,Brown,human,Crewmate,VOTE_INFLUENCE,
web_3dfe6803919c4e86a59083699cfccf35,66268,28,2,Cyan,human,Crewmate,VOTE_INFLUENCE,
web_3e2bca658e5d4c28a566e434a60056d6,85293,46,1,Player 3: black,ai,Crewmate,PRE_VOTE,Player 4: purple
web_3e2bca658e5d4c28a566e434a60056d6,85294,46,1,Player 4: purple,ai,Impostor,PRE_VOTE,
web_3e2bca658e5d4c28a566e434a60056d6,85299,46,1,Player 5: lime,ai,Crewmate,PRE_VOTE,
web_3e2bca658e5d4c28a566e434a60056d6,85647,46,1,Player 4: purple,ai,Impostor,VOTE,Player 3: black
web_3e2bca658e5d4c28a566e434a60056d6,85648,46,1,Player 5: lime,ai,Crewmate,VOTE,
web_3e2bca658e5d4c28a566e434a60056d6,85651,46,1,Player 3: black,ai,Crewmate,VOTE,
web_3e2bca658e5d4c28a566e434a60056d6,85661,46,1,Player 5: lime,ai,Crewmate,VOTE_INFLUENCE,
web_3e2bca658e5d4c28a566e434a60056d6,85662,46,1,Player 3: black,ai,Crewmate,VOTE_INFLUENCE,
web_3e2bca658e5d4c28a566e434a60056d6,85667,46,1,Player 4: purple,ai,Impostor,VOTE_INFLUENCE,
web_3e5b977320894f5f841a6e9eea51405d,35863,10,1,Green,human,Impostor,PRE_VOTE,Red
web_3e5b977320894f5f841a6e9eea51405d,35866,10,1,Player 5: lime,ai,Crewmate,PRE_VOTE,
web_3e5b977320894f5f841a6e9eea51405d,35871,10,1,Red,human,Crewmate,PRE_VOTE,Player 5: lime
web_3e5b977320894f5f841a6e9eea51405d,35910,10,1,Black,human,Crewmate,PRE_VOTE,
web_3e5b977320894f5f841a6e9eea51405d,36160,10,1,Player 5: lime,ai,Crewmate,VOTE,Green
web_3e5b977320894f5f841a6e9eea51405d,36165,10,1,Player 5: lime,ai,Crewmate,VOTE_INFLUENCE,
web_3e5b977320894f5f841a6e9eea51405d,36176,10,1,Red,human,Crewmate,VOTE,Green
web_3e5b977320894f5f841a6e9eea51405d,36180,10,1,Green,human,Impostor,VOTE,Player 5: lime
web_3e5b977320894f5f841a6e9eea51405d,36188,10,1,Green,human,Impostor,VOTE_INFLUENCE,
web_3e5b977320894f5f841a6e9eea51405d,36191,10,1,Red,human,Crewmate,VOTE_INFLUENCE,
web_3f6746e334a945749aab2caaccc060dc,41003,37,1,Orange,human,Impostor,PRE_VOTE,Lime
web_3f6746e334a945749aab2caaccc060dc,41006,37,1,Player 5: white,ai,Crewmate,PRE_VOTE,
web_3f6746e334a945749aab2caaccc060dc,41009,37,1,Lime,human,Crewmate,PRE_VOTE,
web_3f6746e334a945749aab2caaccc060dc,41135,37,1,Player 5: white,ai,Crewmate,VOTE,
web_3f6746e334a945749aab2caaccc060dc,41142,37,1,Player 5: white,ai,Crewmate,VOTE_INFLUENCE,
web_3f6746e334a945749aab2caaccc060dc,41165,37,1,Orange,human,Impostor,VOTE,Lime
web_3f6746e334a945749aab2caaccc060dc,41167,37,1,Lime,human,Crewmate,VOTE,
web_3f6746e334a945749aab2caaccc060dc,41173,37,1,Orange,human,Impostor,VOTE_INFLUENCE,
web_3f6746e334a945749aab2caaccc060dc,41182,37,1,Lime,human,Crewmate,VOTE_INFLUENCE,
web_3f9af6de5d8847dab7b03f7ababbb90e,70987,3,1,Yellow,human,Crewmate,PRE_VOTE,Cyan
web_3f9af6de5d8847dab7b03f7ababbb90e,70994,3,1,Player 4: blue,ai,Crewmate,PRE_VOTE,
web_3f9af6de5d8847dab7b03f7ababbb90e,70995,3,1,Player 3: lime,ai,Impostor,PRE_VOTE,
web_3f9af6de5d8847dab7b03f7ababbb90e,71004,3,1,Player 5: green,ai,Crewmate,PRE_VOTE,
web_3f9af6de5d8847dab7b03f7ababbb90e,71011,3,1,Cyan,human,Crewmate,PRE_VOTE,Cyan
web_3f9af6de5d8847dab7b03f7ababbb90e,71420,3,1,Player 4: blue,ai,Crewmate,VOTE,
web_3f9af6de5d8847dab7b03f7ababbb90e,71421,3,1,Player 5: green,ai,Crewmate,VOTE,
web_3f9af6de5d8847dab7b03f7ababbb90e,71422,3,1,Player 3: lime,ai,Impostor,VOTE,
web_3f9af6de5d8847dab7b03f7ababbb90e,71427,3,1,Player 4: blue,ai,Crewmate,VOTE_INFLUENCE,
web_3f9af6de5d8847dab7b03f7ababbb90e,71430,3,1,Player 3: lime,ai,Impostor,VOTE_INFLUENCE,
web_3f9af6de5d8847dab7b03f7ababbb90e,71435,3,1,Player 5: green,ai,Crewmate,VOTE_INFLUENCE,
web_3f9af6de5d8847dab7b03f7ababbb90e,71440,3,1,Yellow,human,Crewmate,VOTE,
web_3f9af6de5d8847dab7b03f7ababbb90e,71449,3,1,Yellow,human,Crewmate,VOTE_INFLUENCE,
web_3f9af6de5d8847dab7b03f7ababbb90e,71463,3,1,Cyan,human,Crewmate,VOTE,Player 4: blue
web_3f9af6de5d8847dab7b03f7ababbb90e,71480,3,1,Cyan,human,Crewmate,VOTE_INFLUENCE,
web_3f9af6de5d8847dab7b03f7ababbb90e,72352,84,2,Yellow,human,Crewmate,PRE_VOTE,Cyan
web_3f9af6de5d8847dab7b03f7ababbb90e,72361,84,2,Player 3: lime,ai,Impostor,PRE_VOTE,Cyan
web_3f9af6de5d8847dab7b03f7ababbb90e,72379,84,2,Cyan,human,Crewmate,PRE_VOTE,Cyan
web_3f9af6de5d8847dab7b03f7ababbb90e,72730,84,2,Player 3: lime,ai,Impostor,VOTE,
web_3f9af6de5d8847dab7b03f7ababbb90e,72741,84,2,Player 3: lime,ai,Impostor,VOTE_INFLUENCE,
web_3f9af6de5d8847dab7b03f7ababbb90e,72745,84,2,Yellow,human,Crewmate,VOTE,Cyan
web_3f9af6de5d8847dab7b03f7ababbb90e,72759,84,2,Yellow,human,Crewmate,VOTE_INFLUENCE,
web_3f9af6de5d8847dab7b03f7ababbb90e,72764,84,2,Cyan,human,Crewmate,VOTE,Yellow
web_3f9af6de5d8847dab7b03f7ababbb90e,72776,84,2,Cyan,human,Crewmate,VOTE_INFLUENCE,
web_3fdd5613adab4608adb57115dc084a9b,19716,40,1,Purple,human,Crewmate,PRE_VOTE,Orange
web_3fdd5613adab4608adb57115dc084a9b,19718,40,1,White,human,Crewmate,PRE_VOTE,
web_3fdd5613adab4608adb57115dc084a9b,19721,40,1,Green,human,Crewmate,PRE_VOTE,
web_3fdd5613adab4608adb57115dc084a9b,19725,40,1,Pink,human,Crewmate,PRE_VOTE,
web_3fdd5613adab4608adb57115dc084a9b,19733,40,1,Orange,human,Impostor,PRE_VOTE,Purple
web_3fdd5613adab4608adb57115dc084a9b,19871,40,1,White,human,Crewmate,VOTE,Orange
web_3fdd5613adab4608adb57115dc084a9b,19873,40,1,Purple,human,Crewmate,VOTE,Orange
web_3fdd5613adab4608adb57115dc084a9b,19875,40,1,Orange,human,Impostor,VOTE,White
web_3fdd5613adab4608adb57115dc084a9b,19877,40,1,Pink,human,Crewmate,VOTE,Orange
web_3fdd5613adab4608adb57115dc084a9b,19880,40,1,Green,human,Crewmate,VOTE,Orange
web_3fdd5613adab4608adb57115dc084a9b,19884,40,1,Orange,human,Impostor,VOTE_INFLUENCE,
web_3fdd5613adab4608adb57115dc084a9b,19885,40,1,White,human,Crewmate,VOTE_INFLUENCE,
web_3fdd5613adab4608adb57115dc084a9b,19886,40,1,Purple,human,Crewmate,VOTE_INFLUENCE,
web_3fdd5613adab4608adb57115dc084a9b,19890,40,1,Pink,human,Crewmate,VOTE_INFLUENCE,
web_3fdd5613adab4608adb57115dc084a9b,19891,40,1,Green,human,Crewmate,VOTE_INFLUENCE,
web_40395c1ed89840bba405a1e35d35dc92,67759,10,1,Player 5: brown,ai,Crewmate,PRE_VOTE,
web_40395c1ed89840bba405a1e35d35dc92,67761,10,1,Player 3: orange,ai,Crewmate,PRE_VOTE,
web_40395c1ed89840bba405a1e35d35dc92,67762,10,1,Yellow,human,Impostor,PRE_VOTE,Player 3: orange
web_40395c1ed89840bba405a1e35d35dc92,67763,10,1,Black,human,Crewmate,PRE_VOTE,Blue
web_40395c1ed89840bba405a1e35d35dc92,67766,10,1,Blue,human,Crewmate,PRE_VOTE,Black
web_40395c1ed89840bba405a1e35d35dc92,68012,10,1,Player 3: orange,ai,Crewmate,VOTE,
web_40395c1ed89840bba405a1e35d35dc92,68021,10,1,Player 5: brown,ai,Crewmate,VOTE,
web_40395c1ed89840bba405a1e35d35dc92,68022,10,1,Player 3: orange,ai,Crewmate,VOTE_INFLUENCE,
web_40395c1ed89840bba405a1e35d35dc92,68030,10,1,Player 5: brown,ai,Crewmate,VOTE_INFLUENCE,
web_40395c1ed89840bba405a1e35d35dc92,68034,10,1,Blue,human,Crewmate,VOTE,Yellow
web_40395c1ed89840bba405a1e35d35dc92,68041,10,1,Yellow,human,Impostor,VOTE,
web_40395c1ed89840bba405a1e35d35dc92,68043,10,1,Blue,human,Crewmate,VOTE_INFLUENCE,
web_40395c1ed89840bba405a1e35d35dc92,68049,10,1,Black,human,Crewmate,VOTE,Yellow
web_40395c1ed89840bba405a1e35d35dc92,68058,10,1,Black,human,Crewmate,VOTE_INFLUENCE,
web_40395c1ed89840bba405a1e35d35dc92,68060,10,1,Yellow,human,Impostor,VOTE_INFLUENCE,
web_41c5890f43454dc8af1719441b9e4992,71039,10,1,Player 2: brown,ai,Crewmate,PRE_VOTE,Blue
web_41c5890f43454dc8af1719441b9e4992,71042,10,1,Player 4: lime,ai,Crewmate,PRE_VOTE,Blue
web_41c5890f43454dc8af1719441b9e4992,71043,10,1,Player 5: red,ai,Crewmate,PRE_VOTE,Blue
web_41c5890f43454dc8af1719441b9e4992,71049,10,1,Yellow,human,Crewmate,PRE_VOTE,Player 2: brown
web_41c5890f43454dc8af1719441b9e4992,71061,10,1,Blue,human,Impostor,PRE_VOTE,
web_41c5890f43454dc8af1719441b9e4992,71453,10,1,Player 4: lime,ai,Crewmate,VOTE,Blue
web_41c5890f43454dc8af1719441b9e4992,71457,10,1,Player 5: red,ai,Crewmate,VOTE,Blue
web_41c5890f43454dc8af1719441b9e4992,71465,10,1,Player 2: brown,ai,Crewmate,VOTE,Blue
web_41c5890f43454dc8af1719441b9e4992,71467,10,1,Player 4: lime,ai,Crewmate,VOTE_INFLUENCE,
web_41c5890f43454dc8af1719441b9e4992,71473,10,1,Player 2: brown,ai,Crewmate,VOTE_INFLUENCE,
web_41c5890f43454dc8af1719441b9e4992,71474,10,1,Player 5: red,ai,Crewmate,VOTE_INFLUENCE,
web_41c5890f43454dc8af1719441b9e4992,71481,10,1,Blue,human,Impostor,VOTE,
web_41c5890f43454dc8af1719441b9e4992,71489,10,1,Yellow,human,Crewmate,VOTE,Blue
web_41c5890f43454dc8af1719441b9e4992,71504,10,1,Blue,human,Impostor,VOTE_INFLUENCE,
web_41c5890f43454dc8af1719441b9e4992,71508,10,1,Yellow,human,Crewmate,VOTE_INFLUENCE,
web_43257168dc554d16b88dd00e77d7433b,30460,2,1,Lime,human,Crewmate,PRE_VOTE,
web_43257168dc554d16b88dd00e77d7433b,30465,2,1,White,human,Crewmate,PRE_VOTE,
web_43257168dc554d16b88dd00e77d7433b,30471,2,1,Yellow,human,Impostor,PRE_VOTE,Yellow
web_43257168dc554d16b88dd00e77d7433b,30475,2,1,Brown,human,Crewmate,PRE_VOTE,White
web_43257168dc554d16b88dd00e77d7433b,30486,2,1,Red,human,Crewmate,PRE_VOTE,Brown
web_43257168dc554d16b88dd00e77d7433b,30735,2,1,White,human,Crewmate,VOTE,Brown
web_43257168dc554d16b88dd00e77d7433b,30741,2,1,White,human,Crewmate,VOTE_INFLUENCE,
web_43257168dc554d16b88dd00e77d7433b,30745,2,1,Red,human,Crewmate,VOTE,Brown
web_43257168dc554d16b88dd00e77d7433b,30754,2,1,Yellow,human,Impostor,VOTE,Brown
web_43257168dc554d16b88dd00e77d7433b,30764,2,1,Brown,human,Crewmate,VOTE_INFLUENCE,
web_43257168dc554d16b88dd00e77d7433b,30766,2,1,Lime,human,Crewmate,VOTE_INFLUENCE,
web_43257168dc554d16b88dd00e77d7433b,30767,2,1,Red,human,Crewmate,VOTE_INFLUENCE,
web_43257168dc554d16b88dd00e77d7433b,30778,2,1,Yellow,human,Impostor,VOTE_INFLUENCE,
web_43257168dc554d16b88dd00e77d7433b,30781,2,1,Brown,human,Crewmate,VOTE,
web_43257168dc554d16b88dd00e77d7433b,30782,2,1,Lime,human,Crewmate,VOTE,
web_435d63bc06d64916b5836c5725ec5dbd,70303,73,1,Player 4: red,ai,Crewmate,PRE_VOTE,
web_435d63bc06d64916b5836c5725ec5dbd,70306,73,1,Player 3: yellow,ai,Crewmate,PRE_VOTE,
web_435d63bc06d64916b5836c5725ec5dbd,70313,73,1,Player 5: blue,ai,Impostor,PRE_VOTE,
web_435d63bc06d64916b5836c5725ec5dbd,70689,73,1,Player 3: yellow,ai,Crewmate,VOTE,
web_435d63bc06d64916b5836c5725ec5dbd,70690,73,1,Player 4: red,ai,Crewmate,VOTE,
web_435d63bc06d64916b5836c5725ec5dbd,70693,73,1,Player 5: blue,ai,Impostor,VOTE,
web_435d63bc06d64916b5836c5725ec5dbd,70698,73,1,Player 4: red,ai,Crewmate,VOTE_INFLUENCE,
web_435d63bc06d64916b5836c5725ec5dbd,70699,73,1,Player 3: yellow,ai,Crewmate,VOTE_INFLUENCE,
web_435d63bc06d64916b5836c5725ec5dbd,70705,73,1,Player 5: blue,ai,Impostor,VOTE_INFLUENCE,
web_43868544b0cc42adbbd2460da40ec667,71923,28,1,Player 5: red,ai,Crewmate,PRE_VOTE,
web_43868544b0cc42adbbd2460da40ec667,71926,28,1,Player 2: white,ai,Crewmate,PRE_VOTE,
web_43868544b0cc42adbbd2460da40ec667,71928,28,1,Player 3: cyan,ai,Impostor,PRE_VOTE,
web_43868544b0cc42adbbd2460da40ec667,71932,28,1,Lime,human,Crewmate,PRE_VOTE,Player 2: white
web_43868544b0cc42adbbd2460da40ec667,72336,28,1,Player 3: cyan,ai,Impostor,VOTE,Player 2: white
web_43868544b0cc42adbbd2460da40ec667,72341,28,1,Player 2: white,ai,Crewmate,VOTE,
web_43868544b0cc42adbbd2460da40ec667,72351,28,1,Player 5: red,ai,Crewmate,VOTE,
web_43868544b0cc42adbbd2460da40ec667,72354,28,1,Player 3: cyan,ai,Impostor,VOTE_INFLUENCE,
web_43868544b0cc42adbbd2460da40ec667,72358,28,1,Player 2: white,ai,Crewmate,VOTE_INFLUENCE,
web_43868544b0cc42adbbd2460da40ec667,72365,28,1,Player 5: red,ai,Crewmate,VOTE_INFLUENCE,
web_43868544b0cc42adbbd2460da40ec667,72370,28,1,Lime,human,Crewmate,VOTE,Player 2: white
web_43868544b0cc42adbbd2460da40ec667,72387,28,1,Lime,human,Crewmate,VOTE_INFLUENCE,
web_43df549f0f7845fba749059269daf100,17724,31,1,Cyan,human,Crewmate,PRE_VOTE,Player 5: lime
web_43df549f0f7845fba749059269daf100,17725,31,1,Player 4: white,ai,Impostor,PRE_VOTE,
web_43df549f0f7845fba749059269daf100,17726,31,1,Player 5: lime,ai,Crewmate,PRE_VOTE,
web_43df549f0f7845fba749059269daf100,17732,31,1,Black,human,Crewmate,PRE_VOTE,Player 5: lime
web_43df549f0f7845fba749059269daf100,17886,31,1,Player 4: white,ai,Impostor,VOTE,Player 5: lime
web_43df549f0f7845fba749059269daf100,17887,31,1,Player 5: lime,ai,Crewmate,VOTE,
web_43df549f0f7845fba749059269daf100,17891,31,1,Player 5: lime,ai,Crewmate,VOTE_INFLUENCE,
web_43df549f0f7845fba749059269daf100,17894,31,1,Player 4: white,ai,Impostor,VOTE_INFLUENCE,
web_43df549f0f7845fba749059269daf100,17898,31,1,Black,human,Crewmate,VOTE,Player 5: lime
web_43df549f0f7845fba749059269daf100,17908,31,1,Black,human,Crewmate,VOTE_INFLUENCE,
web_43df549f0f7845fba749059269daf100,17917,31,1,Cyan,human,Crewmate,VOTE_INFLUENCE,
web_43df549f0f7845fba749059269daf100,17919,31,1,Cyan,human,Crewmate,VOTE,
web_4444254fdb4d45efb9a481fc2e55a45a,87003,65,1,Player 2: purple,ai,Impostor,PRE_VOTE,
web_4444254fdb4d45efb9a481fc2e55a45a,87007,65,1,Player 5: red,ai,Crewmate,PRE_VOTE,
web_4444254fdb4d45efb9a481fc2e55a45a,87008,65,1,Player 4: green,ai,Crewmate,PRE_VOTE,
web_4444254fdb4d45efb9a481fc2e55a45a,87009,65,1,Blue,human,Crewmate,PRE_VOTE,Player 5: red
web_4444254fdb4d45efb9a481fc2e55a45a,87298,65,1,Player 2: purple,ai,Impostor,VOTE,
web_4444254fdb4d45efb9a481fc2e55a45a,87300,65,1,Player 4: green,ai,Crewmate,VOTE,
web_4444254fdb4d45efb9a481fc2e55a45a,87302,65,1,Player 5: red,ai,Crewmate,VOTE,
web_4444254fdb4d45efb9a481fc2e55a45a,87312,65,1,Player 2: purple,ai,Impostor,VOTE_INFLUENCE,
web_4444254fdb4d45efb9a481fc2e55a45a,87314,65,1,Player 5: red,ai,Crewmate,VOTE_INFLUENCE,
web_4444254fdb4d45efb9a481fc2e55a45a,87316,65,1,Player 4: green,ai,Crewmate,VOTE_INFLUENCE,
web_4444254fdb4d45efb9a481fc2e55a45a,87320,65,1,Blue,human,Crewmate,VOTE,Player 2: purple
web_4444254fdb4d45efb9a481fc2e55a45a,87336,65,1,Blue,human,Crewmate,VOTE_INFLUENCE,
web_44d63832be2b415abcb5bb6575a33711,77901,50,1,Brown,human,Crewmate,PRE_VOTE,Player 2: purple
web_44d63832be2b415abcb5bb6575a33711,77903,50,1,Player 2: purple,ai,Impostor,PRE_VOTE,
web_44d63832be2b415abcb5bb6575a33711,77904,50,1,Player 4: blue,ai,Crewmate,PRE_VOTE,
web_44d63832be2b415abcb5bb6575a33711,77934,50,1,Green,human,Crewmate,PRE_VOTE,
web_44d63832be2b415abcb5bb6575a33711,78268,50,1,Player 2: purple,ai,Impostor,VOTE,Brown
web_44d63832be2b415abcb5bb6575a33711,78269,50,1,Player 4: blue,ai,Crewmate,VOTE,
web_44d63832be2b415abcb5bb6575a33711,78275,50,1,Player 2: purple,ai,Impostor,VOTE_INFLUENCE,
web_44d63832be2b415abcb5bb6575a33711,78279,50,1,Player 4: blue,ai,Crewmate,VOTE_INFLUENCE,
web_44d63832be2b415abcb5bb6575a33711,78280,50,1,Brown,human,Crewmate,VOTE,Player 2: purple
web_44d63832be2b415abcb5bb6575a33711,78293,50,1,Brown,human,Crewmate,VOTE_INFLUENCE,
web_44d63832be2b415abcb5bb6575a33711,78331,50,1,Green,human,Crewmate,VOTE_INFLUENCE,
web_44d63832be2b415abcb5bb6575a33711,78335,50,1,Green,human,Crewmate,VOTE,
web_44d63832be2b415abcb5bb6575a33711,78362,52,2,Brown,human,Crewmate,PRE_VOTE,Player 2: purple
web_44d63832be2b415abcb5bb6575a33711,78363,52,2,Player 2: purple,ai,Impostor,PRE_VOTE,Brown
web_44d63832be2b415abcb5bb6575a33711,78367,52,2,Player 4: blue,ai,Crewmate,PRE_VOTE,
web_44d63832be2b415abcb5bb6575a33711,78386,52,2,Green,human,Crewmate,PRE_VOTE,
web_44d63832be2b415abcb5bb6575a33711,78727,52,2,Player 2: purple,ai,Impostor,VOTE,Brown
web_44d63832be2b415abcb5bb6575a33711,78734,52,2,Player 4: blue,ai,Crewmate,VOTE,
web_44d63832be2b415abcb5bb6575a33711,78738,52,2,Player 2: purple,ai,Impostor,VOTE_INFLUENCE,
web_44d63832be2b415abcb5bb6575a33711,78742,52,2,Player 4: blue,ai,Crewmate,VOTE_INFLUENCE,
web_44d63832be2b415abcb5bb6575a33711,78751,52,2,Brown,human,Crewmate,VOTE,Player 2: purple
web_44d63832be2b415abcb5bb6575a33711,78757,52,2,Brown,human,Crewmate,VOTE_INFLUENCE,
web_44d63832be2b415abcb5bb6575a33711,78803,52,2,Green,human,Crewmate,VOTE_INFLUENCE,
web_44d63832be2b415abcb5bb6575a33711,78807,52,2,Green,human,Crewmate,VOTE,
web_452367fd192347d382a5ce96a075c523,79997,23,1,Green,human,Crewmate,PRE_VOTE,Player 2: white
web_452367fd192347d382a5ce96a075c523,80004,23,1,Player 5: lime,ai,Crewmate,PRE_VOTE,Player 2: white
web_452367fd192347d382a5ce96a075c523,80005,23,1,Player 2: white,ai,Crewmate,PRE_VOTE,Player 4: pink
web_452367fd192347d382a5ce96a075c523,80006,23,1,Player 4: pink,ai,Impostor,PRE_VOTE,
web_452367fd192347d382a5ce96a075c523,80256,23,1,Player 5: lime,ai,Crewmate,VOTE,Player 2: white
web_452367fd192347d382a5ce96a075c523,80257,23,1,Player 4: pink,ai,Impostor,VOTE,Player 2: white
web_452367fd192347d382a5ce96a075c523,80258,23,1,Player 2: white,ai,Crewmate,VOTE,Player 4: pink
web_452367fd192347d382a5ce96a075c523,80259,23,1,Player 5: lime,ai,Crewmate,VOTE_INFLUENCE,
web_452367fd192347d382a5ce96a075c523,80263,23,1,Player 4: pink,ai,Impostor,VOTE_INFLUENCE,
web_452367fd192347d382a5ce96a075c523,80266,23,1,Player 2: white,ai,Crewmate,VOTE_INFLUENCE,
web_452367fd192347d382a5ce96a075c523,80269,23,1,Green,human,Crewmate,VOTE,Player 2: white
web_452367fd192347d382a5ce96a075c523,80278,23,1,Green,human,Crewmate,VOTE_INFLUENCE,
web_4593c3325d5a4dde8db3b4d87a4dbf7a,82084,17,1,Player 2: blue,ai,Crewmate,PRE_VOTE,
web_4593c3325d5a4dde8db3b4d87a4dbf7a,82085,17,1,Player 3: red,ai,Crewmate,PRE_VOTE,
web_4593c3325d5a4dde8db3b4d87a4dbf7a,82086,17,1,Player 4: green,ai,Crewmate,PRE_VOTE,
web_4593c3325d5a4dde8db3b4d87a4dbf7a,82088,17,1,White,human,Impostor,PRE_VOTE,
web_4593c3325d5a4dde8db3b4d87a4dbf7a,82289,17,1,Player 4: green,ai,Crewmate,VOTE,
web_4593c3325d5a4dde8db3b4d87a4dbf7a,82290,17,1,Player 3: red,ai,Crewmate,VOTE,
web_4593c3325d5a4dde8db3b4d87a4dbf7a,82291,17,1,Player 2: blue,ai,Crewmate,VOTE,
web_4593c3325d5a4dde8db3b4d87a4dbf7a,82298,17,1,Player 2: blue,ai,Crewmate,VOTE_INFLUENCE,
web_4593c3325d5a4dde8db3b4d87a4dbf7a,82299,17,1,Player 4: green,ai,Crewmate,VOTE_INFLUENCE,
web_4593c3325d5a4dde8db3b4d87a4dbf7a,82300,17,1,Player 3: red,ai,Crewmate,VOTE_INFLUENCE,
web_4593c3325d5a4dde8db3b4d87a4dbf7a,82306,17,1,White,human,Impostor,VOTE,Player 4: green
web_4593c3325d5a4dde8db3b4d87a4dbf7a,82309,17,1,White,human,Impostor,VOTE_INFLUENCE,
web_4593c3325d5a4dde8db3b4d87a4dbf7a,82333,19,2,Player 3: red,ai,Crewmate,PRE_VOTE,
web_4593c3325d5a4dde8db3b4d87a4dbf7a,82334,19,2,Player 2: blue,ai,Crewmate,PRE_VOTE,
web_4593c3325d5a4dde8db3b4d87a4dbf7a,82335,19,2,White,human,Impostor,PRE_VOTE,
web_4593c3325d5a4dde8db3b4d87a4dbf7a,82582,19,2,Player 3: red,ai,Crewmate,VOTE,White
web_4593c3325d5a4dde8db3b4d87a4dbf7a,82583,19,2,Player 2: blue,ai,Crewmate,VOTE,
web_4593c3325d5a4dde8db3b4d87a4dbf7a,82586,19,2,Player 3: red,ai,Crewmate,VOTE_INFLUENCE,
web_4593c3325d5a4dde8db3b4d87a4dbf7a,82589,19,2,Player 2: blue,ai,Crewmate,VOTE_INFLUENCE,
web_4593c3325d5a4dde8db3b4d87a4dbf7a,82592,19,2,White,human,Impostor,VOTE,Player 3: red
web_4593c3325d5a4dde8db3b4d87a4dbf7a,82595,19,2,White,human,Impostor,VOTE_INFLUENCE,
web_45e746ccf00048ad8738ba9835418651,57392,1,1,Player 5: white,ai,Crewmate,PRE_VOTE,
web_45e746ccf00048ad8738ba9835418651,57393,1,1,Player 4: cyan,ai,Crewmate,PRE_VOTE,
web_45e746ccf00048ad8738ba9835418651,57394,1,1,Player 3: lime,ai,Crewmate,PRE_VOTE,
web_45e746ccf00048ad8738ba9835418651,57395,1,1,Red,human,Crewmate,PRE_VOTE,
web_45e746ccf00048ad8738ba9835418651,57396,1,1,Brown,human,Impostor,PRE_VOTE,
web_45e746ccf00048ad8738ba9835418651,57418,1,1,Player 4: cyan,ai,Crewmate,VOTE,
web_45e746ccf00048ad8738ba9835418651,57419,1,1,Player 5: white,ai,Crewmate,VOTE,
web_45e746ccf00048ad8738ba9835418651,57420,1,1,Player 3: lime,ai,Crewmate,VOTE,
web_45e746ccf00048ad8738ba9835418651,57421,1,1,Player 4: cyan,ai,Crewmate,VOTE_INFLUENCE,
web_45e746ccf00048ad8738ba9835418651,57422,1,1,Player 5: white,ai,Crewmate,VOTE_INFLUENCE,
web_45e746ccf00048ad8738ba9835418651,57423,1,1,Player 3: lime,ai,Crewmate,VOTE_INFLUENCE,
web_45e746ccf00048ad8738ba9835418651,57424,1,1,Brown,human,Impostor,VOTE,Player 5: white
web_45e746ccf00048ad8738ba9835418651,57426,1,1,Brown,human,Impostor,VOTE_INFLUENCE,
web_45e746ccf00048ad8738ba9835418651,57427,1,1,Red,human,Crewmate,VOTE,
web_45e746ccf00048ad8738ba9835418651,57429,1,1,Red,human,Crewmate,VOTE_INFLUENCE,
web_465b97b69d424327a68a1de7b974caf5,61277,7,1,Player 2: lime,ai,Crewmate,PRE_VOTE,Orange
web_465b97b69d424327a68a1de7b974caf5,61279,7,1,Player 5: yellow,ai,Crewmate,PRE_VOTE,Orange
web_465b97b69d424327a68a1de7b974caf5,61284,7,1,Black,human,Crewmate,PRE_VOTE,Orange
web_465b97b69d424327a68a1de7b974caf5,61292,7,1,Blue,human,Crewmate,PRE_VOTE,
web_465b97b69d424327a68a1de7b974caf5,61315,7,1,Orange,human,Impostor,PRE_VOTE,Black
web_46798bf15571451db32a3b88a8063e6f,73557,45,1,Player 3: cyan,ai,Impostor,PRE_VOTE,
web_46798bf15571451db32a3b88a8063e6f,73558,45,1,Green,human,Crewmate,PRE_VOTE,
web_46798bf15571451db32a3b88a8063e6f,73560,45,1,Player 5: pink,ai,Crewmate,PRE_VOTE,
web_46798bf15571451db32a3b88a8063e6f,73566,45,1,Player 2: orange,ai,Crewmate,PRE_VOTE,
web_46798bf15571451db32a3b88a8063e6f,73574,45,1,Purple,human,Crewmate,PRE_VOTE,
web_46798bf15571451db32a3b88a8063e6f,73981,45,1,Player 3: cyan,ai,Impostor,VOTE,Purple
web_46798bf15571451db32a3b88a8063e6f,73984,45,1,Player 2: orange,ai,Crewmate,VOTE,
web_46798bf15571451db32a3b88a8063e6f,73986,45,1,Player 5: pink,ai,Crewmate,VOTE,
web_46798bf15571451db32a3b88a8063e6f,73996,45,1,Player 2: orange,ai,Crewmate,VOTE_INFLUENCE,
web_46798bf15571451db32a3b88a8063e6f,73997,45,1,Player 3: cyan,ai,Impostor,VOTE_INFLUENCE,
web_46798bf15571451db32a3b88a8063e6f,73998,45,1,Player 5: pink,ai,Crewmate,VOTE_INFLUENCE,
web_46798bf15571451db32a3b88a8063e6f,74002,45,1,Purple,human,Crewmate,VOTE,Green
web_46798bf15571451db32a3b88a8063e6f,74007,45,1,Green,human,Crewmate,VOTE,Purple
web_46798bf15571451db32a3b88a8063e6f,74027,45,1,Green,human,Crewmate,VOTE_INFLUENCE,
web_46798bf15571451db32a3b88a8063e6f,74031,45,1,Purple,human,Crewmate,VOTE_INFLUENCE,
web_46798bf15571451db32a3b88a8063e6f,74639,131,2,Green,human,Crewmate,PRE_VOTE,Player 3: cyan
web_46798bf15571451db32a3b88a8063e6f,74647,131,2,Player 5: pink,ai,Crewmate,PRE_VOTE,
web_46798bf15571451db32a3b88a8063e6f,74649,131,2,Player 3: cyan,ai,Impostor,PRE_VOTE,
web_46798bf15571451db32a3b88a8063e6f,74952,131,2,Player 5: pink,ai,Crewmate,VOTE,
web_46798bf15571451db32a3b88a8063e6f,74953,131,2,Player 3: cyan,ai,Impostor,VOTE,
web_46798bf15571451db32a3b88a8063e6f,74964,131,2,Player 3: cyan,ai,Impostor,VOTE_INFLUENCE,
web_46798bf15571451db32a3b88a8063e6f,74972,131,2,Player 5: pink,ai,Crewmate,VOTE_INFLUENCE,
web_46798bf15571451db32a3b88a8063e6f,74977,131,2,Green,human,Crewmate,VOTE,Player 3: cyan
web_46798bf15571451db32a3b88a8063e6f,74986,131,2,Green,human,Crewmate,VOTE_INFLUENCE,
web_46800aa60a43443ba92194486c047d68,74073,7,1,Player 3: green,ai,Crewmate,PRE_VOTE,White
web_46800aa60a43443ba92194486c047d68,74074,7,1,Player 2: purple,ai,Crewmate,PRE_VOTE,White
web_46800aa60a43443ba92194486c047d68,74078,7,1,Player 5: red,ai,Crewmate,PRE_VOTE,White
web_46800aa60a43443ba92194486c047d68,74081,7,1,White,human,Impostor,PRE_VOTE,Player 5: red
web_46800aa60a43443ba92194486c047d68,74125,7,1,Brown,human,Crewmate,PRE_VOTE,
web_46800aa60a43443ba92194486c047d68,74511,7,1,Player 2: purple,ai,Crewmate,VOTE,White
web_46800aa60a43443ba92194486c047d68,74512,7,1,Player 5: red,ai,Crewmate,VOTE,White
web_46800aa60a43443ba92194486c047d68,74514,7,1,Player 3: green,ai,Crewmate,VOTE,White
web_46800aa60a43443ba92194486c047d68,74527,7,1,Player 5: red,ai,Crewmate,VOTE_INFLUENCE,
web_46800aa60a43443ba92194486c047d68,74529,7,1,Player 2: purple,ai,Crewmate,VOTE_INFLUENCE,
web_46800aa60a43443ba92194486c047d68,74530,7,1,Player 3: green,ai,Crewmate,VOTE_INFLUENCE,
web_46800aa60a43443ba92194486c047d68,74538,7,1,White,human,Impostor,VOTE,Player 3: green
web_46800aa60a43443ba92194486c047d68,74560,7,1,White,human,Impostor,VOTE_INFLUENCE,
web_46800aa60a43443ba92194486c047d68,74598,7,1,Brown,human,Crewmate,VOTE_INFLUENCE,
web_46800aa60a43443ba92194486c047d68,74599,7,1,Brown,human,Crewmate,VOTE,
web_46e3c201e2e94abaa891eafe27701fa5,32245,11,1,Pink,human,Crewmate,PRE_VOTE,Brown
web_46e3c201e2e94abaa891eafe27701fa5,32247,11,1,Green,human,Crewmate,PRE_VOTE,Brown
web_46e3c201e2e94abaa891eafe27701fa5,32250,11,1,Brown,human,Crewmate,PRE_VOTE,Brown
web_46e3c201e2e94abaa891eafe27701fa5,32255,11,1,Lime,human,Impostor,PRE_VOTE,Pink
web_46e3c201e2e94abaa891eafe27701fa5,32452,11,1,Green,human,Crewmate,VOTE,Lime
web_46e3c201e2e94abaa891eafe27701fa5,32454,11,1,Lime,human,Impostor,VOTE,Pink
web_46e3c201e2e94abaa891eafe27701fa5,32458,11,1,Pink,human,Crewmate,VOTE,Lime
web_46e3c201e2e94abaa891eafe27701fa5,32461,11,1,Lime,human,Impostor,VOTE_INFLUENCE,
web_46e3c201e2e94abaa891eafe27701fa5,32462,11,1,Pink,human,Crewmate,VOTE_INFLUENCE,
web_46e3c201e2e94abaa891eafe27701fa5,32465,11,1,Brown,human,Crewmate,VOTE,
web_46e3c201e2e94abaa891eafe27701fa5,32467,11,1,Green,human,Crewmate,VOTE_INFLUENCE,
web_46e3c201e2e94abaa891eafe27701fa5,32474,11,1,Brown,human,Crewmate,VOTE_INFLUENCE,
web_470a5ceb44c749ef8c1b7132ebc2436a,46491,96,1,Player 2: orange,ai,Crewmate,PRE_VOTE,
web_470a5ceb44c749ef8c1b7132ebc2436a,46492,96,1,Player 5: brown,ai,Impostor,PRE_VOTE,
web_470a5ceb44c749ef8c1b7132ebc2436a,46497,96,1,Red,human,Crewmate,PRE_VOTE,
web_470a5ceb44c749ef8c1b7132ebc2436a,46517,96,1,White,human,Crewmate,PRE_VOTE,
web_470a5ceb44c749ef8c1b7132ebc2436a,46855,96,1,Player 2: orange,ai,Crewmate,VOTE,
web_470a5ceb44c749ef8c1b7132ebc2436a,46858,96,1,Player 5: brown,ai,Impostor,VOTE,
web_470a5ceb44c749ef8c1b7132ebc2436a,46870,96,1,Player 5: brown,ai,Impostor,VOTE_INFLUENCE,
web_470a5ceb44c749ef8c1b7132ebc2436a,46871,96,1,Player 2: orange,ai,Crewmate,VOTE_INFLUENCE,
web_470a5ceb44c749ef8c1b7132ebc2436a,46888,96,1,Red,human,Crewmate,VOTE,
web_470a5ceb44c749ef8c1b7132ebc2436a,46893,96,1,White,human,Crewmate,VOTE,Red
web_470a5ceb44c749ef8c1b7132ebc2436a,46902,96,1,Red,human,Crewmate,VOTE_INFLUENCE,
web_470a5ceb44c749ef8c1b7132ebc2436a,46918,96,1,White,human,Crewmate,VOTE_INFLUENCE,
web_470a5ceb44c749ef8c1b7132ebc2436a,46948,98,2,Player 5: brown,ai,Impostor,PRE_VOTE,White
web_470a5ceb44c749ef8c1b7132ebc2436a,46949,98,2,Player 2: orange,ai,Crewmate,PRE_VOTE,
web_470a5ceb44c749ef8c1b7132ebc2436a,46952,98,2,White,human,Crewmate,PRE_VOTE,Player 5: brown
web_470a5ceb44c749ef8c1b7132ebc2436a,47231,98,2,Player 5: brown,ai,Impostor,VOTE,
web_470a5ceb44c749ef8c1b7132ebc2436a,47233,98,2,Player 2: orange,ai,Crewmate,VOTE,
web_470a5ceb44c749ef8c1b7132ebc2436a,47239,98,2,Player 5: brown,ai,Impostor,VOTE_INFLUENCE,
web_470a5ceb44c749ef8c1b7132ebc2436a,47250,98,2,Player 2: orange,ai,Crewmate,VOTE_INFLUENCE,
web_470a5ceb44c749ef8c1b7132ebc2436a,47269,98,2,White,human,Crewmate,VOTE,Player 5: brown
web_470a5ceb44c749ef8c1b7132ebc2436a,47291,98,2,White,human,Crewmate,VOTE_INFLUENCE,
web_476a3e19ac134222836e40531588bcd2,48991,30,1,Black,human,Crewmate,PRE_VOTE,
web_476a3e19ac134222836e40531588bcd2,48992,30,1,Player 2: cyan,ai,Impostor,PRE_VOTE,
web_476a3e19ac134222836e40531588bcd2,48994,30,1,Lime,human,Crewmate,PRE_VOTE,Lime
web_476a3e19ac134222836e40531588bcd2,48997,30,1,Orange,human,Crewmate,PRE_VOTE,Lime
web_476a3e19ac134222836e40531588bcd2,49319,30,1,Player 2: cyan,ai,Impostor,VOTE,
web_476a3e19ac134222836e40531588bcd2,49337,30,1,Player 2: cyan,ai,Impostor,VOTE_INFLUENCE,
web_476a3e19ac134222836e40531588bcd2,49346,30,1,Orange,human,Crewmate,VOTE,Player 2: cyan
web_476a3e19ac134222836e40531588bcd2,49354,30,1,Lime,human,Crewmate,VOTE,Player 2: cyan
web_476a3e19ac134222836e40531588bcd2,49356,30,1,Black,human,Crewmate,VOTE,Player 2: cyan
web_476a3e19ac134222836e40531588bcd2,49366,30,1,Orange,human,Crewmate,VOTE_INFLUENCE,
web_476a3e19ac134222836e40531588bcd2,49375,30,1,Black,human,Crewmate,VOTE_INFLUENCE,
web_476a3e19ac134222836e40531588bcd2,49376,30,1,Lime,human,Crewmate,VOTE_INFLUENCE,
web_476cb78c6a03419f80f2562c5d53bb3c,82952,22,1,Orange,human,Crewmate,PRE_VOTE,Player 4: lime
web_476cb78c6a03419f80f2562c5d53bb3c,82957,22,1,Player 2: cyan,ai,Crewmate,PRE_VOTE,Player 4: lime
web_476cb78c6a03419f80f2562c5d53bb3c,82958,22,1,Player 4: lime,ai,Impostor,PRE_VOTE,
web_476cb78c6a03419f80f2562c5d53bb3c,82959,22,1,Player 3: brown,ai,Crewmate,PRE_VOTE,Player 4: lime
web_476cb78c6a03419f80f2562c5d53bb3c,82960,22,1,Player 5: green,ai,Crewmate,PRE_VOTE,
web_476cb78c6a03419f80f2562c5d53bb3c,83078,22,1,Player 5: green,ai,Crewmate,VOTE,Player 4: lime
web_476cb78c6a03419f80f2562c5d53bb3c,83080,22,1,Player 4: lime,ai,Impostor,VOTE,Player 2: cyan
web_476cb78c6a03419f80f2562c5d53bb3c,83081,22,1,Player 3: brown,ai,Crewmate,VOTE,
web_476cb78c6a03419f80f2562c5d53bb3c,83082,22,1,Player 2: cyan,ai,Crewmate,VOTE,
web_476cb78c6a03419f80f2562c5d53bb3c,83083,22,1,Player 4: lime,ai,Impostor,VOTE_INFLUENCE,
web_476cb78c6a03419f80f2562c5d53bb3c,83084,22,1,Player 5: green,ai,Crewmate,VOTE_INFLUENCE,
web_476cb78c6a03419f80f2562c5d53bb3c,83085,22,1,Player 3: brown,ai,Crewmate,VOTE_INFLUENCE,
web_476cb78c6a03419f80f2562c5d53bb3c,83087,22,1,Player 2: cyan,ai,Crewmate,VOTE_INFLUENCE,
web_476cb78c6a03419f80f2562c5d53bb3c,83090,22,1,Orange,human,Crewmate,VOTE,Player 4: lime
web_476cb78c6a03419f80f2562c5d53bb3c,83095,22,1,Orange,human,Crewmate,VOTE_INFLUENCE,
web_4775bddfb5fe492c96bf302a272f7b9d,56842,56,1,Player 2: brown,ai,Crewmate,PRE_VOTE,Player 5: blue
web_4775bddfb5fe492c96bf302a272f7b9d,56843,56,1,Player 5: blue,ai,Impostor,PRE_VOTE,
web_4775bddfb5fe492c96bf302a272f7b9d,56844,56,1,Player 4: white,ai,Crewmate,PRE_VOTE,
web_4775bddfb5fe492c96bf302a272f7b9d,56846,56,1,Cyan,human,Crewmate,PRE_VOTE,
web_4775bddfb5fe492c96bf302a272f7b9d,56902,56,1,Player 4: white,ai,Crewmate,VOTE,Player 5: blue
web_4775bddfb5fe492c96bf302a272f7b9d,56903,56,1,Player 5: blue,ai,Impostor,VOTE,Player 2: brown
web_4775bddfb5fe492c96bf302a272f7b9d,56904,56,1,Player 2: brown,ai,Crewmate,VOTE,Player 5: blue
web_4775bddfb5fe492c96bf302a272f7b9d,56910,56,1,Player 4: white,ai,Crewmate,VOTE_INFLUENCE,
web_4775bddfb5fe492c96bf302a272f7b9d,56911,56,1,Player 5: blue,ai,Impostor,VOTE_INFLUENCE,
web_4775bddfb5fe492c96bf302a272f7b9d,56912,56,1,Player 2: brown,ai,Crewmate,VOTE_INFLUENCE,
web_4775bddfb5fe492c96bf302a272f7b9d,56916,56,1,Cyan,human,Crewmate,VOTE,
web_4775bddfb5fe492c96bf302a272f7b9d,56921,56,1,Cyan,human,Crewmate,VOTE_INFLUENCE,
web_477ad3d0e2884ef99d77cc85ec5dfed3,23326,105,1,Brown,human,Crewmate,PRE_VOTE,
web_477ad3d0e2884ef99d77cc85ec5dfed3,23332,105,1,Lime,human,Crewmate,PRE_VOTE,
web_477ad3d0e2884ef99d77cc85ec5dfed3,23338,105,1,White,human,Crewmate,PRE_VOTE,
web_477ad3d0e2884ef99d77cc85ec5dfed3,23339,105,1,Pink,human,Impostor,PRE_VOTE,
web_477ad3d0e2884ef99d77cc85ec5dfed3,23452,105,1,Lime,human,Crewmate,VOTE,White
web_477ad3d0e2884ef99d77cc85ec5dfed3,23459,105,1,Brown,human,Crewmate,VOTE,
web_477ad3d0e2884ef99d77cc85ec5dfed3,23461,105,1,Lime,human,Crewmate,VOTE_INFLUENCE,
web_477ad3d0e2884ef99d77cc85ec5dfed3,23464,105,1,Brown,human,Crewmate,VOTE_INFLUENCE,
web_478014909f4840c6bcae6c3e27cde26a,57628,7,1,Purple,human,Crewmate,PRE_VOTE,White
web_478014909f4840c6bcae6c3e27cde26a,57629,7,1,Player 3: blue,ai,Crewmate,PRE_VOTE,White
web_478014909f4840c6bcae6c3e27cde26a,57630,7,1,Cyan,human,Crewmate,PRE_VOTE,
web_478014909f4840c6bcae6c3e27cde26a,57631,7,1,Player 2: lime,ai,Crewmate,PRE_VOTE,White
web_478014909f4840c6bcae6c3e27cde26a,57632,7,1,White,human,Impostor,PRE_VOTE,Purple
web_478014909f4840c6bcae6c3e27cde26a,57816,7,1,Player 2: lime,ai,Crewmate,VOTE,White
web_478014909f4840c6bcae6c3e27cde26a,57818,7,1,Player 3: blue,ai,Crewmate,VOTE,White
web_478014909f4840c6bcae6c3e27cde26a,57821,7,1,Player 3: blue,ai,Crewmate,VOTE_INFLUENCE,
web_478014909f4840c6bcae6c3e27cde26a,57827,7,1,Player 2: lime,ai,Crewmate,VOTE_INFLUENCE,
web_478014909f4840c6bcae6c3e27cde26a,57831,7,1,Purple,human,Crewmate,VOTE,White
web_478014909f4840c6bcae6c3e27cde26a,57835,7,1,White,human,Impostor,VOTE,Player 2: lime
web_478014909f4840c6bcae6c3e27cde26a,57837,7,1,Cyan,human,Crewmate,VOTE,
web_478014909f4840c6bcae6c3e27cde26a,57846,7,1,Cyan,human,Crewmate,VOTE_INFLUENCE,
web_478014909f4840c6bcae6c3e27cde26a,57847,7,1,Purple,human,Crewmate,VOTE_INFLUENCE,
web_478014909f4840c6bcae6c3e27cde26a,57851,7,1,White,human,Impostor,VOTE_INFLUENCE,
web_47d789f714884fbea179a8094a90f113,37250,3,1,Lime,human,Crewmate,PRE_VOTE,Black
web_47d789f714884fbea179a8094a90f113,37253,3,1,Black,human,Impostor,PRE_VOTE,Green
web_47d789f714884fbea179a8094a90f113,37256,3,1,Cyan,human,Crewmate,PRE_VOTE,Green
web_47d789f714884fbea179a8094a90f113,37265,3,1,Purple,human,Crewmate,PRE_VOTE,Green
web_47d789f714884fbea179a8094a90f113,37299,3,1,Green,human,Crewmate,PRE_VOTE,
web_47d789f714884fbea179a8094a90f113,37612,3,1,Black,human,Impostor,VOTE,Cyan
web_47d789f714884fbea179a8094a90f113,37615,3,1,Cyan,human,Crewmate,VOTE,Black
web_47d789f714884fbea179a8094a90f113,37619,3,1,Purple,human,Crewmate,VOTE,Cyan
web_47d789f714884fbea179a8094a90f113,37628,3,1,Black,human,Impostor,VOTE_INFLUENCE,
web_47d789f714884fbea179a8094a90f113,37633,3,1,Purple,human,Crewmate,VOTE_INFLUENCE,
web_47d789f714884fbea179a8094a90f113,37634,3,1,Cyan,human,Crewmate,VOTE_INFLUENCE,
web_47d789f714884fbea179a8094a90f113,37650,3,1,Lime,human,Crewmate,VOTE,Cyan
web_47d789f714884fbea179a8094a90f113,37659,3,1,Lime,human,Crewmate,VOTE_INFLUENCE,
web_49a9092b98694cf3827286bef3bf5590,34022,66,1,Pink,human,Crewmate,PRE_VOTE,Red
web_49a9092b98694cf3827286bef3bf5590,34032,66,1,Cyan,human,Crewmate,PRE_VOTE,Red
web_49a9092b98694cf3827286bef3bf5590,34033,66,1,Purple,human,Crewmate,PRE_VOTE,Red
web_49a9092b98694cf3827286bef3bf5590,34046,66,1,Red,human,Impostor,PRE_VOTE,
web_49a9092b98694cf3827286bef3bf5590,34179,66,1,Red,human,Impostor,VOTE,Pink
web_49a9092b98694cf3827286bef3bf5590,34181,66,1,Cyan,human,Crewmate,VOTE,Red
web_49a9092b98694cf3827286bef3bf5590,34183,66,1,Pink,human,Crewmate,VOTE,Red
web_49a9092b98694cf3827286bef3bf5590,34189,66,1,Red,human,Impostor,VOTE_INFLUENCE,
web_49a9092b98694cf3827286bef3bf5590,34192,66,1,Pink,human,Crewmate,VOTE_INFLUENCE,
web_49a9092b98694cf3827286bef3bf5590,34194,66,1,Cyan,human,Crewmate,VOTE_INFLUENCE,
web_49a9092b98694cf3827286bef3bf5590,34196,66,1,Purple,human,Crewmate,VOTE,
web_49a9092b98694cf3827286bef3bf5590,34203,66,1,Purple,human,Crewmate,VOTE_INFLUENCE,
web_49eb649e89404ef0a6483a7b93b0a2fe,39960,29,1,Purple,human,Impostor,PRE_VOTE,Player 4: white
web_49eb649e89404ef0a6483a7b93b0a2fe,39968,29,1,Player 4: white,ai,Crewmate,PRE_VOTE,
web_49eb649e89404ef0a6483a7b93b0a2fe,39969,29,1,Player 3: orange,ai,Crewmate,PRE_VOTE,
web_49eb649e89404ef0a6483a7b93b0a2fe,40059,29,1,Player 4: white,ai,Crewmate,VOTE,
web_49eb649e89404ef0a6483a7b93b0a2fe,40060,29,1,Player 3: orange,ai,Crewmate,VOTE,
web_49eb649e89404ef0a6483a7b93b0a2fe,40061,29,1,Player 4: white,ai,Crewmate,VOTE_INFLUENCE,
web_49eb649e89404ef0a6483a7b93b0a2fe,40064,29,1,Player 3: orange,ai,Crewmate,VOTE_INFLUENCE,
web_49eb649e89404ef0a6483a7b93b0a2fe,40065,29,1,Purple,human,Impostor,VOTE,Player 3: orange
web_49eb649e89404ef0a6483a7b93b0a2fe,40069,29,1,Purple,human,Impostor,VOTE_INFLUENCE,
web_4a0a44545428477ea71ea266f4f7bbb9,13213,23,1,Player 3: purple,ai,Crewmate,PRE_VOTE,Player 5: black
web_4a0a44545428477ea71ea266f4f7bbb9,13214,23,1,Player 2: pink,ai,Crewmate,PRE_VOTE,Player 5: black
web_4a0a44545428477ea71ea266f4f7bbb9,13215,23,1,Player 5: black,ai,Impostor,PRE_VOTE,
web_4a0a44545428477ea71ea266f4f7bbb9,13216,23,1,Player 4: cyan,ai,Crewmate,PRE_VOTE,
web_4a0a44545428477ea71ea266f4f7bbb9,13241,23,1,Player 2: pink,ai,Crewmate,VOTE,Player 5: black
web_4a0a44545428477ea71ea266f4f7bbb9,13242,23,1,Player 5: black,ai,Impostor,VOTE,Player 2: pink
web_4a0a44545428477ea71ea266f4f7bbb9,13243,23,1,Player 3: purple,ai,Crewmate,VOTE,
web_4a0a44545428477ea71ea266f4f7bbb9,13244,23,1,Player 4: cyan,ai,Crewmate,VOTE,
web_4a0a44545428477ea71ea266f4f7bbb9,13245,23,1,Player 2: pink,ai,Crewmate,VOTE_INFLUENCE,
web_4a0a44545428477ea71ea266f4f7bbb9,13246,23,1,Player 3: purple,ai,Crewmate,VOTE_INFLUENCE,
web_4a0a44545428477ea71ea266f4f7bbb9,13247,23,1,Player 5: black,ai,Impostor,VOTE_INFLUENCE,
web_4a0a44545428477ea71ea266f4f7bbb9,13248,23,1,Player 4: cyan,ai,Crewmate,VOTE_INFLUENCE,
web_4a0a44545428477ea71ea266f4f7bbb9,13255,25,2,Player 2: pink,ai,Crewmate,PRE_VOTE,Player 5: black
web_4a0a44545428477ea71ea266f4f7bbb9,13256,25,2,Player 3: purple,ai,Crewmate,PRE_VOTE,Player 2: pink
web_4a0a44545428477ea71ea266f4f7bbb9,13257,25,2,Player 5: black,ai,Impostor,PRE_VOTE,
web_4a0a44545428477ea71ea266f4f7bbb9,13258,25,2,Player 4: cyan,ai,Crewmate,PRE_VOTE,
web_4a0a44545428477ea71ea266f4f7bbb9,13279,25,2,Player 2: pink,ai,Crewmate,VOTE,Player 5: black
web_4a0a44545428477ea71ea266f4f7bbb9,13280,25,2,Player 4: cyan,ai,Crewmate,VOTE,
web_4a0a44545428477ea71ea266f4f7bbb9,13281,25,2,Player 3: purple,ai,Crewmate,VOTE,Player 4: cyan
web_4a0a44545428477ea71ea266f4f7bbb9,13282,25,2,Player 5: black,ai,Impostor,VOTE,
web_4a0a44545428477ea71ea266f4f7bbb9,13283,25,2,Player 2: pink,ai,Crewmate,VOTE_INFLUENCE,
web_4a0a44545428477ea71ea266f4f7bbb9,13284,25,2,Player 4: cyan,ai,Crewmate,VOTE_INFLUENCE,
web_4a0a44545428477ea71ea266f4f7bbb9,13285,25,2,Player 3: purple,ai,Crewmate,VOTE_INFLUENCE,
web_4a0a44545428477ea71ea266f4f7bbb9,13286,25,2,Player 5: black,ai,Impostor,VOTE_INFLUENCE,
web_4a0a44545428477ea71ea266f4f7bbb9,13374,75,3,Player 4: cyan,ai,Crewmate,PRE_VOTE,
web_4a0a44545428477ea71ea266f4f7bbb9,13375,75,3,Player 5: black,ai,Impostor,PRE_VOTE,
web_4a0a44545428477ea71ea266f4f7bbb9,13376,75,3,Player 2: pink,ai,Crewmate,PRE_VOTE,Player 5: black
web_4a0a44545428477ea71ea266f4f7bbb9,13416,75,3,Player 2: pink,ai,Crewmate,VOTE,Player 5: black
web_4a0a44545428477ea71ea266f4f7bbb9,13417,75,3,Player 5: black,ai,Impostor,VOTE,Player 2: pink
web_4a0a44545428477ea71ea266f4f7bbb9,13418,75,3,Player 4: cyan,ai,Crewmate,VOTE,
web_4a0a44545428477ea71ea266f4f7bbb9,13419,75,3,Player 2: pink,ai,Crewmate,VOTE_INFLUENCE,
web_4a0a44545428477ea71ea266f4f7bbb9,13420,75,3,Player 5: black,ai,Impostor,VOTE_INFLUENCE,
web_4a0a44545428477ea71ea266f4f7bbb9,13421,75,3,Player 4: cyan,ai,Crewmate,VOTE_INFLUENCE,
web_4a3dc232a5854be7a017c96acb7bcbfd,29143,97,1,Black,human,Crewmate,PRE_VOTE,Yellow
web_4a3dc232a5854be7a017c96acb7bcbfd,29144,97,1,Brown,human,Impostor,PRE_VOTE,Black
web_4a3dc232a5854be7a017c96acb7bcbfd,29157,97,1,Yellow,human,Crewmate,PRE_VOTE,Brown
web_4a3dc232a5854be7a017c96acb7bcbfd,29427,97,1,Black,human,Crewmate,VOTE,Yellow
web_4a3dc232a5854be7a017c96acb7bcbfd,29429,97,1,Brown,human,Impostor,VOTE,Black
web_4a3dc232a5854be7a017c96acb7bcbfd,29431,97,1,Yellow,human,Crewmate,VOTE,Brown
web_4a3dc232a5854be7a017c96acb7bcbfd,29437,97,1,Black,human,Crewmate,VOTE_INFLUENCE,
web_4a3dc232a5854be7a017c96acb7bcbfd,29440,97,1,Brown,human,Impostor,VOTE_INFLUENCE,
web_4a3dc232a5854be7a017c96acb7bcbfd,29443,97,1,Yellow,human,Crewmate,VOTE_INFLUENCE,
web_4b517866272b4196bdf101a2714fac6d,61619,11,1,Cyan,human,Crewmate,PRE_VOTE,
web_4b517866272b4196bdf101a2714fac6d,61621,11,1,Player 3: blue,ai,Crewmate,PRE_VOTE,
web_4b517866272b4196bdf101a2714fac6d,61622,11,1,Player 2: black,ai,Crewmate,PRE_VOTE,
web_4b517866272b4196bdf101a2714fac6d,61623,11,1,Purple,human,Impostor,PRE_VOTE,Player 3: blue
web_4b517866272b4196bdf101a2714fac6d,61628,11,1,Pink,human,Crewmate,PRE_VOTE,Cyan
web_4b517866272b4196bdf101a2714fac6d,61784,11,1,Player 2: black,ai,Crewmate,VOTE,Cyan
web_4b517866272b4196bdf101a2714fac6d,61787,11,1,Player 3: blue,ai,Crewmate,VOTE,
web_4b517866272b4196bdf101a2714fac6d,61799,11,1,Player 2: black,ai,Crewmate,VOTE_INFLUENCE,
web_4b517866272b4196bdf101a2714fac6d,61800,11,1,Player 3: blue,ai,Crewmate,VOTE_INFLUENCE,
web_4b517866272b4196bdf101a2714fac6d,61811,11,1,Cyan,human,Crewmate,VOTE,Player 2: black
web_4b517866272b4196bdf101a2714fac6d,61820,11,1,Pink,human,Crewmate,VOTE,Cyan
web_4b517866272b4196bdf101a2714fac6d,61824,11,1,Cyan,human,Crewmate,VOTE_INFLUENCE,
web_4b517866272b4196bdf101a2714fac6d,61832,11,1,Purple,human,Impostor,VOTE,Cyan
web_4b517866272b4196bdf101a2714fac6d,61842,11,1,Pink,human,Crewmate,VOTE_INFLUENCE,
web_4b517866272b4196bdf101a2714fac6d,61843,11,1,Purple,human,Impostor,VOTE_INFLUENCE,
web_4b517866272b4196bdf101a2714fac6d,61925,22,2,Pink,human,Crewmate,PRE_VOTE,Purple
web_4b517866272b4196bdf101a2714fac6d,61928,22,2,Player 3: blue,ai,Crewmate,PRE_VOTE,
web_4b517866272b4196bdf101a2714fac6d,61929,22,2,Player 2: black,ai,Crewmate,PRE_VOTE,
web_4b517866272b4196bdf101a2714fac6d,61933,22,2,Purple,human,Impostor,PRE_VOTE,Pink
web_4b517866272b4196bdf101a2714fac6d,62152,22,2,Player 3: blue,ai,Crewmate,VOTE,
web_4b517866272b4196bdf101a2714fac6d,62153,22,2,Player 2: black,ai,Crewmate,VOTE,Pink
web_4b517866272b4196bdf101a2714fac6d,62169,22,2,Player 3: blue,ai,Crewmate,VOTE_INFLUENCE,
web_4b517866272b4196bdf101a2714fac6d,62170,22,2,Player 2: black,ai,Crewmate,VOTE_INFLUENCE,
web_4b517866272b4196bdf101a2714fac6d,62183,22,2,Pink,human,Crewmate,VOTE,Player 3: blue
web_4b517866272b4196bdf101a2714fac6d,62203,22,2,Pink,human,Crewmate,VOTE_INFLUENCE,
web_4b517866272b4196bdf101a2714fac6d,62226,22,2,Purple,human,Impostor,VOTE_INFLUENCE,
web_4b517866272b4196bdf101a2714fac6d,62227,22,2,Purple,human,Impostor,VOTE,
web_4b517866272b4196bdf101a2714fac6d,62359,48,3,Purple,human,Impostor,PRE_VOTE,Player 2: black
web_4b517866272b4196bdf101a2714fac6d,62366,48,3,Player 3: blue,ai,Crewmate,PRE_VOTE,
web_4b517866272b4196bdf101a2714fac6d,62367,48,3,Player 2: black,ai,Crewmate,PRE_VOTE,
web_4b517866272b4196bdf101a2714fac6d,62609,48,3,Player 2: black,ai,Crewmate,VOTE,
web_4b517866272b4196bdf101a2714fac6d,62612,48,3,Player 3: blue,ai,Crewmate,VOTE,
web_4b517866272b4196bdf101a2714fac6d,62621,48,3,Player 2: black,ai,Crewmate,VOTE_INFLUENCE,
web_4b517866272b4196bdf101a2714fac6d,62622,48,3,Player 3: blue,ai,Crewmate,VOTE_INFLUENCE,
web_4b517866272b4196bdf101a2714fac6d,62681,48,3,Purple,human,Impostor,VOTE_INFLUENCE,
web_4b517866272b4196bdf101a2714fac6d,62682,48,3,Purple,human,Impostor,VOTE,
web_4b7cacfa219d42dbbe478ed52d8a7740,75746,89,1,Pink,human,Impostor,PRE_VOTE,White
web_4b7cacfa219d42dbbe478ed52d8a7740,75749,89,1,Player 3: purple,ai,Crewmate,PRE_VOTE,
web_4b7cacfa219d42dbbe478ed52d8a7740,75774,89,1,White,human,Crewmate,PRE_VOTE,
web_4b7cacfa219d42dbbe478ed52d8a7740,76280,89,1,Player 3: purple,ai,Crewmate,VOTE,
web_4b7cacfa219d42dbbe478ed52d8a7740,76290,89,1,Player 3: purple,ai,Crewmate,VOTE_INFLUENCE,
web_4b7cacfa219d42dbbe478ed52d8a7740,76309,89,1,Pink,human,Impostor,VOTE,White
web_4b7cacfa219d42dbbe478ed52d8a7740,76311,89,1,White,human,Crewmate,VOTE,Pink
web_4b7cacfa219d42dbbe478ed52d8a7740,76329,89,1,White,human,Crewmate,VOTE_INFLUENCE,
web_4b7cacfa219d42dbbe478ed52d8a7740,76335,89,1,Pink,human,Impostor,VOTE_INFLUENCE,
web_4c6d09b293434a0ca17b201c94d0a037,85943,73,1,Player 5: white,ai,Crewmate,PRE_VOTE,
web_4c6d09b293434a0ca17b201c94d0a037,85946,73,1,Player 4: orange,ai,Crewmate,PRE_VOTE,Player 2: lime
web_4c6d09b293434a0ca17b201c94d0a037,85947,73,1,Player 2: lime,ai,Impostor,PRE_VOTE,
web_4c6d09b293434a0ca17b201c94d0a037,85963,73,1,Red,human,Crewmate,PRE_VOTE,
web_4c6d09b293434a0ca17b201c94d0a037,86317,73,1,Player 4: orange,ai,Crewmate,VOTE,Player 2: lime
web_4c6d09b293434a0ca17b201c94d0a037,86318,73,1,Player 2: lime,ai,Impostor,VOTE,
web_4c6d09b293434a0ca17b201c94d0a037,86322,73,1,Player 5: white,ai,Crewmate,VOTE,
web_4c6d09b293434a0ca17b201c94d0a037,86331,73,1,Player 5: white,ai,Crewmate,VOTE_INFLUENCE,
web_4c6d09b293434a0ca17b201c94d0a037,86333,73,1,Player 4: orange,ai,Crewmate,VOTE_INFLUENCE,
web_4c6d09b293434a0ca17b201c94d0a037,86336,73,1,Player 2: lime,ai,Impostor,VOTE_INFLUENCE,
web_4c6d09b293434a0ca17b201c94d0a037,86353,73,1,Red,human,Crewmate,VOTE,Player 4: orange
web_4c6d09b293434a0ca17b201c94d0a037,86368,73,1,Red,human,Crewmate,VOTE_INFLUENCE,
web_4c6d09b293434a0ca17b201c94d0a037,86419,76,2,Player 4: orange,ai,Crewmate,PRE_VOTE,Player 2: lime
web_4c6d09b293434a0ca17b201c94d0a037,86427,76,2,Player 2: lime,ai,Impostor,PRE_VOTE,
web_4c6d09b293434a0ca17b201c94d0a037,86432,76,2,Red,human,Crewmate,PRE_VOTE,Player 4: orange
web_4c6d09b293434a0ca17b201c94d0a037,86770,76,2,Player 2: lime,ai,Impostor,VOTE,Player 4: orange
web_4c6d09b293434a0ca17b201c94d0a037,86776,76,2,Player 4: orange,ai,Crewmate,VOTE,
web_4c6d09b293434a0ca17b201c94d0a037,86783,76,2,Player 2: lime,ai,Impostor,VOTE_INFLUENCE,
web_4c6d09b293434a0ca17b201c94d0a037,86785,76,2,Player 4: orange,ai,Crewmate,VOTE_INFLUENCE,
web_4c6d09b293434a0ca17b201c94d0a037,86799,76,2,Red,human,Crewmate,VOTE,Player 2: lime
web_4c6d09b293434a0ca17b201c94d0a037,86808,76,2,Red,human,Crewmate,VOTE_INFLUENCE,
web_4c924a8fc322481b96fcba551a552738,22055,29,1,Player 4: pink,ai,Crewmate,PRE_VOTE,Cyan
web_4c924a8fc322481b96fcba551a552738,22057,29,1,Cyan,human,Impostor,PRE_VOTE,Player 4: pink
web_4c924a8fc322481b96fcba551a552738,22058,29,1,Lime,human,Crewmate,PRE_VOTE,Lime
web_4c924a8fc322481b96fcba551a552738,22059,29,1,Brown,human,Crewmate,PRE_VOTE,Cyan
web_4c924a8fc322481b96fcba551a552738,22219,29,1,Player 4: pink,ai,Crewmate,VOTE,Cyan
web_4c924a8fc322481b96fcba551a552738,22224,29,1,Player 4: pink,ai,Crewmate,VOTE_INFLUENCE,
web_4c924a8fc322481b96fcba551a552738,22228,29,1,Cyan,human,Impostor,VOTE,
web_4c924a8fc322481b96fcba551a552738,22234,29,1,Brown,human,Crewmate,VOTE,Cyan
web_4c924a8fc322481b96fcba551a552738,22243,29,1,Lime,human,Crewmate,VOTE,Cyan
web_4c924a8fc322481b96fcba551a552738,22245,29,1,Brown,human,Crewmate,VOTE_INFLUENCE,
web_4c924a8fc322481b96fcba551a552738,22246,29,1,Cyan,human,Impostor,VOTE_INFLUENCE,
web_4c924a8fc322481b96fcba551a552738,22261,29,1,Lime,human,Crewmate,VOTE_INFLUENCE,
web_4cf2ad8ba0b34348a6bab8129589d104,79345,6,1,Player 3: yellow,ai,Crewmate,PRE_VOTE,Cyan
web_4cf2ad8ba0b34348a6bab8129589d104,79346,6,1,Player 4: white,ai,Crewmate,PRE_VOTE,Cyan
web_4cf2ad8ba0b34348a6bab8129589d104,79347,6,1,Player 5: blue,ai,Crewmate,PRE_VOTE,
web_4cf2ad8ba0b34348a6bab8129589d104,79348,6,1,Cyan,human,Impostor,PRE_VOTE,Player 3: yellow
web_4cf2ad8ba0b34348a6bab8129589d104,79429,6,1,Player 5: blue,ai,Crewmate,VOTE,Cyan
web_4cf2ad8ba0b34348a6bab8129589d104,79430,6,1,Player 3: yellow,ai,Crewmate,VOTE,
web_4cf2ad8ba0b34348a6bab8129589d104,79431,6,1,Player 4: white,ai,Crewmate,VOTE,
web_4cf2ad8ba0b34348a6bab8129589d104,79432,6,1,Player 5: blue,ai,Crewmate,VOTE_INFLUENCE,
web_4cf2ad8ba0b34348a6bab8129589d104,79433,6,1,Player 4: white,ai,Crewmate,VOTE_INFLUENCE,
web_4cf2ad8ba0b34348a6bab8129589d104,79434,6,1,Player 3: yellow,ai,Crewmate,VOTE_INFLUENCE,
web_4cf2ad8ba0b34348a6bab8129589d104,79439,6,1,Cyan,human,Impostor,VOTE_INFLUENCE,
web_4cf2ad8ba0b34348a6bab8129589d104,79440,6,1,Cyan,human,Impostor,VOTE,
web_4d1de7c23e9f408294dd730c8e5c674a,78095,2,1,Brown,human,Crewmate,PRE_VOTE,Purple
web_4d1de7c23e9f408294dd730c8e5c674a,78096,2,1,Player 2: pink,ai,Crewmate,PRE_VOTE,Purple
web_4d1de7c23e9f408294dd730c8e5c674a,78097,2,1,Player 3: blue,ai,Crewmate,PRE_VOTE,Purple
web_4d1de7c23e9f408294dd730c8e5c674a,78098,2,1,Player 4: black,ai,Crewmate,PRE_VOTE,Purple
web_4d1de7c23e9f408294dd730c8e5c674a,78110,2,1,Purple,human,Impostor,PRE_VOTE,
web_4d1de7c23e9f408294dd730c8e5c674a,78420,2,1,Player 3: blue,ai,Crewmate,VOTE,Purple
web_4d1de7c23e9f408294dd730c8e5c674a,78422,2,1,Player 2: pink,ai,Crewmate,VOTE,Purple
web_4d1de7c23e9f408294dd730c8e5c674a,78424,2,1,Player 4: black,ai,Crewmate,VOTE,Purple
web_4d1de7c23e9f408294dd730c8e5c674a,78426,2,1,Player 2: pink,ai,Crewmate,VOTE_INFLUENCE,
web_4d1de7c23e9f408294dd730c8e5c674a,78427,2,1,Player 3: blue,ai,Crewmate,VOTE_INFLUENCE,
web_4d1de7c23e9f408294dd730c8e5c674a,78430,2,1,Player 4: black,ai,Crewmate,VOTE_INFLUENCE,
web_4d1de7c23e9f408294dd730c8e5c674a,78433,2,1,Brown,human,Crewmate,VOTE,Purple
web_4d1de7c23e9f408294dd730c8e5c674a,78449,2,1,Purple,human,Impostor,VOTE,
web_4d1de7c23e9f408294dd730c8e5c674a,78451,2,1,Brown,human,Crewmate,VOTE_INFLUENCE,
web_4d1de7c23e9f408294dd730c8e5c674a,78455,2,1,Purple,human,Impostor,VOTE_INFLUENCE,
web_4dd1ea057a024800a19d69900c3f0196,55046,30,1,Player 2: green,ai,Crewmate,PRE_VOTE,Player 3: lime
web_4dd1ea057a024800a19d69900c3f0196,55055,30,1,Player 3: lime,ai,Impostor,PRE_VOTE,
web_4dd1ea057a024800a19d69900c3f0196,55091,30,1,Cyan,human,Crewmate,PRE_VOTE,Player 2: green
web_4dd1ea057a024800a19d69900c3f0196,55579,30,1,Player 2: green,ai,Crewmate,VOTE,
web_4dd1ea057a024800a19d69900c3f0196,55586,30,1,Player 3: lime,ai,Impostor,VOTE,
web_4dd1ea057a024800a19d69900c3f0196,55596,30,1,Player 2: green,ai,Crewmate,VOTE_INFLUENCE,
web_4dd1ea057a024800a19d69900c3f0196,55608,30,1,Player 3: lime,ai,Impostor,VOTE_INFLUENCE,
web_4dd1ea057a024800a19d69900c3f0196,55625,30,1,Cyan,human,Crewmate,VOTE,
web_4dd1ea057a024800a19d69900c3f0196,55646,30,1,Cyan,human,Crewmate,VOTE_INFLUENCE,
web_4de2d7130004434aa83ccc0caf4c1a5d,42330,16,1,Player 2: orange,ai,Crewmate,PRE_VOTE,Player 5: cyan
web_4de2d7130004434aa83ccc0caf4c1a5d,42332,16,1,Player 4: black,ai,Crewmate,PRE_VOTE,
web_4de2d7130004434aa83ccc0caf4c1a5d,42333,16,1,Player 5: cyan,ai,Impostor,PRE_VOTE,
web_4de2d7130004434aa83ccc0caf4c1a5d,42341,16,1,Red,human,Crewmate,PRE_VOTE,
web_4de2d7130004434aa83ccc0caf4c1a5d,42408,16,1,Player 2: orange,ai,Crewmate,VOTE,
web_4de2d7130004434aa83ccc0caf4c1a5d,42409,16,1,Player 4: black,ai,Crewmate,VOTE,
web_4de2d7130004434aa83ccc0caf4c1a5d,42410,16,1,Player 5: cyan,ai,Impostor,VOTE,
web_4de2d7130004434aa83ccc0caf4c1a5d,42411,16,1,Player 2: orange,ai,Crewmate,VOTE_INFLUENCE,
web_4de2d7130004434aa83ccc0caf4c1a5d,42414,16,1,Player 4: black,ai,Crewmate,VOTE_INFLUENCE,
web_4de2d7130004434aa83ccc0caf4c1a5d,42415,16,1,Player 5: cyan,ai,Impostor,VOTE_INFLUENCE,
web_4de2d7130004434aa83ccc0caf4c1a5d,42425,16,1,Red,human,Crewmate,VOTE_INFLUENCE,
web_4de2d7130004434aa83ccc0caf4c1a5d,42426,16,1,Red,human,Crewmate,VOTE,
web_4de2d7130004434aa83ccc0caf4c1a5d,42440,19,2,Player 5: cyan,ai,Impostor,PRE_VOTE,
web_4de2d7130004434aa83ccc0caf4c1a5d,42441,19,2,Player 4: black,ai,Crewmate,PRE_VOTE,
web_4de2d7130004434aa83ccc0caf4c1a5d,42448,19,2,Player 2: orange,ai,Crewmate,PRE_VOTE,
web_4de2d7130004434aa83ccc0caf4c1a5d,42458,19,2,Red,human,Crewmate,PRE_VOTE,
web_4de2d7130004434aa83ccc0caf4c1a5d,42548,19,2,Player 2: orange,ai,Crewmate,VOTE,Player 5: cyan
web_4de2d7130004434aa83ccc0caf4c1a5d,42549,19,2,Player 4: black,ai,Crewmate,VOTE,
web_4de2d7130004434aa83ccc0caf4c1a5d,42550,19,2,Player 5: cyan,ai,Impostor,VOTE,
web_4de2d7130004434aa83ccc0caf4c1a5d,42553,19,2,Player 2: orange,ai,Crewmate,VOTE_INFLUENCE,
web_4de2d7130004434aa83ccc0caf4c1a5d,42554,19,2,Player 4: black,ai,Crewmate,VOTE_INFLUENCE,
web_4de2d7130004434aa83ccc0caf4c1a5d,42555,19,2,Player 5: cyan,ai,Impostor,VOTE_INFLUENCE,
web_4e596abcc7ac4412a6fc13acabe0eaba,78723,9,1,Player 5: purple,ai,Crewmate,PRE_VOTE,Orange
web_4e596abcc7ac4412a6fc13acabe0eaba,78728,9,1,Player 3: lime,ai,Crewmate,PRE_VOTE,Orange
web_4e596abcc7ac4412a6fc13acabe0eaba,78730,9,1,Player 4: pink,ai,Crewmate,PRE_VOTE,Orange
web_4e596abcc7ac4412a6fc13acabe0eaba,78731,9,1,Orange,human,Impostor,PRE_VOTE,Cyan
web_4e596abcc7ac4412a6fc13acabe0eaba,78775,9,1,Cyan,human,Crewmate,PRE_VOTE,
web_4e596abcc7ac4412a6fc13acabe0eaba,79041,9,1,Player 3: lime,ai,Crewmate,VOTE,Orange
web_4e596abcc7ac4412a6fc13acabe0eaba,79043,9,1,Player 4: pink,ai,Crewmate,VOTE,Orange
web_4e596abcc7ac4412a6fc13acabe0eaba,79046,9,1,Player 5: purple,ai,Crewmate,VOTE,Orange
web_4e596abcc7ac4412a6fc13acabe0eaba,79047,9,1,Player 4: pink,ai,Crewmate,VOTE_INFLUENCE,
web_4e596abcc7ac4412a6fc13acabe0eaba,79048,9,1,Player 5: purple,ai,Crewmate,VOTE_INFLUENCE,
web_4e596abcc7ac4412a6fc13acabe0eaba,79053,9,1,Player 3: lime,ai,Crewmate,VOTE_INFLUENCE,
web_4e596abcc7ac4412a6fc13acabe0eaba,79066,9,1,Cyan,human,Crewmate,VOTE,Player 3: lime
web_4e596abcc7ac4412a6fc13acabe0eaba,79078,9,1,Cyan,human,Crewmate,VOTE_INFLUENCE,
web_4e596abcc7ac4412a6fc13acabe0eaba,79079,9,1,Orange,human,Impostor,VOTE,Player 3: lime
web_4e596abcc7ac4412a6fc13acabe0eaba,79089,9,1,Orange,human,Impostor,VOTE_INFLUENCE,
web_4e6712baa0bd4ad88d135e40ad229491,40188,2,1,Brown,human,Crewmate,PRE_VOTE,Yellow
web_4e6712baa0bd4ad88d135e40ad229491,40189,2,1,Yellow,human,Crewmate,PRE_VOTE,
web_4e6712baa0bd4ad88d135e40ad229491,40190,2,1,Player 3: black,ai,Crewmate,PRE_VOTE,
web_4e6712baa0bd4ad88d135e40ad229491,40191,2,1,White,human,Crewmate,PRE_VOTE,
web_4e6712baa0bd4ad88d135e40ad229491,40192,2,1,Cyan,human,Impostor,PRE_VOTE,
web_4e6712baa0bd4ad88d135e40ad229491,40220,2,1,Player 3: black,ai,Crewmate,VOTE,
web_4e6712baa0bd4ad88d135e40ad229491,40221,2,1,Player 3: black,ai,Crewmate,VOTE_INFLUENCE,
web_4e6712baa0bd4ad88d135e40ad229491,40222,2,1,Brown,human,Crewmate,VOTE,Player 3: black
web_4e6712baa0bd4ad88d135e40ad229491,40224,2,1,Brown,human,Crewmate,VOTE_INFLUENCE,
web_4e6712baa0bd4ad88d135e40ad229491,40225,2,1,White,human,Crewmate,VOTE,Player 3: black
web_4e6712baa0bd4ad88d135e40ad229491,40227,2,1,Yellow,human,Crewmate,VOTE,
web_4e6712baa0bd4ad88d135e40ad229491,40229,2,1,White,human,Crewmate,VOTE_INFLUENCE,
web_4e6712baa0bd4ad88d135e40ad229491,40230,2,1,Cyan,human,Impostor,VOTE,
web_4e6712baa0bd4ad88d135e40ad229491,40232,2,1,Cyan,human,Impostor,VOTE_INFLUENCE,
web_4e6712baa0bd4ad88d135e40ad229491,40233,2,1,Yellow,human,Crewmate,VOTE_INFLUENCE,
web_4e6712baa0bd4ad88d135e40ad229491,40265,14,2,Cyan,human,Impostor,PRE_VOTE,Yellow
web_4e6712baa0bd4ad88d135e40ad229491,40266,14,2,White,human,Crewmate,PRE_VOTE,Yellow
web_4e6712baa0bd4ad88d135e40ad229491,40267,14,2,Yellow,human,Crewmate,PRE_VOTE,
web_4e6712baa0bd4ad88d135e40ad229491,40305,14,2,White,human,Crewmate,VOTE,Cyan
web_4e6712baa0bd4ad88d135e40ad229491,40307,14,2,Yellow,human,Crewmate,VOTE,Cyan
web_4e6712baa0bd4ad88d135e40ad229491,40309,14,2,Cyan,human,Impostor,VOTE,White
web_4e6712baa0bd4ad88d135e40ad229491,40311,14,2,White,human,Crewmate,VOTE_INFLUENCE,
web_4e6712baa0bd4ad88d135e40ad229491,40312,14,2,Cyan,human,Impostor,VOTE_INFLUENCE,
web_4e6712baa0bd4ad88d135e40ad229491,40313,14,2,Yellow,human,Crewmate,VOTE_INFLUENCE,
web_4ef518d47fc34169ab9b8a8f04b6c89f,74629,34,1,Player 3: yellow,ai,Crewmate,PRE_VOTE,Player 4: black
web_4ef518d47fc34169ab9b8a8f04b6c89f,74637,34,1,Player 4: black,ai,Impostor,PRE_VOTE,
web_4ef518d47fc34169ab9b8a8f04b6c89f,74638,34,1,Player 5: white,ai,Crewmate,PRE_VOTE,
web_4ef518d47fc34169ab9b8a8f04b6c89f,74942,34,1,Player 3: yellow,ai,Crewmate,VOTE,
web_4ef518d47fc34169ab9b8a8f04b6c89f,74943,34,1,Player 5: white,ai,Crewmate,VOTE,Player 3: yellow
web_4ef518d47fc34169ab9b8a8f04b6c89f,74946,34,1,Player 4: black,ai,Impostor,VOTE,
web_4ef518d47fc34169ab9b8a8f04b6c89f,74949,34,1,Player 3: yellow,ai,Crewmate,VOTE_INFLUENCE,
web_4ef518d47fc34169ab9b8a8f04b6c89f,74951,34,1,Player 5: white,ai,Crewmate,VOTE_INFLUENCE,
web_4ef518d47fc34169ab9b8a8f04b6c89f,74958,34,1,Player 4: black,ai,Impostor,VOTE_INFLUENCE,
web_5073042e8f0c4b52999ff7d5662d16ec,58557,34,1,Player 5: brown,ai,Crewmate,PRE_VOTE,
web_5073042e8f0c4b52999ff7d5662d16ec,58561,34,1,Purple,human,Impostor,PRE_VOTE,
web_5073042e8f0c4b52999ff7d5662d16ec,58578,34,1,White,human,Crewmate,PRE_VOTE,
web_5073042e8f0c4b52999ff7d5662d16ec,58593,34,1,Blue,human,Crewmate,PRE_VOTE,
web_5073042e8f0c4b52999ff7d5662d16ec,58901,34,1,Player 5: brown,ai,Crewmate,VOTE,
web_5073042e8f0c4b52999ff7d5662d16ec,58903,34,1,Player 5: brown,ai,Crewmate,VOTE_INFLUENCE,
web_5073042e8f0c4b52999ff7d5662d16ec,58911,34,1,White,human,Crewmate,VOTE,Player 5: brown
web_5073042e8f0c4b52999ff7d5662d16ec,58917,34,1,Purple,human,Impostor,VOTE,Player 5: brown
web_5073042e8f0c4b52999ff7d5662d16ec,58930,34,1,White,human,Crewmate,VOTE_INFLUENCE,
web_5073042e8f0c4b52999ff7d5662d16ec,58940,34,1,Purple,human,Impostor,VOTE_INFLUENCE,
web_516f35755ae04332aa734d0c344bfe36,28094,2,1,Player 4: black,ai,Crewmate,PRE_VOTE,
web_516f35755ae04332aa734d0c344bfe36,28095,2,1,Player 5: white,ai,Crewmate,PRE_VOTE,
web_516f35755ae04332aa734d0c344bfe36,28099,2,1,Green,human,Crewmate,PRE_VOTE,Green
web_516f35755ae04332aa734d0c344bfe36,28110,2,1,Pink,human,Crewmate,PRE_VOTE,Lime
web_516f35755ae04332aa734d0c344bfe36,28111,2,1,Lime,human,Impostor,PRE_VOTE,Pink
web_516f35755ae04332aa734d0c344bfe36,28456,2,1,Player 5: white,ai,Crewmate,VOTE,
web_516f35755ae04332aa734d0c344bfe36,28457,2,1,Player 4: black,ai,Crewmate,VOTE,
web_516f35755ae04332aa734d0c344bfe36,28458,2,1,Player 5: white,ai,Crewmate,VOTE_INFLUENCE,
web_516f35755ae04332aa734d0c344bfe36,28459,2,1,Player 4: black,ai,Crewmate,VOTE_INFLUENCE,
web_516f35755ae04332aa734d0c344bfe36,28466,2,1,Pink,human,Crewmate,VOTE,Lime
web_516f35755ae04332aa734d0c344bfe36,28473,2,1,Pink,human,Crewmate,VOTE_INFLUENCE,
web_516f35755ae04332aa734d0c344bfe36,28476,2,1,Green,human,Crewmate,VOTE,Player 4: black
web_516f35755ae04332aa734d0c344bfe36,28489,2,1,Lime,human,Impostor,VOTE,Pink
web_516f35755ae04332aa734d0c344bfe36,28499,2,1,Lime,human,Impostor,VOTE_INFLUENCE,
web_516f35755ae04332aa734d0c344bfe36,28513,2,1,Green,human,Crewmate,VOTE_INFLUENCE,
web_516f35755ae04332aa734d0c344bfe36,28554,4,2,Player 5: white,ai,Crewmate,PRE_VOTE,Pink
web_516f35755ae04332aa734d0c344bfe36,28556,4,2,Player 4: black,ai,Crewmate,PRE_VOTE,Pink
web_516f35755ae04332aa734d0c344bfe36,28557,4,2,Pink,human,Crewmate,PRE_VOTE,
web_516f35755ae04332aa734d0c344bfe36,28574,4,2,Lime,human,Impostor,PRE_VOTE,
web_516f35755ae04332aa734d0c344bfe36,28597,4,2,Green,human,Crewmate,PRE_VOTE,Green
web_516f35755ae04332aa734d0c344bfe36,29013,4,2,Player 5: white,ai,Crewmate,VOTE,
web_516f35755ae04332aa734d0c344bfe36,29017,4,2,Player 4: black,ai,Crewmate,VOTE,
web_516f35755ae04332aa734d0c344bfe36,29020,4,2,Player 5: white,ai,Crewmate,VOTE_INFLUENCE,
web_516f35755ae04332aa734d0c344bfe36,29027,4,2,Player 4: black,ai,Crewmate,VOTE_INFLUENCE,
web_516f35755ae04332aa734d0c344bfe36,29037,4,2,Pink,human,Crewmate,VOTE,Player 4: black
web_516f35755ae04332aa734d0c344bfe36,29044,4,2,Pink,human,Crewmate,VOTE_INFLUENCE,
web_516f35755ae04332aa734d0c344bfe36,29092,4,2,Lime,human,Impostor,VOTE_INFLUENCE,
web_516f35755ae04332aa734d0c344bfe36,29094,4,2,Green,human,Crewmate,VOTE_INFLUENCE,
web_516f35755ae04332aa734d0c344bfe36,29095,4,2,Lime,human,Impostor,VOTE,
web_516f35755ae04332aa734d0c344bfe36,29096,4,2,Green,human,Crewmate,VOTE,
web_52e6147bed4d45898c873fc8a1126353,19389,88,1,Player 5: white,ai,Impostor,PRE_VOTE,
web_52e6147bed4d45898c873fc8a1126353,19390,88,1,Player 3: lime,ai,Crewmate,PRE_VOTE,
web_52e6147bed4d45898c873fc8a1126353,19391,88,1,Player 4: black,ai,Crewmate,PRE_VOTE,
web_52e6147bed4d45898c873fc8a1126353,19406,88,1,Player 4: black,ai,Crewmate,VOTE,
web_52e6147bed4d45898c873fc8a1126353,19407,88,1,Player 3: lime,ai,Crewmate,VOTE,Player 5: white
web_52e6147bed4d45898c873fc8a1126353,19408,88,1,Player 5: white,ai,Impostor,VOTE,
web_52e6147bed4d45898c873fc8a1126353,19409,88,1,Player 3: lime,ai,Crewmate,VOTE_INFLUENCE,
web_52e6147bed4d45898c873fc8a1126353,19410,88,1,Player 4: black,ai,Crewmate,VOTE_INFLUENCE,
web_52e6147bed4d45898c873fc8a1126353,19411,88,1,Player 5: white,ai,Impostor,VOTE_INFLUENCE,
web_52e6fecc512549f498807ede1fe68a78,59209,9,1,Player 3: lime,ai,Crewmate,PRE_VOTE,
web_52e6fecc512549f498807ede1fe68a78,59212,9,1,Red,human,Crewmate,PRE_VOTE,Player 2: white
web_52e6fecc512549f498807ede1fe68a78,59214,9,1,Player 2: white,ai,Impostor,PRE_VOTE,
web_52e6fecc512549f498807ede1fe68a78,59217,9,1,Purple,human,Crewmate,PRE_VOTE,Player 2: white
web_52e6fecc512549f498807ede1fe68a78,59232,9,1,Brown,human,Crewmate,PRE_VOTE,Red
web_52e6fecc512549f498807ede1fe68a78,59401,9,1,Player 2: white,ai,Impostor,VOTE,Purple
web_52e6fecc512549f498807ede1fe68a78,59402,9,1,Player 3: lime,ai,Crewmate,VOTE,
web_52e6fecc512549f498807ede1fe68a78,59408,9,1,Player 2: white,ai,Impostor,VOTE_INFLUENCE,
web_52e6fecc512549f498807ede1fe68a78,59409,9,1,Player 3: lime,ai,Crewmate,VOTE_INFLUENCE,
web_52e6fecc512549f498807ede1fe68a78,59410,9,1,Purple,human,Crewmate,VOTE,Player 2: white
web_52e6fecc512549f498807ede1fe68a78,59417,9,1,Purple,human,Crewmate,VOTE_INFLUENCE,
web_52e6fecc512549f498807ede1fe68a78,59422,9,1,Red,human,Crewmate,VOTE,Purple
web_52e6fecc512549f498807ede1fe68a78,59426,9,1,Brown,human,Crewmate,VOTE,Red
web_52e6fecc512549f498807ede1fe68a78,59434,9,1,Brown,human,Crewmate,VOTE_INFLUENCE,
web_52e6fecc512549f498807ede1fe68a78,59435,9,1,Red,human,Crewmate,VOTE_INFLUENCE,
web_52e6fecc512549f498807ede1fe68a78,59554,32,2,Player 3: lime,ai,Crewmate,PRE_VOTE,Player 2: white
web_52e6fecc512549f498807ede1fe68a78,59557,32,2,Red,human,Crewmate,PRE_VOTE,Player 2: white
web_52e6fecc512549f498807ede1fe68a78,59558,32,2,Player 2: white,ai,Impostor,PRE_VOTE,
web_52e6fecc512549f498807ede1fe68a78,59714,32,2,Player 3: lime,ai,Crewmate,VOTE,Player 2: white
web_52e6fecc512549f498807ede1fe68a78,59715,32,2,Player 2: white,ai,Impostor,VOTE,
web_52e6fecc512549f498807ede1fe68a78,59720,32,2,Player 3: lime,ai,Crewmate,VOTE_INFLUENCE,
web_52e6fecc512549f498807ede1fe68a78,59721,32,2,Player 2: white,ai,Impostor,VOTE_INFLUENCE,
web_52e6fecc512549f498807ede1fe68a78,59723,32,2,Red,human,Crewmate,VOTE,Player 2: white
web_52e6fecc512549f498807ede1fe68a78,59725,32,2,Red,human,Crewmate,VOTE_INFLUENCE,
web_534677a6530147aa9063f54479106db7,46267,10,1,Player 2: green,ai,Crewmate,PRE_VOTE,Blue
web_534677a6530147aa9063f54479106db7,46272,10,1,Blue,human,Impostor,PRE_VOTE,Player 2: green
web_534677a6530147aa9063f54479106db7,46276,10,1,Purple,human,Crewmate,PRE_VOTE,Lime
web_534677a6530147aa9063f54479106db7,46285,10,1,Lime,human,Crewmate,PRE_VOTE,
web_534677a6530147aa9063f54479106db7,46559,10,1,Player 2: green,ai,Crewmate,VOTE,
web_534677a6530147aa9063f54479106db7,46563,10,1,Player 2: green,ai,Crewmate,VOTE_INFLUENCE,
web_534677a6530147aa9063f54479106db7,46577,10,1,Purple,human,Crewmate,VOTE,Lime
web_534677a6530147aa9063f54479106db7,46579,10,1,Blue,human,Impostor,VOTE,Player 2: green
web_534677a6530147aa9063f54479106db7,46589,10,1,Lime,human,Crewmate,VOTE,
web_534677a6530147aa9063f54479106db7,46591,10,1,Purple,human,Crewmate,VOTE_INFLUENCE,
web_534677a6530147aa9063f54479106db7,46597,10,1,Blue,human,Impostor,VOTE_INFLUENCE,
web_534677a6530147aa9063f54479106db7,46621,10,1,Lime,human,Crewmate,VOTE_INFLUENCE,
web_534677a6530147aa9063f54479106db7,46659,12,2,Player 2: green,ai,Crewmate,PRE_VOTE,Blue
web_534677a6530147aa9063f54479106db7,46667,12,2,Purple,human,Crewmate,PRE_VOTE,Lime
web_534677a6530147aa9063f54479106db7,46675,12,2,Lime,human,Crewmate,PRE_VOTE,Purple
web_534677a6530147aa9063f54479106db7,46679,12,2,Blue,human,Impostor,PRE_VOTE,Player 2: green
web_534677a6530147aa9063f54479106db7,46971,12,2,Player 2: green,ai,Crewmate,VOTE,Blue
web_534677a6530147aa9063f54479106db7,46976,12,2,Player 2: green,ai,Crewmate,VOTE_INFLUENCE,
web_534677a6530147aa9063f54479106db7,46979,12,2,Blue,human,Impostor,VOTE,Player 2: green
web_534677a6530147aa9063f54479106db7,46984,12,2,Purple,human,Crewmate,VOTE,Lime
web_534677a6530147aa9063f54479106db7,46991,12,2,Blue,human,Impostor,VOTE_INFLUENCE,
web_534677a6530147aa9063f54479106db7,46992,12,2,Lime,human,Crewmate,VOTE,Purple
web_534677a6530147aa9063f54479106db7,46994,12,2,Purple,human,Crewmate,VOTE_INFLUENCE,
web_534677a6530147aa9063f54479106db7,46997,12,2,Lime,human,Crewmate,VOTE_INFLUENCE,
web_53782abf647c45b6a9274e2ab9427b20,68794,24,1,Player 3: cyan,ai,Crewmate,PRE_VOTE,Green
web_53782abf647c45b6a9274e2ab9427b20,68818,24,1,Green,human,Impostor,PRE_VOTE,Player 3: cyan
web_53782abf647c45b6a9274e2ab9427b20,68823,24,1,Pink,human,Crewmate,PRE_VOTE,
web_53782abf647c45b6a9274e2ab9427b20,68824,24,1,Blue,human,Crewmate,PRE_VOTE,
web_53782abf647c45b6a9274e2ab9427b20,69211,24,1,Player 3: cyan,ai,Crewmate,VOTE,Green
web_53782abf647c45b6a9274e2ab9427b20,69223,24,1,Player 3: cyan,ai,Crewmate,VOTE_INFLUENCE,
web_53782abf647c45b6a9274e2ab9427b20,69234,24,1,Green,human,Impostor,VOTE,Player 3: cyan
web_53782abf647c45b6a9274e2ab9427b20,69241,24,1,Green,human,Impostor,VOTE_INFLUENCE,
web_53dec2b4a5f649f4a4161290cf9e4a66,73506,34,1,Player 3: green,ai,Crewmate,PRE_VOTE,
web_53dec2b4a5f649f4a4161290cf9e4a66,73507,34,1,Player 4: blue,ai,Crewmate,PRE_VOTE,
web_53dec2b4a5f649f4a4161290cf9e4a66,73511,34,1,Player 2: red,ai,Crewmate,PRE_VOTE,Orange
web_53dec2b4a5f649f4a4161290cf9e4a66,73539,34,1,Orange,human,Impostor,PRE_VOTE,Player 4: blue
web_53dec2b4a5f649f4a4161290cf9e4a66,73562,34,1,Black,human,Crewmate,PRE_VOTE,Player 2: red
web_53dec2b4a5f649f4a4161290cf9e4a66,73962,34,1,Player 4: blue,ai,Crewmate,VOTE,Orange
web_53dec2b4a5f649f4a4161290cf9e4a66,73964,34,1,Player 2: red,ai,Crewmate,VOTE,Orange
web_53dec2b4a5f649f4a4161290cf9e4a66,73970,34,1,Player 3: green,ai,Crewmate,VOTE,
web_53dec2b4a5f649f4a4161290cf9e4a66,73972,34,1,Player 2: red,ai,Crewmate,VOTE_INFLUENCE,
web_53dec2b4a5f649f4a4161290cf9e4a66,73982,34,1,Player 4: blue,ai,Crewmate,VOTE_INFLUENCE,
web_53dec2b4a5f649f4a4161290cf9e4a66,73983,34,1,Player 3: green,ai,Crewmate,VOTE_INFLUENCE,
web_53dec2b4a5f649f4a4161290cf9e4a66,74009,34,1,Orange,human,Impostor,VOTE,Player 2: red
web_53dec2b4a5f649f4a4161290cf9e4a66,74025,34,1,Black,human,Crewmate,VOTE,Orange
web_53dec2b4a5f649f4a4161290cf9e4a66,74044,34,1,Black,human,Crewmate,VOTE_INFLUENCE,
web_53dec2b4a5f649f4a4161290cf9e4a66,74051,34,1,Orange,human,Impostor,VOTE_INFLUENCE,
web_540adfb43026495cb02d17d667ba5fe8,45264,14,1,Player 5: purple,ai,Crewmate,PRE_VOTE,
web_540adfb43026495cb02d17d667ba5fe8,45267,14,1,Blue,human,Crewmate,PRE_VOTE,
web_540adfb43026495cb02d17d667ba5fe8,45273,14,1,Brown,human,Crewmate,PRE_VOTE,Red
web_540adfb43026495cb02d17d667ba5fe8,45274,14,1,Pink,human,Crewmate,PRE_VOTE,Brown
web_540adfb43026495cb02d17d667ba5fe8,45275,14,1,Red,human,Impostor,PRE_VOTE,Blue
web_540adfb43026495cb02d17d667ba5fe8,45608,14,1,Player 5: purple,ai,Crewmate,VOTE,
web_540adfb43026495cb02d17d667ba5fe8,45619,14,1,Player 5: purple,ai,Crewmate,VOTE_INFLUENCE,
web_540adfb43026495cb02d17d667ba5fe8,45627,14,1,Brown,human,Crewmate,VOTE,
web_540adfb43026495cb02d17d667ba5fe8,45629,14,1,Pink,human,Crewmate,VOTE,Blue
web_540adfb43026495cb02d17d667ba5fe8,45640,14,1,Blue,human,Crewmate,VOTE,
web_540adfb43026495cb02d17d667ba5fe8,45647,14,1,Red,human,Impostor,VOTE,Blue
web_540adfb43026495cb02d17d667ba5fe8,45651,14,1,Brown,human,Crewmate,VOTE_INFLUENCE,
web_540adfb43026495cb02d17d667ba5fe8,45655,14,1,Pink,human,Crewmate,VOTE_INFLUENCE,
web_540adfb43026495cb02d17d667ba5fe8,45660,14,1,Red,human,Impostor,VOTE_INFLUENCE,
web_540adfb43026495cb02d17d667ba5fe8,45665,14,1,Blue,human,Crewmate,VOTE_INFLUENCE,
web_540adfb43026495cb02d17d667ba5fe8,45847,56,2,Red,human,Impostor,PRE_VOTE,
web_540adfb43026495cb02d17d667ba5fe8,45849,56,2,Brown,human,Crewmate,PRE_VOTE,Red
web_540adfb43026495cb02d17d667ba5fe8,45850,56,2,Pink,human,Crewmate,PRE_VOTE,
web_540adfb43026495cb02d17d667ba5fe8,46023,56,2,Brown,human,Crewmate,VOTE,Red
web_540adfb43026495cb02d17d667ba5fe8,46027,56,2,Red,human,Impostor,VOTE,Pink
web_540adfb43026495cb02d17d667ba5fe8,46030,56,2,Brown,human,Crewmate,VOTE_INFLUENCE,
web_540adfb43026495cb02d17d667ba5fe8,46032,56,2,Red,human,Impostor,VOTE_INFLUENCE,
web_540adfb43026495cb02d17d667ba5fe8,46035,56,2,Pink,human,Crewmate,VOTE,Brown
web_540adfb43026495cb02d17d667ba5fe8,46040,56,2,Pink,human,Crewmate,VOTE_INFLUENCE,
web_54924add0caa488f8376ca61f3e81e0d,68031,20,1,Player 4: green,ai,Crewmate,PRE_VOTE,
web_54924add0caa488f8376ca61f3e81e0d,68036,20,1,Player 5: pink,ai,Crewmate,PRE_VOTE,Purple
web_54924add0caa488f8376ca61f3e81e0d,68038,20,1,Purple,human,Impostor,PRE_VOTE,Lime
web_54924add0caa488f8376ca61f3e81e0d,68055,20,1,Orange,human,Crewmate,PRE_VOTE,
web_54924add0caa488f8376ca61f3e81e0d,68076,20,1,Lime,human,Crewmate,PRE_VOTE,
web_54924add0caa488f8376ca61f3e81e0d,68329,20,1,Player 4: green,ai,Crewmate,VOTE,Purple
web_54924add0caa488f8376ca61f3e81e0d,68332,20,1,Player 5: pink,ai,Crewmate,VOTE,Purple
web_54924add0caa488f8376ca61f3e81e0d,68333,20,1,Player 4: green,ai,Crewmate,VOTE_INFLUENCE,
web_54924add0caa488f8376ca61f3e81e0d,68337,20,1,Player 5: pink,ai,Crewmate,VOTE_INFLUENCE,
web_54924add0caa488f8376ca61f3e81e0d,68340,20,1,Lime,human,Crewmate,VOTE,Player 5: pink
web_54924add0caa488f8376ca61f3e81e0d,68354,20,1,Purple,human,Impostor,VOTE,Player 5: pink
web_54924add0caa488f8376ca61f3e81e0d,68373,20,1,Purple,human,Impostor,VOTE_INFLUENCE,
web_54924add0caa488f8376ca61f3e81e0d,68385,20,1,Orange,human,Crewmate,VOTE,Purple
web_54924add0caa488f8376ca61f3e81e0d,68389,20,1,Lime,human,Crewmate,VOTE_INFLUENCE,
web_54924add0caa488f8376ca61f3e81e0d,68418,20,1,Orange,human,Crewmate,VOTE_INFLUENCE,
web_552ae337b3af46f2be60deea98b6697b,71664,74,1,Player 5: white,ai,Crewmate,PRE_VOTE,
web_552ae337b3af46f2be60deea98b6697b,71672,74,1,Player 3: blue,ai,Impostor,PRE_VOTE,
web_552ae337b3af46f2be60deea98b6697b,71683,74,1,Cyan,human,Crewmate,PRE_VOTE,Pink
web_552ae337b3af46f2be60deea98b6697b,71727,74,1,Pink,human,Crewmate,PRE_VOTE,
web_552ae337b3af46f2be60deea98b6697b,72158,74,1,Player 5: white,ai,Crewmate,VOTE,
web_552ae337b3af46f2be60deea98b6697b,72159,74,1,Player 3: blue,ai,Impostor,VOTE,
web_552ae337b3af46f2be60deea98b6697b,72171,74,1,Player 5: white,ai,Crewmate,VOTE_INFLUENCE,
web_552ae337b3af46f2be60deea98b6697b,72184,74,1,Player 3: blue,ai,Impostor,VOTE_INFLUENCE,
web_552ae337b3af46f2be60deea98b6697b,72204,74,1,Cyan,human,Crewmate,VOTE,Pink
web_552ae337b3af46f2be60deea98b6697b,72209,74,1,Pink,human,Crewmate,VOTE,Player 3: blue
web_552ae337b3af46f2be60deea98b6697b,72230,74,1,Cyan,human,Crewmate,VOTE_INFLUENCE,
web_552ae337b3af46f2be60deea98b6697b,72232,74,1,Pink,human,Crewmate,VOTE_INFLUENCE,
web_552ae337b3af46f2be60deea98b6697b,72521,106,2,Cyan,human,Crewmate,PRE_VOTE,Player 3: blue
web_552ae337b3af46f2be60deea98b6697b,72538,106,2,Player 5: white,ai,Crewmate,PRE_VOTE,
web_552ae337b3af46f2be60deea98b6697b,72539,106,2,Player 3: blue,ai,Impostor,PRE_VOTE,
web_552ae337b3af46f2be60deea98b6697b,72894,106,2,Player 3: blue,ai,Impostor,VOTE,Cyan
web_552ae337b3af46f2be60deea98b6697b,72898,106,2,Player 5: white,ai,Crewmate,VOTE,
web_552ae337b3af46f2be60deea98b6697b,72905,106,2,Player 3: blue,ai,Impostor,VOTE_INFLUENCE,
web_552ae337b3af46f2be60deea98b6697b,72909,106,2,Player 5: white,ai,Crewmate,VOTE_INFLUENCE,
web_552ae337b3af46f2be60deea98b6697b,72924,106,2,Cyan,human,Crewmate,VOTE,Player 3: blue
web_552ae337b3af46f2be60deea98b6697b,72939,106,2,Cyan,human,Crewmate,VOTE_INFLUENCE,
web_566cf3312cab49bab2c8de21acfd2158,79875,35,1,Player 3: purple,ai,Impostor,PRE_VOTE,
web_566cf3312cab49bab2c8de21acfd2158,79876,35,1,Player 4: red,ai,Crewmate,PRE_VOTE,
web_566cf3312cab49bab2c8de21acfd2158,79880,35,1,Player 2: white,ai,Crewmate,PRE_VOTE,
web_566cf3312cab49bab2c8de21acfd2158,79893,35,1,Yellow,human,Crewmate,PRE_VOTE,Player 3: purple
web_566cf3312cab49bab2c8de21acfd2158,80190,35,1,Player 2: white,ai,Crewmate,VOTE,
web_566cf3312cab49bab2c8de21acfd2158,80193,35,1,Player 4: red,ai,Crewmate,VOTE,
web_566cf3312cab49bab2c8de21acfd2158,80194,35,1,Player 3: purple,ai,Impostor,VOTE,
web_566cf3312cab49bab2c8de21acfd2158,80199,35,1,Player 4: red,ai,Crewmate,VOTE_INFLUENCE,
web_566cf3312cab49bab2c8de21acfd2158,80202,35,1,Player 2: white,ai,Crewmate,VOTE_INFLUENCE,
web_566cf3312cab49bab2c8de21acfd2158,80204,35,1,Player 3: purple,ai,Impostor,VOTE_INFLUENCE,
web_566cf3312cab49bab2c8de21acfd2158,80213,35,1,Yellow,human,Crewmate,VOTE,Player 3: purple
web_566cf3312cab49bab2c8de21acfd2158,80225,35,1,Yellow,human,Crewmate,VOTE_INFLUENCE,
web_587dc7638a684b098f5f67623cbf9b6a,14428,21,1,Pink,human,Crewmate,PRE_VOTE,
web_587dc7638a684b098f5f67623cbf9b6a,14429,21,1,Player 5: blue,ai,Crewmate,PRE_VOTE,Pink
web_587dc7638a684b098f5f67623cbf9b6a,14436,21,1,Cyan,human,Impostor,PRE_VOTE,Black
web_587dc7638a684b098f5f67623cbf9b6a,14438,21,1,Black,human,Crewmate,PRE_VOTE,
web_587dc7638a684b098f5f67623cbf9b6a,14488,21,1,Player 5: blue,ai,Crewmate,VOTE,Cyan
web_587dc7638a684b098f5f67623cbf9b6a,14489,21,1,Player 5: blue,ai,Crewmate,VOTE_INFLUENCE,
web_587dc7638a684b098f5f67623cbf9b6a,14490,21,1,Pink,human,Crewmate,VOTE,Player 5: blue
web_587dc7638a684b098f5f67623cbf9b6a,14493,21,1,Black,human,Crewmate,VOTE_INFLUENCE,
web_587dc7638a684b098f5f67623cbf9b6a,14495,21,1,Cyan,human,Impostor,VOTE_INFLUENCE,
web_587dc7638a684b098f5f67623cbf9b6a,14496,21,1,Pink,human,Crewmate,VOTE_INFLUENCE,
web_587dc7638a684b098f5f67623cbf9b6a,14497,21,1,Black,human,Crewmate,VOTE,
web_587dc7638a684b098f5f67623cbf9b6a,14498,21,1,Cyan,human,Impostor,VOTE,
web_587dc7638a684b098f5f67623cbf9b6a,14505,24,2,Pink,human,Crewmate,PRE_VOTE,Black
web_587dc7638a684b098f5f67623cbf9b6a,14506,24,2,Player 5: blue,ai,Crewmate,PRE_VOTE,Black
web_587dc7638a684b098f5f67623cbf9b6a,14507,24,2,Cyan,human,Impostor,PRE_VOTE,Black
web_587dc7638a684b098f5f67623cbf9b6a,14508,24,2,Black,human,Crewmate,PRE_VOTE,Black
web_587dc7638a684b098f5f67623cbf9b6a,14523,24,2,Player 5: blue,ai,Crewmate,VOTE,Black
web_587dc7638a684b098f5f67623cbf9b6a,14524,24,2,Player 5: blue,ai,Crewmate,VOTE_INFLUENCE,
web_587dc7638a684b098f5f67623cbf9b6a,14525,24,2,Black,human,Crewmate,VOTE,Player 5: blue
web_587dc7638a684b098f5f67623cbf9b6a,14527,24,2,Cyan,human,Impostor,VOTE,Player 5: blue
web_587dc7638a684b098f5f67623cbf9b6a,14529,24,2,Black,human,Crewmate,VOTE_INFLUENCE,
web_587dc7638a684b098f5f67623cbf9b6a,14530,24,2,Cyan,human,Impostor,VOTE_INFLUENCE,
web_587dc7638a684b098f5f67623cbf9b6a,14532,24,2,Pink,human,Crewmate,VOTE_INFLUENCE,
web_587dc7638a684b098f5f67623cbf9b6a,14535,24,2,Pink,human,Crewmate,VOTE,
web_58e53546a271465f9b23d9dceef822e0,12394,8,1,Player 5: orange,ai,Crewmate,PRE_VOTE,White
web_58e53546a271465f9b23d9dceef822e0,12395,8,1,Player 4: pink,ai,Crewmate,PRE_VOTE,
web_58e53546a271465f9b23d9dceef822e0,12396,8,1,White,human,Impostor,PRE_VOTE,
web_58e53546a271465f9b23d9dceef822e0,12398,8,1,Yellow,human,Crewmate,PRE_VOTE,White
web_58e53546a271465f9b23d9dceef822e0,12479,8,1,Player 5: orange,ai,Crewmate,VOTE,Yellow
web_58e53546a271465f9b23d9dceef822e0,12480,8,1,Player 4: pink,ai,Crewmate,VOTE,Yellow
web_58e53546a271465f9b23d9dceef822e0,12482,8,1,Player 4: pink,ai,Crewmate,VOTE_INFLUENCE,
web_58e53546a271465f9b23d9dceef822e0,12483,8,1,Player 5: orange,ai,Crewmate,VOTE_INFLUENCE,
web_58e53546a271465f9b23d9dceef822e0,12486,8,1,Yellow,human,Crewmate,VOTE,Player 5: orange
web_58e53546a271465f9b23d9dceef822e0,12489,8,1,White,human,Impostor,VOTE,Player 5: orange
web_58e53546a271465f9b23d9dceef822e0,12492,8,1,White,human,Impostor,VOTE_INFLUENCE,
web_58e53546a271465f9b23d9dceef822e0,12493,8,1,Yellow,human,Crewmate,VOTE_INFLUENCE,
web_58e53546a271465f9b23d9dceef822e0,12510,13,2,Player 5: orange,ai,Crewmate,PRE_VOTE,Yellow
web_58e53546a271465f9b23d9dceef822e0,12511,13,2,Player 4: pink,ai,Crewmate,PRE_VOTE,Yellow
web_58e53546a271465f9b23d9dceef822e0,12513,13,2,Yellow,human,Crewmate,PRE_VOTE,Player 5: orange
web_58e53546a271465f9b23d9dceef822e0,12517,13,2,White,human,Impostor,PRE_VOTE,Player 5: orange
web_58e53546a271465f9b23d9dceef822e0,12573,13,2,Player 5: orange,ai,Crewmate,VOTE,Yellow
web_58e53546a271465f9b23d9dceef822e0,12574,13,2,Player 4: pink,ai,Crewmate,VOTE,Yellow
web_58e53546a271465f9b23d9dceef822e0,12575,13,2,Player 5: orange,ai,Crewmate,VOTE_INFLUENCE,
web_58e53546a271465f9b23d9dceef822e0,12578,13,2,Player 4: pink,ai,Crewmate,VOTE_INFLUENCE,
web_58e53546a271465f9b23d9dceef822e0,12580,13,2,Yellow,human,Crewmate,VOTE,Player 5: orange
web_58e53546a271465f9b23d9dceef822e0,12582,13,2,Yellow,human,Crewmate,VOTE_INFLUENCE,
web_58e53546a271465f9b23d9dceef822e0,12588,13,2,White,human,Impostor,VOTE,Player 5: orange
web_58e53546a271465f9b23d9dceef822e0,12590,13,2,White,human,Impostor,VOTE_INFLUENCE,
web_58e53546a271465f9b23d9dceef822e0,12624,23,3,White,human,Impostor,PRE_VOTE,
web_58e53546a271465f9b23d9dceef822e0,12625,23,3,Player 4: pink,ai,Crewmate,PRE_VOTE,Yellow
web_58e53546a271465f9b23d9dceef822e0,12626,23,3,Yellow,human,Crewmate,PRE_VOTE,White
web_58e53546a271465f9b23d9dceef822e0,12660,23,3,Player 4: pink,ai,Crewmate,VOTE,Yellow
web_58e53546a271465f9b23d9dceef822e0,12661,23,3,Player 4: pink,ai,Crewmate,VOTE_INFLUENCE,
web_58e53546a271465f9b23d9dceef822e0,12662,23,3,Yellow,human,Crewmate,VOTE,White
web_58e53546a271465f9b23d9dceef822e0,12664,23,3,Yellow,human,Crewmate,VOTE_INFLUENCE,
web_58e53546a271465f9b23d9dceef822e0,12665,23,3,White,human,Impostor,VOTE,Player 4: pink
web_58e53546a271465f9b23d9dceef822e0,12667,23,3,White,human,Impostor,VOTE_INFLUENCE,
web_59b2bf8f8d15447bb6bfec618a1604a8,48457,19,1,Player 5: brown,ai,Crewmate,PRE_VOTE,
web_59b2bf8f8d15447bb6bfec618a1604a8,48460,19,1,Player 2: lime,ai,Impostor,PRE_VOTE,
web_59b2bf8f8d15447bb6bfec618a1604a8,48472,19,1,Green,human,Crewmate,PRE_VOTE,Purple
web_59b2bf8f8d15447bb6bfec618a1604a8,48481,19,1,Purple,human,Crewmate,PRE_VOTE,Pink
web_59b2bf8f8d15447bb6bfec618a1604a8,48488,19,1,Pink,human,Crewmate,PRE_VOTE,Player 2: lime
web_59b2bf8f8d15447bb6bfec618a1604a8,48742,19,1,Player 2: lime,ai,Impostor,VOTE,
web_59b2bf8f8d15447bb6bfec618a1604a8,48743,19,1,Player 5: brown,ai,Crewmate,VOTE,
web_59b2bf8f8d15447bb6bfec618a1604a8,48746,19,1,Player 5: brown,ai,Crewmate,VOTE_INFLUENCE,
web_59b2bf8f8d15447bb6bfec618a1604a8,48747,19,1,Player 2: lime,ai,Impostor,VOTE_INFLUENCE,
web_59b2bf8f8d15447bb6bfec618a1604a8,48759,19,1,Purple,human,Crewmate,VOTE,Pink
web_59b2bf8f8d15447bb6bfec618a1604a8,48765,19,1,Green,human,Crewmate,VOTE,Purple
web_59b2bf8f8d15447bb6bfec618a1604a8,48769,19,1,Pink,human,Crewmate,VOTE,
web_59b2bf8f8d15447bb6bfec618a1604a8,48780,19,1,Green,human,Crewmate,VOTE_INFLUENCE,
web_59b2bf8f8d15447bb6bfec618a1604a8,48796,19,1,Pink,human,Crewmate,VOTE_INFLUENCE,
web_59b2bf8f8d15447bb6bfec618a1604a8,48807,19,1,Purple,human,Crewmate,VOTE_INFLUENCE,
web_59b2bf8f8d15447bb6bfec618a1604a8,49425,111,2,Player 5: brown,ai,Crewmate,PRE_VOTE,Player 2: lime
web_59b2bf8f8d15447bb6bfec618a1604a8,49434,111,2,Player 2: lime,ai,Impostor,PRE_VOTE,
web_59b2bf8f8d15447bb6bfec618a1604a8,49438,111,2,Purple,human,Crewmate,PRE_VOTE,Pink
web_59b2bf8f8d15447bb6bfec618a1604a8,49443,111,2,Green,human,Crewmate,PRE_VOTE,Player 2: lime
web_59b2bf8f8d15447bb6bfec618a1604a8,49476,111,2,Pink,human,Crewmate,PRE_VOTE,
web_59b2bf8f8d15447bb6bfec618a1604a8,49712,111,2,Player 5: brown,ai,Crewmate,VOTE,Player 2: lime
web_59b2bf8f8d15447bb6bfec618a1604a8,49716,111,2,Player 2: lime,ai,Impostor,VOTE,Player 5: brown
web_59b2bf8f8d15447bb6bfec618a1604a8,49717,111,2,Player 5: brown,ai,Crewmate,VOTE_INFLUENCE,
web_59b2bf8f8d15447bb6bfec618a1604a8,49728,111,2,Player 2: lime,ai,Impostor,VOTE_INFLUENCE,
web_59b2bf8f8d15447bb6bfec618a1604a8,49740,111,2,Purple,human,Crewmate,VOTE,Player 2: lime
web_59b2bf8f8d15447bb6bfec618a1604a8,49744,111,2,Green,human,Crewmate,VOTE,Player 2: lime
web_59b2bf8f8d15447bb6bfec618a1604a8,49756,111,2,Green,human,Crewmate,VOTE_INFLUENCE,
web_59b2bf8f8d15447bb6bfec618a1604a8,49757,111,2,Purple,human,Crewmate,VOTE_INFLUENCE,
web_59b2bf8f8d15447bb6bfec618a1604a8,49779,111,2,Pink,human,Crewmate,VOTE_INFLUENCE,
web_59b2bf8f8d15447bb6bfec618a1604a8,49782,111,2,Pink,human,Crewmate,VOTE,
web_5aa07758080f4a358b9070b2c4056268,80514,86,1,Player 5: yellow,ai,Crewmate,PRE_VOTE,
web_5aa07758080f4a358b9070b2c4056268,80515,86,1,Player 4: cyan,ai,Impostor,PRE_VOTE,
web_5aa07758080f4a358b9070b2c4056268,80527,86,1,Blue,human,Crewmate,PRE_VOTE,Player 5: yellow
web_5aa07758080f4a358b9070b2c4056268,80738,86,1,Player 5: yellow,ai,Crewmate,VOTE,
web_5aa07758080f4a358b9070b2c4056268,80739,86,1,Player 4: cyan,ai,Impostor,VOTE,Blue
web_5aa07758080f4a358b9070b2c4056268,80750,86,1,Player 4: cyan,ai,Impostor,VOTE_INFLUENCE,
web_5aa07758080f4a358b9070b2c4056268,80752,86,1,Player 5: yellow,ai,Crewmate,VOTE_INFLUENCE,
web_5aa07758080f4a358b9070b2c4056268,80781,86,1,Blue,human,Crewmate,VOTE_INFLUENCE,
web_5aa07758080f4a358b9070b2c4056268,80782,86,1,Blue,human,Crewmate,VOTE,
web_5ab6aa7a3f0b4dd6a11dafb3f66361b6,12049,35,1,Red,human,Crewmate,PRE_VOTE,Player 4: blue
web_5ab6aa7a3f0b4dd6a11dafb3f66361b6,12050,35,1,Player 5: black,ai,Crewmate,PRE_VOTE,Player 4: blue
web_5ab6aa7a3f0b4dd6a11dafb3f66361b6,12051,35,1,Yellow,human,Crewmate,PRE_VOTE,
web_5ab6aa7a3f0b4dd6a11dafb3f66361b6,12052,35,1,White,human,Crewmate,PRE_VOTE,
web_5ab6aa7a3f0b4dd6a11dafb3f66361b6,12053,35,1,Player 4: blue,ai,Impostor,PRE_VOTE,Red
web_5ab6aa7a3f0b4dd6a11dafb3f66361b6,12077,35,1,Player 5: black,ai,Crewmate,VOTE,Red
web_5ab6aa7a3f0b4dd6a11dafb3f66361b6,12078,35,1,Player 4: blue,ai,Impostor,VOTE,Red
web_5ab6aa7a3f0b4dd6a11dafb3f66361b6,12079,35,1,Player 5: black,ai,Crewmate,VOTE_INFLUENCE,
web_5ab6aa7a3f0b4dd6a11dafb3f66361b6,12080,35,1,Player 4: blue,ai,Impostor,VOTE_INFLUENCE,
web_5ab6aa7a3f0b4dd6a11dafb3f66361b6,12081,35,1,Yellow,human,Crewmate,VOTE,Player 4: blue
web_5ab6aa7a3f0b4dd6a11dafb3f66361b6,12083,35,1,Red,human,Crewmate,VOTE,Player 4: blue
web_5ab6aa7a3f0b4dd6a11dafb3f66361b6,12085,35,1,White,human,Crewmate,VOTE,Player 4: blue
web_5ab6aa7a3f0b4dd6a11dafb3f66361b6,12087,35,1,Yellow,human,Crewmate,VOTE_INFLUENCE,
web_5ab6aa7a3f0b4dd6a11dafb3f66361b6,12088,35,1,White,human,Crewmate,VOTE_INFLUENCE,
web_5ab6aa7a3f0b4dd6a11dafb3f66361b6,12089,35,1,Red,human,Crewmate,VOTE_INFLUENCE,
web_5b615985cf294af1894890db79fd0cbd,51062,26,1,Black,human,Crewmate,PRE_VOTE,Cyan
web_5b615985cf294af1894890db79fd0cbd,51065,26,1,Player 4: white,ai,Crewmate,PRE_VOTE,
web_5b615985cf294af1894890db79fd0cbd,51069,26,1,Cyan,human,Impostor,PRE_VOTE,Black
web_5b615985cf294af1894890db79fd0cbd,51072,26,1,Purple,human,Crewmate,PRE_VOTE,
web_5b615985cf294af1894890db79fd0cbd,51075,26,1,Lime,human,Crewmate,PRE_VOTE,Black
web_5b615985cf294af1894890db79fd0cbd,51334,26,1,Player 4: white,ai,Crewmate,VOTE,
web_5b615985cf294af1894890db79fd0cbd,51343,26,1,Player 4: white,ai,Crewmate,VOTE_INFLUENCE,
web_5b615985cf294af1894890db79fd0cbd,51352,26,1,Purple,human,Crewmate,VOTE,Cyan
web_5b615985cf294af1894890db79fd0cbd,51361,26,1,Lime,human,Crewmate,VOTE,Cyan
web_5b615985cf294af1894890db79fd0cbd,51368,26,1,Purple,human,Crewmate,VOTE_INFLUENCE,
web_5b615985cf294af1894890db79fd0cbd,51369,26,1,Black,human,Crewmate,VOTE,Cyan
web_5b615985cf294af1894890db79fd0cbd,51372,26,1,Lime,human,Crewmate,VOTE_INFLUENCE,
web_5b615985cf294af1894890db79fd0cbd,51375,26,1,Cyan,human,Impostor,VOTE,Black
web_5b615985cf294af1894890db79fd0cbd,51387,26,1,Black,human,Crewmate,VOTE_INFLUENCE,
web_5b615985cf294af1894890db79fd0cbd,51388,26,1,Cyan,human,Impostor,VOTE_INFLUENCE,
web_5bde9e97e8d84718a2e66895009fb983,33342,31,1,Red,human,Crewmate,PRE_VOTE,
web_5bde9e97e8d84718a2e66895009fb983,33343,31,1,Brown,human,Impostor,PRE_VOTE,Red
web_5bde9e97e8d84718a2e66895009fb983,33352,31,1,Blue,human,Crewmate,PRE_VOTE,Red
web_5ca3b7d5769944ccae6aad4bcb250060,70376,115,1,Player 5: purple,ai,Crewmate,PRE_VOTE,Player 3: red
web_5ca3b7d5769944ccae6aad4bcb250060,70379,115,1,Player 3: red,ai,Impostor,PRE_VOTE,
web_5ca3b7d5769944ccae6aad4bcb250060,70380,115,1,Player 4: white,ai,Crewmate,PRE_VOTE,
web_5ca3b7d5769944ccae6aad4bcb250060,70765,115,1,Player 5: purple,ai,Crewmate,VOTE,Player 3: red
web_5ca3b7d5769944ccae6aad4bcb250060,70771,115,1,Player 3: red,ai,Impostor,VOTE,
web_5ca3b7d5769944ccae6aad4bcb250060,70774,115,1,Player 4: white,ai,Crewmate,VOTE,
web_5ca3b7d5769944ccae6aad4bcb250060,70781,115,1,Player 5: purple,ai,Crewmate,VOTE_INFLUENCE,
web_5ca3b7d5769944ccae6aad4bcb250060,70792,115,1,Player 3: red,ai,Impostor,VOTE_INFLUENCE,
web_5ca3b7d5769944ccae6aad4bcb250060,70793,115,1,Player 4: white,ai,Crewmate,VOTE_INFLUENCE,
web_5cb67094c04b4d948e768ba6c612e093,86499,50,1,Player 5: pink,ai,Crewmate,PRE_VOTE,
web_5cb67094c04b4d948e768ba6c612e093,86500,50,1,Player 4: cyan,ai,Crewmate,PRE_VOTE,
web_5cb67094c04b4d948e768ba6c612e093,86502,50,1,Player 3: black,ai,Impostor,PRE_VOTE,
web_5cb67094c04b4d948e768ba6c612e093,86504,50,1,Blue,human,Crewmate,PRE_VOTE,
web_5cb67094c04b4d948e768ba6c612e093,86827,50,1,Player 3: black,ai,Impostor,VOTE,Player 5: pink
web_5cb67094c04b4d948e768ba6c612e093,86831,50,1,Player 4: cyan,ai,Crewmate,VOTE,
web_5cb67094c04b4d948e768ba6c612e093,86832,50,1,Player 5: pink,ai,Crewmate,VOTE,
web_5cb67094c04b4d948e768ba6c612e093,86835,50,1,Player 3: black,ai,Impostor,VOTE_INFLUENCE,
web_5cb67094c04b4d948e768ba6c612e093,86839,50,1,Player 4: cyan,ai,Crewmate,VOTE_INFLUENCE,
web_5cb67094c04b4d948e768ba6c612e093,86844,50,1,Player 5: pink,ai,Crewmate,VOTE_INFLUENCE,
web_5cb67094c04b4d948e768ba6c612e093,86848,50,1,Blue,human,Crewmate,VOTE,Player 5: pink
web_5cb67094c04b4d948e768ba6c612e093,86861,50,1,Blue,human,Crewmate,VOTE_INFLUENCE,
web_5cb67094c04b4d948e768ba6c612e093,86916,54,2,Blue,human,Crewmate,PRE_VOTE,
web_5cb67094c04b4d948e768ba6c612e093,86917,54,2,Player 3: black,ai,Impostor,PRE_VOTE,
web_5cb67094c04b4d948e768ba6c612e093,86918,54,2,Player 4: cyan,ai,Crewmate,PRE_VOTE,
web_5cb67094c04b4d948e768ba6c612e093,87213,54,2,Player 3: black,ai,Impostor,VOTE,
web_5cb67094c04b4d948e768ba6c612e093,87214,54,2,Player 4: cyan,ai,Crewmate,VOTE,Blue
web_5cb67094c04b4d948e768ba6c612e093,87222,54,2,Player 4: cyan,ai,Crewmate,VOTE_INFLUENCE,
web_5cb67094c04b4d948e768ba6c612e093,87223,54,2,Player 3: black,ai,Impostor,VOTE_INFLUENCE,
web_5cb67094c04b4d948e768ba6c612e093,87226,54,2,Blue,human,Crewmate,VOTE,Player 4: cyan
web_5cb67094c04b4d948e768ba6c612e093,87240,54,2,Blue,human,Crewmate,VOTE_INFLUENCE,
web_5d1fabb74ff247c082bde35c358310de,86727,99,1,Player 2: lime,ai,Crewmate,PRE_VOTE,
web_5d1fabb74ff247c082bde35c358310de,86728,99,1,Player 4: white,ai,Crewmate,PRE_VOTE,
web_5d1fabb74ff247c082bde35c358310de,86733,99,1,Pink,human,Impostor,PRE_VOTE,Player 2: lime
web_5d1fabb74ff247c082bde35c358310de,87028,99,1,Player 4: white,ai,Crewmate,VOTE,
web_5d1fabb74ff247c082bde35c358310de,87030,99,1,Player 2: lime,ai,Crewmate,VOTE,
web_5d1fabb74ff247c082bde35c358310de,87043,99,1,Player 2: lime,ai,Crewmate,VOTE_INFLUENCE,
web_5d1fabb74ff247c082bde35c358310de,87044,99,1,Player 4: white,ai,Crewmate,VOTE_INFLUENCE,
web_5d1fabb74ff247c082bde35c358310de,87053,99,1,Pink,human,Impostor,VOTE,Player 2: lime
web_5d1fabb74ff247c082bde35c358310de,87066,99,1,Pink,human,Impostor,VOTE_INFLUENCE,
web_5d843d52f23c4bac840ad329aecb659f,29369,9,1,Pink,human,Crewmate,PRE_VOTE,Lime
web_5d843d52f23c4bac840ad329aecb659f,29374,9,1,Yellow,human,Crewmate,PRE_VOTE,
web_5d843d52f23c4bac840ad329aecb659f,29379,9,1,Cyan,human,Crewmate,PRE_VOTE,Brown
web_5d843d52f23c4bac840ad329aecb659f,29389,9,1,Lime,human,Impostor,PRE_VOTE,Pink
web_5d843d52f23c4bac840ad329aecb659f,29393,9,1,Brown,human,Crewmate,PRE_VOTE,Cyan
web_5d843d52f23c4bac840ad329aecb659f,29571,9,1,Pink,human,Crewmate,VOTE,Lime
web_5d843d52f23c4bac840ad329aecb659f,29575,9,1,Cyan,human,Crewmate,VOTE,Brown
web_5d843d52f23c4bac840ad329aecb659f,29577,9,1,Brown,human,Crewmate,VOTE,Lime
web_5d843d52f23c4bac840ad329aecb659f,29579,9,1,Pink,human,Crewmate,VOTE_INFLUENCE,
web_5d843d52f23c4bac840ad329aecb659f,29582,9,1,Yellow,human,Crewmate,VOTE,Lime
web_5d843d52f23c4bac840ad329aecb659f,29587,9,1,Lime,human,Impostor,VOTE,Pink
web_5d843d52f23c4bac840ad329aecb659f,29589,9,1,Brown,human,Crewmate,VOTE_INFLUENCE,
web_5d843d52f23c4bac840ad329aecb659f,29596,9,1,Yellow,human,Crewmate,VOTE_INFLUENCE,
web_5d843d52f23c4bac840ad329aecb659f,29602,9,1,Cyan,human,Crewmate,VOTE_INFLUENCE,
web_5d843d52f23c4bac840ad329aecb659f,29611,9,1,Lime,human,Impostor,VOTE_INFLUENCE,
web_5d8793052f9f4b7fb6d10a950e47c932,82181,49,1,Player 5: purple,ai,Crewmate,PRE_VOTE,
web_5d8793052f9f4b7fb6d10a950e47c932,82182,49,1,Player 2: green,ai,Crewmate,PRE_VOTE,
web_5d8793052f9f4b7fb6d10a950e47c932,82183,49,1,Player 3: cyan,ai,Crewmate,PRE_VOTE,Player 4: pink
web_5d8793052f9f4b7fb6d10a950e47c932,82184,49,1,Player 4: pink,ai,Impostor,PRE_VOTE,
web_5d8793052f9f4b7fb6d10a950e47c932,82197,49,1,Blue,human,Crewmate,PRE_VOTE,Player 3: cyan
web_5d8793052f9f4b7fb6d10a950e47c932,82394,49,1,Player 5: purple,ai,Crewmate,VOTE,Player 4: pink
web_5d8793052f9f4b7fb6d10a950e47c932,82395,49,1,Player 3: cyan,ai,Crewmate,VOTE,Player 4: pink
web_5d8793052f9f4b7fb6d10a950e47c932,82396,49,1,Player 2: green,ai,Crewmate,VOTE,Player 4: pink
web_5d8793052f9f4b7fb6d10a950e47c932,82397,49,1,Player 4: pink,ai,Impostor,VOTE,
web_5d8793052f9f4b7fb6d10a950e47c932,82405,49,1,Player 2: green,ai,Crewmate,VOTE_INFLUENCE,
web_5d8793052f9f4b7fb6d10a950e47c932,82406,49,1,Player 5: purple,ai,Crewmate,VOTE_INFLUENCE,
web_5d8793052f9f4b7fb6d10a950e47c932,82408,49,1,Player 3: cyan,ai,Crewmate,VOTE_INFLUENCE,
web_5d8793052f9f4b7fb6d10a950e47c932,82409,49,1,Player 4: pink,ai,Impostor,VOTE_INFLUENCE,
web_5d8793052f9f4b7fb6d10a950e47c932,82413,49,1,Blue,human,Crewmate,VOTE,Player 3: cyan
web_5d8793052f9f4b7fb6d10a950e47c932,82432,49,1,Blue,human,Crewmate,VOTE_INFLUENCE,
web_5e3c4a8ddec04ccb9e20e1676bf9c936,27471,4,1,Cyan,human,Crewmate,PRE_VOTE,Blue
web_5e3c4a8ddec04ccb9e20e1676bf9c936,27478,4,1,Blue,human,Crewmate,PRE_VOTE,
web_5e3c4a8ddec04ccb9e20e1676bf9c936,27484,4,1,Black,human,Crewmate,PRE_VOTE,Cyan
web_5e3c4a8ddec04ccb9e20e1676bf9c936,27494,4,1,Pink,human,Impostor,PRE_VOTE,Yellow
web_5e3c4a8ddec04ccb9e20e1676bf9c936,27501,4,1,Yellow,human,Crewmate,PRE_VOTE,
web_5e3c4a8ddec04ccb9e20e1676bf9c936,27751,4,1,Cyan,human,Crewmate,VOTE,Blue
web_5e3c4a8ddec04ccb9e20e1676bf9c936,27753,4,1,Blue,human,Crewmate,VOTE,Cyan
web_5e3c4a8ddec04ccb9e20e1676bf9c936,27760,4,1,Cyan,human,Crewmate,VOTE_INFLUENCE,
web_5e3c4a8ddec04ccb9e20e1676bf9c936,27761,4,1,Yellow,human,Crewmate,VOTE,Black
web_5e3c4a8ddec04ccb9e20e1676bf9c936,27765,4,1,Pink,human,Impostor,VOTE,
web_5e3c4a8ddec04ccb9e20e1676bf9c936,27767,4,1,Blue,human,Crewmate,VOTE_INFLUENCE,
web_5e3c4a8ddec04ccb9e20e1676bf9c936,27783,4,1,Pink,human,Impostor,VOTE_INFLUENCE,
web_5e3c4a8ddec04ccb9e20e1676bf9c936,27804,4,1,Black,human,Crewmate,VOTE_INFLUENCE,
web_5e3c4a8ddec04ccb9e20e1676bf9c936,27843,4,1,Yellow,human,Crewmate,VOTE_INFLUENCE,
web_5e3c4a8ddec04ccb9e20e1676bf9c936,27846,4,1,Black,human,Crewmate,VOTE,
web_5e3c4a8ddec04ccb9e20e1676bf9c936,28268,45,2,Cyan,human,Crewmate,PRE_VOTE,Pink
web_5e3c4a8ddec04ccb9e20e1676bf9c936,28273,45,2,Blue,human,Crewmate,PRE_VOTE,Pink
web_5e3c4a8ddec04ccb9e20e1676bf9c936,28292,45,2,Yellow,human,Crewmate,PRE_VOTE,Black
web_5e3c4a8ddec04ccb9e20e1676bf9c936,28321,45,2,Pink,human,Impostor,PRE_VOTE,Cyan
web_5e3c4a8ddec04ccb9e20e1676bf9c936,28322,45,2,Black,human,Crewmate,PRE_VOTE,
web_5e3c4a8ddec04ccb9e20e1676bf9c936,28662,45,2,Cyan,human,Crewmate,VOTE,Pink
web_5e3c4a8ddec04ccb9e20e1676bf9c936,28665,45,2,Blue,human,Crewmate,VOTE,Pink
web_5e3c4a8ddec04ccb9e20e1676bf9c936,28672,45,2,Cyan,human,Crewmate,VOTE_INFLUENCE,
web_5e3c4a8ddec04ccb9e20e1676bf9c936,28673,45,2,Yellow,human,Crewmate,VOTE,Pink
web_5e3c4a8ddec04ccb9e20e1676bf9c936,28704,45,2,Pink,human,Impostor,VOTE,Yellow
web_5e3c4a8ddec04ccb9e20e1676bf9c936,28713,45,2,Pink,human,Impostor,VOTE_INFLUENCE,
web_5e3c4a8ddec04ccb9e20e1676bf9c936,28714,45,2,Blue,human,Crewmate,VOTE_INFLUENCE,
web_5e3c4a8ddec04ccb9e20e1676bf9c936,28717,45,2,Yellow,human,Crewmate,VOTE_INFLUENCE,
web_5e3c4a8ddec04ccb9e20e1676bf9c936,28744,45,2,Black,human,Crewmate,VOTE_INFLUENCE,
web_5e3c4a8ddec04ccb9e20e1676bf9c936,28747,45,2,Black,human,Crewmate,VOTE,
web_5e600490ca23413d89e981f67a8ce8ea,63356,35,1,Player 5: green,ai,Crewmate,PRE_VOTE,
web_5e600490ca23413d89e981f67a8ce8ea,63357,35,1,Player 4: white,ai,Impostor,PRE_VOTE,
web_5e600490ca23413d89e981f67a8ce8ea,63374,35,1,Orange,human,Crewmate,PRE_VOTE,Player 5: green
web_5e600490ca23413d89e981f67a8ce8ea,63376,35,1,Red,human,Crewmate,PRE_VOTE,Orange
web_5e600490ca23413d89e981f67a8ce8ea,63555,35,1,Player 5: green,ai,Crewmate,VOTE,Orange
web_5e600490ca23413d89e981f67a8ce8ea,63556,35,1,Player 4: white,ai,Impostor,VOTE,Player 5: green
web_5e600490ca23413d89e981f67a8ce8ea,63560,35,1,Player 5: green,ai,Crewmate,VOTE_INFLUENCE,
web_5e600490ca23413d89e981f67a8ce8ea,63561,35,1,Player 4: white,ai,Impostor,VOTE_INFLUENCE,
web_5e600490ca23413d89e981f67a8ce8ea,63565,35,1,Orange,human,Crewmate,VOTE,Player 5: green
web_5e600490ca23413d89e981f67a8ce8ea,63569,35,1,Orange,human,Crewmate,VOTE_INFLUENCE,
web_5e600490ca23413d89e981f67a8ce8ea,63585,35,1,Red,human,Crewmate,VOTE_INFLUENCE,
web_5e600490ca23413d89e981f67a8ce8ea,63587,35,1,Red,human,Crewmate,VOTE,
web_5f4e8320c9cf47a39b3520d4a537c60f,60429,25,1,Player 4: blue,ai,Crewmate,PRE_VOTE,Player 3: cyan
web_5f4e8320c9cf47a39b3520d4a537c60f,60441,25,1,Player 3: cyan,ai,Impostor,PRE_VOTE,
web_5f4e8320c9cf47a39b3520d4a537c60f,60445,25,1,Yellow,human,Crewmate,PRE_VOTE,
web_5f4e8320c9cf47a39b3520d4a537c60f,60466,25,1,Brown,human,Crewmate,PRE_VOTE,
web_5f4e8320c9cf47a39b3520d4a537c60f,60472,25,1,Purple,human,Crewmate,PRE_VOTE,
web_5f4e8320c9cf47a39b3520d4a537c60f,60700,25,1,Player 4: blue,ai,Crewmate,VOTE,
web_5f4e8320c9cf47a39b3520d4a537c60f,60701,25,1,Player 3: cyan,ai,Impostor,VOTE,Player 4: blue
web_5f4e8320c9cf47a39b3520d4a537c60f,60705,25,1,Player 4: blue,ai,Crewmate,VOTE_INFLUENCE,
web_5f4e8320c9cf47a39b3520d4a537c60f,60706,25,1,Player 3: cyan,ai,Impostor,VOTE_INFLUENCE,
web_5f4e8320c9cf47a39b3520d4a537c60f,60712,25,1,Brown,human,Crewmate,VOTE,Player 3: cyan
web_5f4e8320c9cf47a39b3520d4a537c60f,60715,25,1,Brown,human,Crewmate,VOTE_INFLUENCE,
web_5f4e8320c9cf47a39b3520d4a537c60f,60719,25,1,Yellow,human,Crewmate,VOTE,Player 4: blue
web_5f4e8320c9cf47a39b3520d4a537c60f,60734,25,1,Yellow,human,Crewmate,VOTE_INFLUENCE,
web_5fda666d4dd0480989afaddd706a7768,8711,1,1,Cyan,human,Crewmate,PRE_VOTE,
web_5fda666d4dd0480989afaddd706a7768,8712,1,1,Yellow,human,Crewmate,PRE_VOTE,
web_5fda666d4dd0480989afaddd706a7768,8725,1,1,Purple,human,Crewmate,PRE_VOTE,Lime
web_5fda666d4dd0480989afaddd706a7768,8730,1,1,Lime,human,Impostor,PRE_VOTE,
web_5fda666d4dd0480989afaddd706a7768,8933,1,1,Purple,human,Crewmate,VOTE,Yellow
web_5fda666d4dd0480989afaddd706a7768,8935,1,1,Cyan,human,Crewmate,VOTE,
web_5fda666d4dd0480989afaddd706a7768,8937,1,1,Lime,human,Impostor,VOTE,Cyan
web_5fda666d4dd0480989afaddd706a7768,8943,1,1,Purple,human,Crewmate,VOTE_INFLUENCE,
web_5fda666d4dd0480989afaddd706a7768,8945,1,1,Cyan,human,Crewmate,VOTE_INFLUENCE,
web_5fda666d4dd0480989afaddd706a7768,8948,1,1,Lime,human,Impostor,VOTE_INFLUENCE,
web_5fda666d4dd0480989afaddd706a7768,8953,1,1,Yellow,human,Crewmate,VOTE,
web_5fda666d4dd0480989afaddd706a7768,8962,1,1,Yellow,human,Crewmate,VOTE_INFLUENCE,
web_5fda666d4dd0480989afaddd706a7768,8991,4,2,Yellow,human,Crewmate,PRE_VOTE,Lime
web_5fda666d4dd0480989afaddd706a7768,8993,4,2,Purple,human,Crewmate,PRE_VOTE,Lime
web_5fda666d4dd0480989afaddd706a7768,9006,4,2,Lime,human,Impostor,PRE_VOTE,Purple
web_5fda666d4dd0480989afaddd706a7768,9289,4,2,Purple,human,Crewmate,VOTE,Lime
web_5fda666d4dd0480989afaddd706a7768,9292,4,2,Lime,human,Impostor,VOTE,Purple
web_5fda666d4dd0480989afaddd706a7768,9299,4,2,Yellow,human,Crewmate,VOTE,Lime
web_5fda666d4dd0480989afaddd706a7768,9323,4,2,Purple,human,Crewmate,VOTE_INFLUENCE,
web_5fda666d4dd0480989afaddd706a7768,9324,4,2,Lime,human,Impostor,VOTE_INFLUENCE,
web_5fda666d4dd0480989afaddd706a7768,9325,4,2,Yellow,human,Crewmate,VOTE_INFLUENCE,
web_602632d6dc4c4555bc5f50128a6670e9,15144,36,1,Player 4: red,ai,Impostor,PRE_VOTE,Black
web_602632d6dc4c4555bc5f50128a6670e9,15145,36,1,Black,human,Crewmate,PRE_VOTE,Player 4: red
web_602632d6dc4c4555bc5f50128a6670e9,15146,36,1,Yellow,human,Crewmate,PRE_VOTE,Player 4: red
web_602632d6dc4c4555bc5f50128a6670e9,15343,36,1,Player 4: red,ai,Impostor,VOTE,Black
web_602632d6dc4c4555bc5f50128a6670e9,15348,36,1,Player 4: red,ai,Impostor,VOTE_INFLUENCE,
web_602632d6dc4c4555bc5f50128a6670e9,15352,36,1,Yellow,human,Crewmate,VOTE,Player 4: red
web_602632d6dc4c4555bc5f50128a6670e9,15356,36,1,Black,human,Crewmate,VOTE,Player 4: red
web_602632d6dc4c4555bc5f50128a6670e9,15363,36,1,Black,human,Crewmate,VOTE_INFLUENCE,
web_602632d6dc4c4555bc5f50128a6670e9,15364,36,1,Yellow,human,Crewmate,VOTE_INFLUENCE,
web_6126ab0e7bcd4ad893b32c0eb0268394,26712,19,1,Red,human,Crewmate,PRE_VOTE,
web_6126ab0e7bcd4ad893b32c0eb0268394,26713,19,1,White,human,Crewmate,PRE_VOTE,Pink
web_6126ab0e7bcd4ad893b32c0eb0268394,26718,19,1,Pink,human,Crewmate,PRE_VOTE,White
web_6126ab0e7bcd4ad893b32c0eb0268394,26728,19,1,Purple,human,Crewmate,PRE_VOTE,
web_6126ab0e7bcd4ad893b32c0eb0268394,26750,19,1,Black,human,Impostor,PRE_VOTE,
web_6126ab0e7bcd4ad893b32c0eb0268394,26971,19,1,White,human,Crewmate,VOTE,Pink
web_6126ab0e7bcd4ad893b32c0eb0268394,26975,19,1,Pink,human,Crewmate,VOTE,White
web_6126ab0e7bcd4ad893b32c0eb0268394,26977,19,1,White,human,Crewmate,VOTE_INFLUENCE,
web_6126ab0e7bcd4ad893b32c0eb0268394,26981,19,1,Red,human,Crewmate,VOTE,
web_6126ab0e7bcd4ad893b32c0eb0268394,26984,19,1,Pink,human,Crewmate,VOTE_INFLUENCE,
web_6126ab0e7bcd4ad893b32c0eb0268394,26985,19,1,Red,human,Crewmate,VOTE_INFLUENCE,
web_61a73372dd4945f3ae553ea02e3d7712,73851,49,1,Player 3: brown,ai,Crewmate,PRE_VOTE,
web_61a73372dd4945f3ae553ea02e3d7712,73856,49,1,Player 5: blue,ai,Crewmate,PRE_VOTE,
web_61a73372dd4945f3ae553ea02e3d7712,73859,49,1,Player 2: white,ai,Crewmate,PRE_VOTE,
web_61a73372dd4945f3ae553ea02e3d7712,73892,49,1,Purple,human,Impostor,PRE_VOTE,
web_61a73372dd4945f3ae553ea02e3d7712,74286,49,1,Player 2: white,ai,Crewmate,VOTE,
web_61a73372dd4945f3ae553ea02e3d7712,74288,49,1,Player 5: blue,ai,Crewmate,VOTE,
web_61a73372dd4945f3ae553ea02e3d7712,74293,49,1,Player 3: brown,ai,Crewmate,VOTE,
web_61a73372dd4945f3ae553ea02e3d7712,74299,49,1,Player 5: blue,ai,Crewmate,VOTE_INFLUENCE,
web_61a73372dd4945f3ae553ea02e3d7712,74305,49,1,Player 2: white,ai,Crewmate,VOTE_INFLUENCE,
web_61a73372dd4945f3ae553ea02e3d7712,74306,49,1,Player 3: brown,ai,Crewmate,VOTE_INFLUENCE,
web_61a73372dd4945f3ae553ea02e3d7712,74322,49,1,Purple,human,Impostor,VOTE,Player 2: white
web_61a73372dd4945f3ae553ea02e3d7712,74351,49,1,Purple,human,Impostor,VOTE_INFLUENCE,
web_61a73372dd4945f3ae553ea02e3d7712,74398,51,2,Player 3: brown,ai,Crewmate,PRE_VOTE,
web_61a73372dd4945f3ae553ea02e3d7712,74402,51,2,Player 5: blue,ai,Crewmate,PRE_VOTE,
web_61a73372dd4945f3ae553ea02e3d7712,74418,51,2,Purple,human,Impostor,PRE_VOTE,
web_61a73372dd4945f3ae553ea02e3d7712,74776,51,2,Player 5: blue,ai,Crewmate,VOTE,Player 3: brown
web_61a73372dd4945f3ae553ea02e3d7712,74777,51,2,Player 3: brown,ai,Crewmate,VOTE,
web_61a73372dd4945f3ae553ea02e3d7712,74786,51,2,Player 5: blue,ai,Crewmate,VOTE_INFLUENCE,
web_61a73372dd4945f3ae553ea02e3d7712,74791,51,2,Player 3: brown,ai,Crewmate,VOTE_INFLUENCE,
web_61a73372dd4945f3ae553ea02e3d7712,74802,51,2,Purple,human,Impostor,VOTE,Player 3: brown
web_61a73372dd4945f3ae553ea02e3d7712,74821,51,2,Purple,human,Impostor,VOTE_INFLUENCE,
web_61c39b12e6df431f83752b14b3ed53e0,49746,52,1,Player 3: purple,ai,Crewmate,PRE_VOTE,
web_61c39b12e6df431f83752b14b3ed53e0,49747,52,1,Player 5: pink,ai,Impostor,PRE_VOTE,
web_61c39b12e6df431f83752b14b3ed53e0,49761,52,1,Green,human,Crewmate,PRE_VOTE,Cyan
web_61c39b12e6df431f83752b14b3ed53e0,49766,52,1,Cyan,human,Crewmate,PRE_VOTE,
web_61c39b12e6df431f83752b14b3ed53e0,50099,52,1,Player 5: pink,ai,Impostor,VOTE,Green
web_61c39b12e6df431f83752b14b3ed53e0,50100,52,1,Player 3: purple,ai,Crewmate,VOTE,
web_61c39b12e6df431f83752b14b3ed53e0,50109,52,1,Player 3: purple,ai,Crewmate,VOTE_INFLUENCE,
web_61c39b12e6df431f83752b14b3ed53e0,50110,52,1,Player 5: pink,ai,Impostor,VOTE_INFLUENCE,
web_61c39b12e6df431f83752b14b3ed53e0,50115,52,1,Green,human,Crewmate,VOTE,Cyan
web_61c39b12e6df431f83752b14b3ed53e0,50127,52,1,Cyan,human,Crewmate,VOTE,Green
web_61c39b12e6df431f83752b14b3ed53e0,50136,52,1,Green,human,Crewmate,VOTE_INFLUENCE,
web_61c39b12e6df431f83752b14b3ed53e0,50152,52,1,Cyan,human,Crewmate,VOTE_INFLUENCE,
web_6214ef7895604617a6584fdb59af24e7,33471,12,1,Green,human,Crewmate,PRE_VOTE,
web_6214ef7895604617a6584fdb59af24e7,33472,12,1,Cyan,human,Impostor,PRE_VOTE,Blue
web_6214ef7895604617a6584fdb59af24e7,33475,12,1,Blue,human,Crewmate,PRE_VOTE,Blue
web_6214ef7895604617a6584fdb59af24e7,33478,12,1,Brown,human,Crewmate,PRE_VOTE,Green
web_6214ef7895604617a6584fdb59af24e7,33581,12,1,Blue,human,Crewmate,VOTE,
web_6214ef7895604617a6584fdb59af24e7,33585,12,1,Green,human,Crewmate,VOTE,Blue
web_6214ef7895604617a6584fdb59af24e7,33587,12,1,Cyan,human,Impostor,VOTE,
web_6214ef7895604617a6584fdb59af24e7,33589,12,1,Green,human,Crewmate,VOTE_INFLUENCE,
web_6214ef7895604617a6584fdb59af24e7,33590,12,1,Blue,human,Crewmate,VOTE_INFLUENCE,
web_6214ef7895604617a6584fdb59af24e7,33591,12,1,Brown,human,Crewmate,VOTE,Green
web_6214ef7895604617a6584fdb59af24e7,33593,12,1,Cyan,human,Impostor,VOTE_INFLUENCE,
web_6214ef7895604617a6584fdb59af24e7,33598,12,1,Brown,human,Crewmate,VOTE_INFLUENCE,
web_6214ef7895604617a6584fdb59af24e7,33638,19,2,Green,human,Crewmate,PRE_VOTE,Cyan
web_6214ef7895604617a6584fdb59af24e7,33645,19,2,Brown,human,Crewmate,PRE_VOTE,
web_6214ef7895604617a6584fdb59af24e7,33646,19,2,Cyan,human,Impostor,PRE_VOTE,Green
web_62ca4ee094bf451db2fdbe25a4a6133f,50918,32,1,Yellow,human,Crewmate,PRE_VOTE,Blue
web_62ca4ee094bf451db2fdbe25a4a6133f,50923,32,1,Blue,human,Impostor,PRE_VOTE,Black
web_62ca4ee094bf451db2fdbe25a4a6133f,50926,32,1,Lime,human,Crewmate,PRE_VOTE,
web_62ca4ee094bf451db2fdbe25a4a6133f,50928,32,1,Black,human,Crewmate,PRE_VOTE,
web_62ca4ee094bf451db2fdbe25a4a6133f,51126,32,1,Yellow,human,Crewmate,VOTE,Blue
web_62ca4ee094bf451db2fdbe25a4a6133f,51128,32,1,Blue,human,Impostor,VOTE,Yellow
web_62ca4ee094bf451db2fdbe25a4a6133f,51130,32,1,Lime,human,Crewmate,VOTE,Yellow
web_62ca4ee094bf451db2fdbe25a4a6133f,51139,32,1,Yellow,human,Crewmate,VOTE_INFLUENCE,
web_62ca4ee094bf451db2fdbe25a4a6133f,51142,32,1,Black,human,Crewmate,VOTE,Blue
web_62ca4ee094bf451db2fdbe25a4a6133f,51147,32,1,Blue,human,Impostor,VOTE_INFLUENCE,
web_62ca4ee094bf451db2fdbe25a4a6133f,51152,32,1,Lime,human,Crewmate,VOTE_INFLUENCE,
web_62ca4ee094bf451db2fdbe25a4a6133f,51165,32,1,Black,human,Crewmate,VOTE_INFLUENCE,
web_62ca4ee094bf451db2fdbe25a4a6133f,51224,43,2,Yellow,human,Crewmate,PRE_VOTE,Blue
web_62ca4ee094bf451db2fdbe25a4a6133f,51225,43,2,Blue,human,Impostor,PRE_VOTE,Yellow
web_62ca4ee094bf451db2fdbe25a4a6133f,51229,43,2,Lime,human,Crewmate,PRE_VOTE,Yellow
web_62ca4ee094bf451db2fdbe25a4a6133f,51554,43,2,Yellow,human,Crewmate,VOTE,Blue
web_62ca4ee094bf451db2fdbe25a4a6133f,51558,43,2,Lime,human,Crewmate,VOTE,Yellow
web_62ca4ee094bf451db2fdbe25a4a6133f,51560,43,2,Blue,human,Impostor,VOTE,Yellow
web_62ca4ee094bf451db2fdbe25a4a6133f,51565,43,2,Yellow,human,Crewmate,VOTE_INFLUENCE,
web_62ca4ee094bf451db2fdbe25a4a6133f,51567,43,2,Lime,human,Crewmate,VOTE_INFLUENCE,
web_62ca4ee094bf451db2fdbe25a4a6133f,51571,43,2,Blue,human,Impostor,VOTE_INFLUENCE,
web_62fc1c5e83874286859a0319602520ad,74995,44,1,Player 3: purple,ai,Crewmate,PRE_VOTE,
web_62fc1c5e83874286859a0319602520ad,74997,44,1,Player 5: pink,ai,Impostor,PRE_VOTE,
web_62fc1c5e83874286859a0319602520ad,75007,44,1,Lime,human,Crewmate,PRE_VOTE,Player 3: purple
web_62fc1c5e83874286859a0319602520ad,75377,44,1,Player 3: purple,ai,Crewmate,VOTE,
web_62fc1c5e83874286859a0319602520ad,75380,44,1,Player 5: pink,ai,Impostor,VOTE,
web_62fc1c5e83874286859a0319602520ad,75396,44,1,Player 5: pink,ai,Impostor,VOTE_INFLUENCE,
web_62fc1c5e83874286859a0319602520ad,75399,44,1,Player 3: purple,ai,Crewmate,VOTE_INFLUENCE,
web_62fc1c5e83874286859a0319602520ad,75412,44,1,Lime,human,Crewmate,VOTE,Player 3: purple
web_62fc1c5e83874286859a0319602520ad,75435,44,1,Lime,human,Crewmate,VOTE_INFLUENCE,
web_63921d57e1904eaca1e35eb07fb1ebf3,10841,30,1,Brown,human,Crewmate,PRE_VOTE,Brown
web_63921d57e1904eaca1e35eb07fb1ebf3,10844,30,1,Player 5: cyan,ai,Crewmate,PRE_VOTE,
web_63921d57e1904eaca1e35eb07fb1ebf3,10845,30,1,Player 4: lime,ai,Impostor,PRE_VOTE,
web_63921d57e1904eaca1e35eb07fb1ebf3,10850,30,1,Black,human,Crewmate,PRE_VOTE,Player 4: lime
web_63921d57e1904eaca1e35eb07fb1ebf3,10930,30,1,Player 4: lime,ai,Impostor,VOTE,Black
web_63921d57e1904eaca1e35eb07fb1ebf3,10931,30,1,Player 5: cyan,ai,Crewmate,VOTE,Black
web_63921d57e1904eaca1e35eb07fb1ebf3,10932,30,1,Player 4: lime,ai,Impostor,VOTE_INFLUENCE,
web_63921d57e1904eaca1e35eb07fb1ebf3,10933,30,1,Player 5: cyan,ai,Crewmate,VOTE_INFLUENCE,
web_63921d57e1904eaca1e35eb07fb1ebf3,10935,30,1,Black,human,Crewmate,VOTE,Player 4: lime
web_63921d57e1904eaca1e35eb07fb1ebf3,10937,30,1,Brown,human,Crewmate,VOTE,Black
web_63921d57e1904eaca1e35eb07fb1ebf3,10939,30,1,Brown,human,Crewmate,VOTE_INFLUENCE,
web_63921d57e1904eaca1e35eb07fb1ebf3,10940,30,1,Black,human,Crewmate,VOTE_INFLUENCE,
web_63bd7f046e8443a48a3b922d2b99582b,80814,71,1,Player 5: cyan,ai,Crewmate,PRE_VOTE,
web_63bd7f046e8443a48a3b922d2b99582b,80815,71,1,Player 2: yellow,ai,Crewmate,PRE_VOTE,
web_63bd7f046e8443a48a3b922d2b99582b,80817,71,1,Player 4: black,ai,Impostor,PRE_VOTE,
web_63bd7f046e8443a48a3b922d2b99582b,80998,71,1,Player 2: yellow,ai,Crewmate,VOTE,
web_63bd7f046e8443a48a3b922d2b99582b,80999,71,1,Player 4: black,ai,Impostor,VOTE,
web_63bd7f046e8443a48a3b922d2b99582b,81000,71,1,Player 5: cyan,ai,Crewmate,VOTE,
web_63bd7f046e8443a48a3b922d2b99582b,81004,71,1,Player 2: yellow,ai,Crewmate,VOTE_INFLUENCE,
web_63bd7f046e8443a48a3b922d2b99582b,81007,71,1,Player 5: cyan,ai,Crewmate,VOTE_INFLUENCE,
web_63bd7f046e8443a48a3b922d2b99582b,81009,71,1,Player 4: black,ai,Impostor,VOTE_INFLUENCE,
web_6463a782334b43ffbf3dbe5ea5967790,50685,106,1,Player 3: orange,ai,Crewmate,PRE_VOTE,
web_6463a782334b43ffbf3dbe5ea5967790,50694,106,1,Red,human,Impostor,PRE_VOTE,Player 3: orange
web_6463a782334b43ffbf3dbe5ea5967790,50695,106,1,Cyan,human,Crewmate,PRE_VOTE,
web_6463a782334b43ffbf3dbe5ea5967790,50713,106,1,Purple,human,Crewmate,PRE_VOTE,
web_6463a782334b43ffbf3dbe5ea5967790,50908,106,1,Player 3: orange,ai,Crewmate,VOTE,
web_6463a782334b43ffbf3dbe5ea5967790,50915,106,1,Player 3: orange,ai,Crewmate,VOTE_INFLUENCE,
web_6463a782334b43ffbf3dbe5ea5967790,50919,106,1,Red,human,Impostor,VOTE,
web_6463a782334b43ffbf3dbe5ea5967790,50921,106,1,Purple,human,Crewmate,VOTE,
web_6463a782334b43ffbf3dbe5ea5967790,50929,106,1,Purple,human,Crewmate,VOTE_INFLUENCE,
web_6463a782334b43ffbf3dbe5ea5967790,50930,106,1,Red,human,Impostor,VOTE_INFLUENCE,
web_6463a782334b43ffbf3dbe5ea5967790,50931,106,1,Cyan,human,Crewmate,VOTE,Red
web_6463a782334b43ffbf3dbe5ea5967790,50935,106,1,Cyan,human,Crewmate,VOTE_INFLUENCE,
web_6545dafe5f5943908ca2031aedd70ca8,51117,1,1,Player 4: cyan,ai,Crewmate,PRE_VOTE,
web_6545dafe5f5943908ca2031aedd70ca8,51122,1,1,Black,human,Impostor,PRE_VOTE,
web_6545dafe5f5943908ca2031aedd70ca8,51124,1,1,Red,human,Crewmate,PRE_VOTE,
web_6545dafe5f5943908ca2031aedd70ca8,51125,1,1,Blue,human,Crewmate,PRE_VOTE,Brown
web_6545dafe5f5943908ca2031aedd70ca8,51153,1,1,Brown,human,Crewmate,PRE_VOTE,
web_6545dafe5f5943908ca2031aedd70ca8,51447,1,1,Player 4: cyan,ai,Crewmate,VOTE,
web_6545dafe5f5943908ca2031aedd70ca8,51449,1,1,Player 4: cyan,ai,Crewmate,VOTE_INFLUENCE,
web_6545dafe5f5943908ca2031aedd70ca8,51455,1,1,Red,human,Crewmate,VOTE,
web_6545dafe5f5943908ca2031aedd70ca8,51464,1,1,Black,human,Impostor,VOTE,
web_6545dafe5f5943908ca2031aedd70ca8,51470,1,1,Red,human,Crewmate,VOTE_INFLUENCE,
web_6545dafe5f5943908ca2031aedd70ca8,51475,1,1,Blue,human,Crewmate,VOTE,Red
web_6545dafe5f5943908ca2031aedd70ca8,51481,1,1,Black,human,Impostor,VOTE_INFLUENCE,
web_6545dafe5f5943908ca2031aedd70ca8,51505,1,1,Blue,human,Crewmate,VOTE_INFLUENCE,
web_657ea002d72c45eab97458fbface5add,43502,30,1,Red,human,Crewmate,PRE_VOTE,
web_657ea002d72c45eab97458fbface5add,43503,30,1,Player 3: lime,ai,Impostor,PRE_VOTE,
web_657ea002d72c45eab97458fbface5add,43504,30,1,Player 4: cyan,ai,Crewmate,PRE_VOTE,
web_657ea002d72c45eab97458fbface5add,43505,30,1,Player 5: white,ai,Crewmate,PRE_VOTE,
web_657ea002d72c45eab97458fbface5add,43506,30,1,Player 2: black,ai,Crewmate,PRE_VOTE,
web_657ea002d72c45eab97458fbface5add,43570,30,1,Player 5: white,ai,Crewmate,VOTE,Red
web_657ea002d72c45eab97458fbface5add,43571,30,1,Player 2: black,ai,Crewmate,VOTE,
web_657ea002d72c45eab97458fbface5add,43572,30,1,Player 3: lime,ai,Impostor,VOTE,Red
web_657ea002d72c45eab97458fbface5add,43573,30,1,Player 4: cyan,ai,Crewmate,VOTE,
web_657ea002d72c45eab97458fbface5add,43578,30,1,Player 5: white,ai,Crewmate,VOTE_INFLUENCE,
web_657ea002d72c45eab97458fbface5add,43579,30,1,Player 4: cyan,ai,Crewmate,VOTE_INFLUENCE,
web_657ea002d72c45eab97458fbface5add,43580,30,1,Player 2: black,ai,Crewmate,VOTE_INFLUENCE,
web_657ea002d72c45eab97458fbface5add,43583,30,1,Player 3: lime,ai,Impostor,VOTE_INFLUENCE,
web_657ea002d72c45eab97458fbface5add,43586,30,1,Red,human,Crewmate,VOTE,Player 3: lime
web_657ea002d72c45eab97458fbface5add,43589,30,1,Red,human,Crewmate,VOTE_INFLUENCE,
web_657edaaaef424276a8e31f5d2561944c,13468,1,1,Player 4: yellow,ai,Crewmate,PRE_VOTE,Brown
web_657edaaaef424276a8e31f5d2561944c,13469,1,1,Player 5: white,ai,Crewmate,PRE_VOTE,Brown
web_657edaaaef424276a8e31f5d2561944c,13470,1,1,Brown,human,Crewmate,PRE_VOTE,Orange
web_657edaaaef424276a8e31f5d2561944c,13471,1,1,Orange,human,Impostor,PRE_VOTE,
web_657edaaaef424276a8e31f5d2561944c,13472,1,1,Green,human,Crewmate,PRE_VOTE,
web_657edaaaef424276a8e31f5d2561944c,13620,1,1,Player 5: white,ai,Crewmate,VOTE,Green
web_657edaaaef424276a8e31f5d2561944c,13621,1,1,Player 4: yellow,ai,Crewmate,VOTE,
web_657edaaaef424276a8e31f5d2561944c,13622,1,1,Player 5: white,ai,Crewmate,VOTE_INFLUENCE,
web_657edaaaef424276a8e31f5d2561944c,13623,1,1,Player 4: yellow,ai,Crewmate,VOTE_INFLUENCE,
web_657edaaaef424276a8e31f5d2561944c,13624,1,1,Brown,human,Crewmate,VOTE,Orange
web_657edaaaef424276a8e31f5d2561944c,13626,1,1,Green,human,Crewmate,VOTE,Brown
web_657edaaaef424276a8e31f5d2561944c,13628,1,1,Orange,human,Impostor,VOTE,Brown
web_657edaaaef424276a8e31f5d2561944c,13630,1,1,Orange,human,Impostor,VOTE_INFLUENCE,
web_657edaaaef424276a8e31f5d2561944c,13631,1,1,Green,human,Crewmate,VOTE_INFLUENCE,
web_657edaaaef424276a8e31f5d2561944c,13632,1,1,Brown,human,Crewmate,VOTE_INFLUENCE,
web_657edaaaef424276a8e31f5d2561944c,13651,7,2,Orange,human,Impostor,PRE_VOTE,Orange
web_657edaaaef424276a8e31f5d2561944c,13652,7,2,Player 5: white,ai,Crewmate,PRE_VOTE,Green
web_657edaaaef424276a8e31f5d2561944c,13653,7,2,Green,human,Crewmate,PRE_VOTE,Player 5: white
web_657edaaaef424276a8e31f5d2561944c,13726,7,2,Player 5: white,ai,Crewmate,VOTE,Green
web_657edaaaef424276a8e31f5d2561944c,13727,7,2,Player 5: white,ai,Crewmate,VOTE_INFLUENCE,
web_657edaaaef424276a8e31f5d2561944c,13728,7,2,Orange,human,Impostor,VOTE,Player 5: white
web_657edaaaef424276a8e31f5d2561944c,13730,7,2,Orange,human,Impostor,VOTE_INFLUENCE,
web_657edaaaef424276a8e31f5d2561944c,13731,7,2,Green,human,Crewmate,VOTE,Orange
web_657edaaaef424276a8e31f5d2561944c,13733,7,2,Green,human,Crewmate,VOTE_INFLUENCE,
web_65aed512d9df407da140a3da44564228,83300,50,1,Player 3: red,ai,Impostor,PRE_VOTE,
web_65aed512d9df407da140a3da44564228,83304,50,1,Player 2: blue,ai,Crewmate,PRE_VOTE,
web_65aed512d9df407da140a3da44564228,83311,50,1,Cyan,human,Crewmate,PRE_VOTE,Player 3: red
web_65aed512d9df407da140a3da44564228,83555,50,1,Player 3: red,ai,Impostor,VOTE,
web_65aed512d9df407da140a3da44564228,83556,50,1,Player 2: blue,ai,Crewmate,VOTE,
web_65aed512d9df407da140a3da44564228,83565,50,1,Player 2: blue,ai,Crewmate,VOTE_INFLUENCE,
web_65aed512d9df407da140a3da44564228,83566,50,1,Player 3: red,ai,Impostor,VOTE_INFLUENCE,
web_65aed512d9df407da140a3da44564228,83573,50,1,Cyan,human,Crewmate,VOTE,Player 2: blue
web_65aed512d9df407da140a3da44564228,83585,50,1,Cyan,human,Crewmate,VOTE_INFLUENCE,
web_65c9471584d04cf7a3be97580dc0bdcf,81531,84,1,Player 5: cyan,ai,Crewmate,PRE_VOTE,
web_65c9471584d04cf7a3be97580dc0bdcf,81533,84,1,Yellow,human,Impostor,PRE_VOTE,Player 5: cyan
web_65c9471584d04cf7a3be97580dc0bdcf,81534,84,1,Player 4: blue,ai,Crewmate,PRE_VOTE,
web_65c9471584d04cf7a3be97580dc0bdcf,81762,84,1,Player 5: cyan,ai,Crewmate,VOTE,
web_65c9471584d04cf7a3be97580dc0bdcf,81763,84,1,Player 4: blue,ai,Crewmate,VOTE,
web_65c9471584d04cf7a3be97580dc0bdcf,81766,84,1,Player 5: cyan,ai,Crewmate,VOTE_INFLUENCE,
web_65c9471584d04cf7a3be97580dc0bdcf,81767,84,1,Player 4: blue,ai,Crewmate,VOTE_INFLUENCE,
web_65c9471584d04cf7a3be97580dc0bdcf,81769,84,1,Yellow,human,Impostor,VOTE,Player 4: blue
web_65c9471584d04cf7a3be97580dc0bdcf,81775,84,1,Yellow,human,Impostor,VOTE_INFLUENCE,
web_66ae6456b7214faa873a74ed1aabd8fe,49624,11,1,Player 5: pink,ai,Crewmate,PRE_VOTE,
web_66ae6456b7214faa873a74ed1aabd8fe,49625,11,1,Black,human,Crewmate,PRE_VOTE,
web_66ae6456b7214faa873a74ed1aabd8fe,49627,11,1,White,human,Impostor,PRE_VOTE,Player 5: pink
web_66ae6456b7214faa873a74ed1aabd8fe,49650,11,1,Orange,human,Crewmate,PRE_VOTE,
web_66ae6456b7214faa873a74ed1aabd8fe,49651,11,1,Blue,human,Crewmate,PRE_VOTE,
web_66ae6456b7214faa873a74ed1aabd8fe,49916,11,1,Player 5: pink,ai,Crewmate,VOTE,
web_66ae6456b7214faa873a74ed1aabd8fe,49925,11,1,Player 5: pink,ai,Crewmate,VOTE_INFLUENCE,
web_66ae6456b7214faa873a74ed1aabd8fe,49928,11,1,White,human,Impostor,VOTE,Black
web_66ae6456b7214faa873a74ed1aabd8fe,49932,11,1,Orange,human,Crewmate,VOTE,Blue
web_66ae6456b7214faa873a74ed1aabd8fe,49934,11,1,Blue,human,Crewmate,VOTE,White
web_66ae6456b7214faa873a74ed1aabd8fe,49936,11,1,White,human,Impostor,VOTE_INFLUENCE,
web_66ae6456b7214faa873a74ed1aabd8fe,49939,11,1,Black,human,Crewmate,VOTE,Blue
web_66ae6456b7214faa873a74ed1aabd8fe,49947,11,1,Black,human,Crewmate,VOTE_INFLUENCE,
web_66ae6456b7214faa873a74ed1aabd8fe,49948,11,1,Blue,human,Crewmate,VOTE_INFLUENCE,
web_66ae6456b7214faa873a74ed1aabd8fe,49950,11,1,Orange,human,Crewmate,VOTE_INFLUENCE,
web_67753e96260b472a8e8d0997dd5b7bd6,82349,46,1,Player 2: blue,ai,Impostor,PRE_VOTE,
web_67753e96260b472a8e8d0997dd5b7bd6,82350,46,1,Player 5: lime,ai,Crewmate,PRE_VOTE,
web_67753e96260b472a8e8d0997dd5b7bd6,82351,46,1,Player 4: orange,ai,Crewmate,PRE_VOTE,
web_67753e96260b472a8e8d0997dd5b7bd6,82358,46,1,Pink,human,Crewmate,PRE_VOTE,
web_67753e96260b472a8e8d0997dd5b7bd6,82612,46,1,Player 2: blue,ai,Impostor,VOTE,
web_67753e96260b472a8e8d0997dd5b7bd6,82614,46,1,Player 5: lime,ai,Crewmate,VOTE,
web_67753e96260b472a8e8d0997dd5b7bd6,82615,46,1,Player 4: orange,ai,Crewmate,VOTE,
web_67753e96260b472a8e8d0997dd5b7bd6,82622,46,1,Player 2: blue,ai,Impostor,VOTE_INFLUENCE,
web_67753e96260b472a8e8d0997dd5b7bd6,82629,46,1,Player 5: lime,ai,Crewmate,VOTE_INFLUENCE,
web_67753e96260b472a8e8d0997dd5b7bd6,82631,46,1,Player 4: orange,ai,Crewmate,VOTE_INFLUENCE,
web_67753e96260b472a8e8d0997dd5b7bd6,82642,46,1,Pink,human,Crewmate,VOTE,
web_67753e96260b472a8e8d0997dd5b7bd6,82653,46,1,Pink,human,Crewmate,VOTE_INFLUENCE,
web_67753e96260b472a8e8d0997dd5b7bd6,82971,118,2,Player 4: orange,ai,Crewmate,PRE_VOTE,
web_67753e96260b472a8e8d0997dd5b7bd6,82973,118,2,Player 5: lime,ai,Crewmate,PRE_VOTE,
web_67753e96260b472a8e8d0997dd5b7bd6,82974,118,2,Player 2: blue,ai,Impostor,PRE_VOTE,
web_67753e96260b472a8e8d0997dd5b7bd6,82976,118,2,Pink,human,Crewmate,PRE_VOTE,
web_67753e96260b472a8e8d0997dd5b7bd6,83111,118,2,Player 5: lime,ai,Crewmate,VOTE,
web_67753e96260b472a8e8d0997dd5b7bd6,83112,118,2,Player 2: blue,ai,Impostor,VOTE,
web_67753e96260b472a8e8d0997dd5b7bd6,83113,118,2,Player 4: orange,ai,Crewmate,VOTE,
web_67753e96260b472a8e8d0997dd5b7bd6,83117,118,2,Player 5: lime,ai,Crewmate,VOTE_INFLUENCE,
web_67753e96260b472a8e8d0997dd5b7bd6,83120,118,2,Player 2: blue,ai,Impostor,VOTE_INFLUENCE,
web_67753e96260b472a8e8d0997dd5b7bd6,83121,118,2,Player 4: orange,ai,Crewmate,VOTE_INFLUENCE,
web_67753e96260b472a8e8d0997dd5b7bd6,83143,118,2,Pink,human,Crewmate,VOTE_INFLUENCE,
web_67753e96260b472a8e8d0997dd5b7bd6,83144,118,2,Pink,human,Crewmate,VOTE,
web_67753e96260b472a8e8d0997dd5b7bd6,83174,123,3,Pink,human,Crewmate,PRE_VOTE,Player 2: blue
web_67753e96260b472a8e8d0997dd5b7bd6,83175,123,3,Player 4: orange,ai,Crewmate,PRE_VOTE,Player 2: blue
web_67753e96260b472a8e8d0997dd5b7bd6,83176,123,3,Player 2: blue,ai,Impostor,PRE_VOTE,
web_67753e96260b472a8e8d0997dd5b7bd6,83388,123,3,Player 2: blue,ai,Impostor,VOTE,Player 4: orange
web_67753e96260b472a8e8d0997dd5b7bd6,83390,123,3,Player 4: orange,ai,Crewmate,VOTE,
web_67753e96260b472a8e8d0997dd5b7bd6,83396,123,3,Player 2: blue,ai,Impostor,VOTE_INFLUENCE,
web_67753e96260b472a8e8d0997dd5b7bd6,83399,123,3,Player 4: orange,ai,Crewmate,VOTE_INFLUENCE,
web_67753e96260b472a8e8d0997dd5b7bd6,83402,123,3,Pink,human,Crewmate,VOTE,Player 2: blue
web_67753e96260b472a8e8d0997dd5b7bd6,83413,123,3,Pink,human,Crewmate,VOTE_INFLUENCE,
web_67fad9b589684d0d916e905f2bca6661,77374,18,1,Red,human,Crewmate,PRE_VOTE,Red
web_67fad9b589684d0d916e905f2bca6661,77381,18,1,Player 5: black,ai,Crewmate,PRE_VOTE,
web_67fad9b589684d0d916e905f2bca6661,77382,18,1,Pink,human,Crewmate,PRE_VOTE,Red
web_67fad9b589684d0d916e905f2bca6661,77383,18,1,Player 4: green,ai,Impostor,PRE_VOTE,
web_67fad9b589684d0d916e905f2bca6661,77809,18,1,Player 4: green,ai,Impostor,VOTE,Red
web_67fad9b589684d0d916e905f2bca6661,77810,18,1,Player 5: black,ai,Crewmate,VOTE,
web_67fad9b589684d0d916e905f2bca6661,77815,18,1,Player 4: green,ai,Impostor,VOTE_INFLUENCE,
web_67fad9b589684d0d916e905f2bca6661,77823,18,1,Player 5: black,ai,Crewmate,VOTE_INFLUENCE,
web_67fad9b589684d0d916e905f2bca6661,77831,18,1,Pink,human,Crewmate,VOTE,Red
web_67fad9b589684d0d916e905f2bca6661,77837,18,1,Pink,human,Crewmate,VOTE_INFLUENCE,
web_67fad9b589684d0d916e905f2bca6661,77838,18,1,Red,human,Crewmate,VOTE,Pink
web_67fad9b589684d0d916e905f2bca6661,77852,18,1,Red,human,Crewmate,VOTE_INFLUENCE,
web_68752de9e9ca496d898d1b03dd5f9b22,7759,87,1,Brown,human,Impostor,PRE_VOTE,Green
web_68752de9e9ca496d898d1b03dd5f9b22,7764,87,1,Green,human,Crewmate,PRE_VOTE,
web_68752de9e9ca496d898d1b03dd5f9b22,7769,87,1,Blue,human,Crewmate,PRE_VOTE,
web_68752de9e9ca496d898d1b03dd5f9b22,7930,87,1,Blue,human,Crewmate,VOTE,Brown
web_68752de9e9ca496d898d1b03dd5f9b22,7932,87,1,Brown,human,Impostor,VOTE,Green
web_68752de9e9ca496d898d1b03dd5f9b22,7937,87,1,Green,human,Crewmate,VOTE,Blue
web_68752de9e9ca496d898d1b03dd5f9b22,7948,87,1,Blue,human,Crewmate,VOTE_INFLUENCE,
web_68752de9e9ca496d898d1b03dd5f9b22,7951,87,1,Brown,human,Impostor,VOTE_INFLUENCE,
web_68752de9e9ca496d898d1b03dd5f9b22,7965,87,1,Green,human,Crewmate,VOTE_INFLUENCE,
web_68752de9e9ca496d898d1b03dd5f9b22,8005,91,2,Brown,human,Impostor,PRE_VOTE,
web_68752de9e9ca496d898d1b03dd5f9b22,8010,91,2,Blue,human,Crewmate,PRE_VOTE,Green
web_68752de9e9ca496d898d1b03dd5f9b22,8016,91,2,Green,human,Crewmate,PRE_VOTE,Blue
web_68752de9e9ca496d898d1b03dd5f9b22,8165,91,2,Blue,human,Crewmate,VOTE,Green
web_68752de9e9ca496d898d1b03dd5f9b22,8171,91,2,Brown,human,Impostor,VOTE,Green
web_68752de9e9ca496d898d1b03dd5f9b22,8173,91,2,Green,human,Crewmate,VOTE,Blue
web_68752de9e9ca496d898d1b03dd5f9b22,8182,91,2,Blue,human,Crewmate,VOTE_INFLUENCE,
web_68752de9e9ca496d898d1b03dd5f9b22,8183,91,2,Green,human,Crewmate,VOTE_INFLUENCE,
web_68752de9e9ca496d898d1b03dd5f9b22,8184,91,2,Brown,human,Impostor,VOTE_INFLUENCE,
web_68e3f4e6d6fd4382bc3d190bbf931ab2,53765,12,1,Player 2: orange,ai,Crewmate,PRE_VOTE,
web_68e3f4e6d6fd4382bc3d190bbf931ab2,53770,12,1,Cyan,human,Crewmate,PRE_VOTE,Black
web_68e3f4e6d6fd4382bc3d190bbf931ab2,53781,12,1,Blue,human,Crewmate,PRE_VOTE,
web_68e3f4e6d6fd4382bc3d190bbf931ab2,53785,12,1,Purple,human,Crewmate,PRE_VOTE,Blue
web_68e3f4e6d6fd4382bc3d190bbf931ab2,53817,12,1,Black,human,Impostor,PRE_VOTE,
web_68e3f4e6d6fd4382bc3d190bbf931ab2,54273,12,1,Player 2: orange,ai,Crewmate,VOTE,
web_68e3f4e6d6fd4382bc3d190bbf931ab2,54287,12,1,Player 2: orange,ai,Crewmate,VOTE_INFLUENCE,
web_68e3f4e6d6fd4382bc3d190bbf931ab2,54299,12,1,Blue,human,Crewmate,VOTE,Cyan
web_68e3f4e6d6fd4382bc3d190bbf931ab2,54303,12,1,Cyan,human,Crewmate,VOTE,Blue
web_68e3f4e6d6fd4382bc3d190bbf931ab2,54305,12,1,Purple,human,Crewmate,VOTE,Cyan
web_68e3f4e6d6fd4382bc3d190bbf931ab2,54322,12,1,Blue,human,Crewmate,VOTE_INFLUENCE,
web_68e3f4e6d6fd4382bc3d190bbf931ab2,54323,12,1,Cyan,human,Crewmate,VOTE_INFLUENCE,
web_68e3f4e6d6fd4382bc3d190bbf931ab2,54329,12,1,Black,human,Impostor,VOTE,Player 2: orange
web_68e3f4e6d6fd4382bc3d190bbf931ab2,54342,12,1,Purple,human,Crewmate,VOTE_INFLUENCE,
web_68e3f4e6d6fd4382bc3d190bbf931ab2,54361,12,1,Black,human,Impostor,VOTE_INFLUENCE,
web_68e3f4e6d6fd4382bc3d190bbf931ab2,54451,16,2,Blue,human,Crewmate,PRE_VOTE,Black
web_68e3f4e6d6fd4382bc3d190bbf931ab2,54462,16,2,Black,human,Impostor,PRE_VOTE,Purple
web_68e3f4e6d6fd4382bc3d190bbf931ab2,54466,16,2,Player 2: orange,ai,Crewmate,PRE_VOTE,
web_68e3f4e6d6fd4382bc3d190bbf931ab2,54485,16,2,Purple,human,Crewmate,PRE_VOTE,Blue
web_68e3f4e6d6fd4382bc3d190bbf931ab2,55010,16,2,Player 2: orange,ai,Crewmate,VOTE,
web_68e3f4e6d6fd4382bc3d190bbf931ab2,55020,16,2,Player 2: orange,ai,Crewmate,VOTE_INFLUENCE,
web_68e3f4e6d6fd4382bc3d190bbf931ab2,55028,16,2,Blue,human,Crewmate,VOTE,Black
web_68e3f4e6d6fd4382bc3d190bbf931ab2,55033,16,2,Purple,human,Crewmate,VOTE,Black
web_68e3f4e6d6fd4382bc3d190bbf931ab2,55035,16,2,Blue,human,Crewmate,VOTE_INFLUENCE,
web_68e3f4e6d6fd4382bc3d190bbf931ab2,55050,16,2,Purple,human,Crewmate,VOTE_INFLUENCE,
web_68e3f4e6d6fd4382bc3d190bbf931ab2,55081,16,2,Black,human,Impostor,VOTE,Purple
web_68e3f4e6d6fd4382bc3d190bbf931ab2,55097,16,2,Black,human,Impostor,VOTE_INFLUENCE,
web_69fd6dbb1ff9482581b3498f3193d4ad,24324,24,1,Player 4: green,ai,Crewmate,PRE_VOTE,
web_69fd6dbb1ff9482581b3498f3193d4ad,24325,24,1,Player 5: black,ai,Crewmate,PRE_VOTE,
web_69fd6dbb1ff9482581b3498f3193d4ad,24328,24,1,Blue,human,Impostor,PRE_VOTE,Player 4: green
web_69fd6dbb1ff9482581b3498f3193d4ad,24337,24,1,Lime,human,Crewmate,PRE_VOTE,
web_69fd6dbb1ff9482581b3498f3193d4ad,24458,24,1,Player 5: black,ai,Crewmate,VOTE,
web_69fd6dbb1ff9482581b3498f3193d4ad,24460,24,1,Player 4: green,ai,Crewmate,VOTE,
web_69fd6dbb1ff9482581b3498f3193d4ad,24461,24,1,Player 5: black,ai,Crewmate,VOTE_INFLUENCE,
web_69fd6dbb1ff9482581b3498f3193d4ad,24466,24,1,Player 4: green,ai,Crewmate,VOTE_INFLUENCE,
web_69fd6dbb1ff9482581b3498f3193d4ad,24474,24,1,Blue,human,Impostor,VOTE,Player 4: green
web_69fd6dbb1ff9482581b3498f3193d4ad,24485,24,1,Blue,human,Impostor,VOTE_INFLUENCE,
web_6a28ae13fa26412983cf8c9fb46a60e6,25447,93,1,Black,human,Crewmate,PRE_VOTE,
web_6a28ae13fa26412983cf8c9fb46a60e6,25448,93,1,Purple,human,Crewmate,PRE_VOTE,
web_6a28ae13fa26412983cf8c9fb46a60e6,25463,93,1,Brown,human,Impostor,PRE_VOTE,Blue
web_6a28ae13fa26412983cf8c9fb46a60e6,25469,93,1,Cyan,human,Crewmate,PRE_VOTE,Blue
web_6a28ae13fa26412983cf8c9fb46a60e6,25478,93,1,Blue,human,Crewmate,PRE_VOTE,
web_6a28ae13fa26412983cf8c9fb46a60e6,25687,93,1,Purple,human,Crewmate,VOTE,
web_6a28ae13fa26412983cf8c9fb46a60e6,25689,93,1,Blue,human,Crewmate,VOTE,
web_6a28ae13fa26412983cf8c9fb46a60e6,25693,93,1,Black,human,Crewmate,VOTE,
web_6a28ae13fa26412983cf8c9fb46a60e6,25711,93,1,Purple,human,Crewmate,VOTE_INFLUENCE,
web_6a28ae13fa26412983cf8c9fb46a60e6,25714,93,1,Blue,human,Crewmate,VOTE_INFLUENCE,
web_6a28ae13fa26412983cf8c9fb46a60e6,25731,93,1,Cyan,human,Crewmate,VOTE,Blue
web_6a28ae13fa26412983cf8c9fb46a60e6,25735,93,1,Brown,human,Impostor,VOTE,Cyan
web_6a28ae13fa26412983cf8c9fb46a60e6,25747,93,1,Black,human,Crewmate,VOTE_INFLUENCE,
web_6a28ae13fa26412983cf8c9fb46a60e6,25758,93,1,Brown,human,Impostor,VOTE_INFLUENCE,
web_6a28ae13fa26412983cf8c9fb46a60e6,25768,93,1,Cyan,human,Crewmate,VOTE_INFLUENCE,
web_6a28ae13fa26412983cf8c9fb46a60e6,25848,96,2,Blue,human,Crewmate,PRE_VOTE,Black
web_6a28ae13fa26412983cf8c9fb46a60e6,25849,96,2,Purple,human,Crewmate,PRE_VOTE,Brown
web_6a28ae13fa26412983cf8c9fb46a60e6,25854,96,2,Brown,human,Impostor,PRE_VOTE,Cyan
web_6a28ae13fa26412983cf8c9fb46a60e6,25863,96,2,Cyan,human,Crewmate,PRE_VOTE,Blue
web_6a28ae13fa26412983cf8c9fb46a60e6,25878,96,2,Black,human,Crewmate,PRE_VOTE,
web_6a28ae13fa26412983cf8c9fb46a60e6,26113,96,2,Purple,human,Crewmate,VOTE,Brown
web_6a28ae13fa26412983cf8c9fb46a60e6,26116,96,2,Black,human,Crewmate,VOTE,Cyan
web_6a28ae13fa26412983cf8c9fb46a60e6,26128,96,2,Purple,human,Crewmate,VOTE_INFLUENCE,
web_6a28ae13fa26412983cf8c9fb46a60e6,26129,96,2,Black,human,Crewmate,VOTE_INFLUENCE,
web_6a28ae13fa26412983cf8c9fb46a60e6,26134,96,2,Cyan,human,Crewmate,VOTE,Blue
web_6a28ae13fa26412983cf8c9fb46a60e6,26158,96,2,Blue,human,Crewmate,VOTE_INFLUENCE,
web_6a28ae13fa26412983cf8c9fb46a60e6,26160,96,2,Brown,human,Impostor,VOTE_INFLUENCE,
web_6a28ae13fa26412983cf8c9fb46a60e6,26169,96,2,Cyan,human,Crewmate,VOTE_INFLUENCE,
web_6a28ae13fa26412983cf8c9fb46a60e6,26174,96,2,Blue,human,Crewmate,VOTE,
web_6a28ae13fa26412983cf8c9fb46a60e6,26176,96,2,Brown,human,Impostor,VOTE,
web_6ba084f092aa4ffdb4bc142fa6b74a95,87760,16,1,Cyan,human,Impostor,PRE_VOTE,Player 3: black
web_6ba084f092aa4ffdb4bc142fa6b74a95,87767,16,1,Player 3: black,ai,Crewmate,PRE_VOTE,Cyan
web_6ba084f092aa4ffdb4bc142fa6b74a95,87770,16,1,Player 5: brown,ai,Crewmate,PRE_VOTE,
web_6ba084f092aa4ffdb4bc142fa6b74a95,87771,16,1,Player 2: pink,ai,Crewmate,PRE_VOTE,
web_6ba084f092aa4ffdb4bc142fa6b74a95,88019,16,1,Player 3: black,ai,Crewmate,VOTE,Cyan
web_6ba084f092aa4ffdb4bc142fa6b74a95,88020,16,1,Player 5: brown,ai,Crewmate,VOTE,Player 3: black
web_6ba084f092aa4ffdb4bc142fa6b74a95,88021,16,1,Player 2: pink,ai,Crewmate,VOTE,
web_6ba084f092aa4ffdb4bc142fa6b74a95,88025,16,1,Player 3: black,ai,Crewmate,VOTE_INFLUENCE,
web_6ba084f092aa4ffdb4bc142fa6b74a95,88027,16,1,Player 5: brown,ai,Crewmate,VOTE_INFLUENCE,
web_6ba084f092aa4ffdb4bc142fa6b74a95,88028,16,1,Player 2: pink,ai,Crewmate,VOTE_INFLUENCE,
web_6ba084f092aa4ffdb4bc142fa6b74a95,88036,16,1,Cyan,human,Impostor,VOTE,Player 3: black
web_6ba084f092aa4ffdb4bc142fa6b74a95,88044,16,1,Cyan,human,Impostor,VOTE_INFLUENCE,
web_6c2924242cc3479db209543dc161da79,29635,33,1,Yellow,human,Crewmate,PRE_VOTE,Yellow
web_6c2924242cc3479db209543dc161da79,29643,33,1,Purple,human,Crewmate,PRE_VOTE,
web_6c2924242cc3479db209543dc161da79,29648,33,1,Cyan,human,Impostor,PRE_VOTE,Purple
web_6c60d2a5f4b24341aa8788094189f6ba,19145,1,1,Player 4: blue,ai,Crewmate,PRE_VOTE,
web_6c60d2a5f4b24341aa8788094189f6ba,19146,1,1,Player 2: brown,ai,Crewmate,PRE_VOTE,
web_6c60d2a5f4b24341aa8788094189f6ba,19147,1,1,Player 5: cyan,ai,Crewmate,PRE_VOTE,
web_6c60d2a5f4b24341aa8788094189f6ba,19148,1,1,Player 3: red,ai,Impostor,PRE_VOTE,
web_6c60d2a5f4b24341aa8788094189f6ba,19149,1,1,Purple,human,Crewmate,PRE_VOTE,
web_6c60d2a5f4b24341aa8788094189f6ba,19174,1,1,Player 2: brown,ai,Crewmate,VOTE,
web_6c60d2a5f4b24341aa8788094189f6ba,19175,1,1,Player 4: blue,ai,Crewmate,VOTE,
web_6c60d2a5f4b24341aa8788094189f6ba,19176,1,1,Player 5: cyan,ai,Crewmate,VOTE,
web_6c60d2a5f4b24341aa8788094189f6ba,19177,1,1,Player 3: red,ai,Impostor,VOTE,
web_6c60d2a5f4b24341aa8788094189f6ba,19178,1,1,Player 2: brown,ai,Crewmate,VOTE_INFLUENCE,
web_6c60d2a5f4b24341aa8788094189f6ba,19179,1,1,Player 3: red,ai,Impostor,VOTE_INFLUENCE,
web_6c60d2a5f4b24341aa8788094189f6ba,19180,1,1,Player 4: blue,ai,Crewmate,VOTE_INFLUENCE,
web_6c60d2a5f4b24341aa8788094189f6ba,19181,1,1,Player 5: cyan,ai,Crewmate,VOTE_INFLUENCE,
web_6ca3a96c5e324cd6a7ae3cee3c43020e,72987,42,1,Orange,human,Crewmate,PRE_VOTE,Orange
web_6ca3a96c5e324cd6a7ae3cee3c43020e,72992,42,1,Player 2: white,ai,Crewmate,PRE_VOTE,
web_6ca3a96c5e324cd6a7ae3cee3c43020e,72997,42,1,Player 5: purple,ai,Impostor,PRE_VOTE,
web_6ca3a96c5e324cd6a7ae3cee3c43020e,73415,42,1,Player 2: white,ai,Crewmate,VOTE,Player 5: purple
web_6ca3a96c5e324cd6a7ae3cee3c43020e,73416,42,1,Player 5: purple,ai,Impostor,VOTE,
web_6ca3a96c5e324cd6a7ae3cee3c43020e,73426,42,1,Player 2: white,ai,Crewmate,VOTE_INFLUENCE,
web_6ca3a96c5e324cd6a7ae3cee3c43020e,73435,42,1,Player 5: purple,ai,Impostor,VOTE_INFLUENCE,
web_6ca3a96c5e324cd6a7ae3cee3c43020e,73469,42,1,Orange,human,Crewmate,VOTE,Player 5: purple
web_6ca3a96c5e324cd6a7ae3cee3c43020e,73496,42,1,Orange,human,Crewmate,VOTE_INFLUENCE,
web_6cb0333d923b49869a53b4bcd7a5fa0b,65006,30,1,Player 3: green,ai,Crewmate,PRE_VOTE,
web_6cb0333d923b49869a53b4bcd7a5fa0b,65007,30,1,Player 4: white,ai,Crewmate,PRE_VOTE,
web_6cb0333d923b49869a53b4bcd7a5fa0b,65009,30,1,Cyan,human,Impostor,PRE_VOTE,Player 3: green
web_6cb0333d923b49869a53b4bcd7a5fa0b,65019,30,1,Blue,human,Crewmate,PRE_VOTE,Cyan
web_6cb0333d923b49869a53b4bcd7a5fa0b,65267,30,1,Player 4: white,ai,Crewmate,VOTE,
web_6cb0333d923b49869a53b4bcd7a5fa0b,65268,30,1,Player 3: green,ai,Crewmate,VOTE,Cyan
web_6cb0333d923b49869a53b4bcd7a5fa0b,65275,30,1,Player 4: white,ai,Crewmate,VOTE_INFLUENCE,
web_6cb0333d923b49869a53b4bcd7a5fa0b,65277,30,1,Player 3: green,ai,Crewmate,VOTE_INFLUENCE,
web_6cb0333d923b49869a53b4bcd7a5fa0b,65284,30,1,Blue,human,Crewmate,VOTE,Player 3: green
web_6cb0333d923b49869a53b4bcd7a5fa0b,65286,30,1,Cyan,human,Impostor,VOTE,Blue
web_6cb0333d923b49869a53b4bcd7a5fa0b,65289,30,1,Blue,human,Crewmate,VOTE_INFLUENCE,
web_6cb0333d923b49869a53b4bcd7a5fa0b,65295,30,1,Cyan,human,Impostor,VOTE_INFLUENCE,
web_6cb0333d923b49869a53b4bcd7a5fa0b,65321,32,2,Player 4: white,ai,Crewmate,PRE_VOTE,Cyan
web_6cb0333d923b49869a53b4bcd7a5fa0b,65323,32,2,Blue,human,Crewmate,PRE_VOTE,Player 3: green
web_6cb0333d923b49869a53b4bcd7a5fa0b,65324,32,2,Player 3: green,ai,Crewmate,PRE_VOTE,
web_6cb0333d923b49869a53b4bcd7a5fa0b,65330,32,2,Cyan,human,Impostor,PRE_VOTE,Player 4: white
web_6cb0333d923b49869a53b4bcd7a5fa0b,65553,32,2,Player 3: green,ai,Crewmate,VOTE,
web_6cb0333d923b49869a53b4bcd7a5fa0b,65554,32,2,Player 4: white,ai,Crewmate,VOTE,
web_6cb0333d923b49869a53b4bcd7a5fa0b,65556,32,2,Player 3: green,ai,Crewmate,VOTE_INFLUENCE,
web_6cb0333d923b49869a53b4bcd7a5fa0b,65557,32,2,Player 4: white,ai,Crewmate,VOTE_INFLUENCE,
web_6cb0333d923b49869a53b4bcd7a5fa0b,65571,32,2,Blue,human,Crewmate,VOTE,Player 4: white
web_6cb0333d923b49869a53b4bcd7a5fa0b,65574,32,2,Cyan,human,Impostor,VOTE,Player 4: white
web_6cb0333d923b49869a53b4bcd7a5fa0b,65580,32,2,Cyan,human,Impostor,VOTE_INFLUENCE,
web_6cb0333d923b49869a53b4bcd7a5fa0b,65582,32,2,Blue,human,Crewmate,VOTE_INFLUENCE,
web_6d01e246a66a4f2a976c39d179383442,31082,21,1,Red,human,Crewmate,PRE_VOTE,Player 3: orange
web_6d01e246a66a4f2a976c39d179383442,31085,21,1,Player 4: blue,ai,Crewmate,PRE_VOTE,Player 3: orange
web_6d01e246a66a4f2a976c39d179383442,31086,21,1,Player 5: pink,ai,Crewmate,PRE_VOTE,
web_6d01e246a66a4f2a976c39d179383442,31090,21,1,Player 3: orange,ai,Impostor,PRE_VOTE,
web_6d01e246a66a4f2a976c39d179383442,31091,21,1,Yellow,human,Crewmate,PRE_VOTE,
web_6d01e246a66a4f2a976c39d179383442,31275,21,1,Player 4: blue,ai,Crewmate,VOTE,Player 3: orange
web_6d01e246a66a4f2a976c39d179383442,31276,21,1,Player 5: pink,ai,Crewmate,VOTE,Player 3: orange
web_6d01e246a66a4f2a976c39d179383442,31277,21,1,Player 3: orange,ai,Impostor,VOTE,
web_6d01e246a66a4f2a976c39d179383442,31279,21,1,Player 5: pink,ai,Crewmate,VOTE_INFLUENCE,
web_6d01e246a66a4f2a976c39d179383442,31281,21,1,Player 3: orange,ai,Impostor,VOTE_INFLUENCE,
web_6d01e246a66a4f2a976c39d179383442,31282,21,1,Player 4: blue,ai,Crewmate,VOTE_INFLUENCE,
web_6d01e246a66a4f2a976c39d179383442,31288,21,1,Red,human,Crewmate,VOTE,Player 3: orange
web_6d01e246a66a4f2a976c39d179383442,31292,21,1,Yellow,human,Crewmate,VOTE,Player 3: orange
web_6d01e246a66a4f2a976c39d179383442,31296,21,1,Red,human,Crewmate,VOTE_INFLUENCE,
web_6d01e246a66a4f2a976c39d179383442,31297,21,1,Yellow,human,Crewmate,VOTE_INFLUENCE,
web_6d604d1bcbd642a887a267406381fd9f,57267,27,1,Player 3: pink,ai,Crewmate,PRE_VOTE,Player 2: blue
web_6d604d1bcbd642a887a267406381fd9f,57268,27,1,Player 5: green,ai,Crewmate,PRE_VOTE,Player 2: blue
web_6d604d1bcbd642a887a267406381fd9f,57269,27,1,Player 2: blue,ai,Impostor,PRE_VOTE,
web_6d604d1bcbd642a887a267406381fd9f,57277,27,1,Player 4: brown,ai,Crewmate,PRE_VOTE,
web_6d604d1bcbd642a887a267406381fd9f,57278,27,1,White,human,Crewmate,PRE_VOTE,Player 4: brown
web_6d604d1bcbd642a887a267406381fd9f,57300,27,1,Player 3: pink,ai,Crewmate,VOTE,Player 2: blue
web_6d604d1bcbd642a887a267406381fd9f,57301,27,1,Player 5: green,ai,Crewmate,VOTE,Player 2: blue
web_6d604d1bcbd642a887a267406381fd9f,57302,27,1,Player 2: blue,ai,Impostor,VOTE,Player 5: green
web_6d604d1bcbd642a887a267406381fd9f,57303,27,1,Player 4: brown,ai,Crewmate,VOTE,
web_6d604d1bcbd642a887a267406381fd9f,57304,27,1,Player 3: pink,ai,Crewmate,VOTE_INFLUENCE,
web_6d604d1bcbd642a887a267406381fd9f,57305,27,1,Player 5: green,ai,Crewmate,VOTE_INFLUENCE,
web_6d604d1bcbd642a887a267406381fd9f,57306,27,1,Player 2: blue,ai,Impostor,VOTE_INFLUENCE,
web_6d604d1bcbd642a887a267406381fd9f,57307,27,1,Player 4: brown,ai,Crewmate,VOTE_INFLUENCE,
web_6d604d1bcbd642a887a267406381fd9f,57318,27,1,White,human,Crewmate,VOTE,
web_6d604d1bcbd642a887a267406381fd9f,57324,27,1,White,human,Crewmate,VOTE_INFLUENCE,
web_6d7cab2c1ec449d9b59045c96add9307,42198,85,1,Player 5: purple,ai,Crewmate,PRE_VOTE,Player 4: brown
web_6d7cab2c1ec449d9b59045c96add9307,42199,85,1,Player 3: red,ai,Crewmate,PRE_VOTE,
web_6d7cab2c1ec449d9b59045c96add9307,42200,85,1,Player 4: brown,ai,Impostor,PRE_VOTE,
web_6d7cab2c1ec449d9b59045c96add9307,42201,85,1,Yellow,human,Crewmate,PRE_VOTE,Player 3: red
web_6d7cab2c1ec449d9b59045c96add9307,42249,85,1,Player 5: purple,ai,Crewmate,VOTE,
web_6d7cab2c1ec449d9b59045c96add9307,42250,85,1,Player 3: red,ai,Crewmate,VOTE,
web_6d7cab2c1ec449d9b59045c96add9307,42251,85,1,Player 4: brown,ai,Impostor,VOTE,
web_6d7cab2c1ec449d9b59045c96add9307,42252,85,1,Player 5: purple,ai,Crewmate,VOTE_INFLUENCE,
web_6d7cab2c1ec449d9b59045c96add9307,42253,85,1,Player 4: brown,ai,Impostor,VOTE_INFLUENCE,
web_6d7cab2c1ec449d9b59045c96add9307,42254,85,1,Player 3: red,ai,Crewmate,VOTE_INFLUENCE,
web_6d7cab2c1ec449d9b59045c96add9307,42266,88,2,Player 4: brown,ai,Impostor,PRE_VOTE,Player 5: purple
web_6d7cab2c1ec449d9b59045c96add9307,42268,88,2,Player 5: purple,ai,Crewmate,PRE_VOTE,Player 4: brown
web_6d7cab2c1ec449d9b59045c96add9307,42271,88,2,Player 3: red,ai,Crewmate,PRE_VOTE,
web_6d7cab2c1ec449d9b59045c96add9307,42346,88,2,Player 4: brown,ai,Impostor,VOTE,Player 5: purple
web_6d7cab2c1ec449d9b59045c96add9307,42347,88,2,Player 5: purple,ai,Crewmate,VOTE,
web_6d7cab2c1ec449d9b59045c96add9307,42348,88,2,Player 3: red,ai,Crewmate,VOTE,
web_6d7cab2c1ec449d9b59045c96add9307,42351,88,2,Player 5: purple,ai,Crewmate,VOTE_INFLUENCE,
web_6d7cab2c1ec449d9b59045c96add9307,42352,88,2,Player 3: red,ai,Crewmate,VOTE_INFLUENCE,
web_6d7cab2c1ec449d9b59045c96add9307,42353,88,2,Player 4: brown,ai,Impostor,VOTE_INFLUENCE,
web_6f346a25a5ce44c2a79faa5da390e9d8,25754,34,1,Player 5: red,ai,Crewmate,PRE_VOTE,
web_6f346a25a5ce44c2a79faa5da390e9d8,25755,34,1,Blue,human,Impostor,PRE_VOTE,Cyan
web_6f346a25a5ce44c2a79faa5da390e9d8,25756,34,1,Purple,human,Crewmate,PRE_VOTE,
web_6f346a25a5ce44c2a79faa5da390e9d8,25757,34,1,Lime,human,Crewmate,PRE_VOTE,
web_6f346a25a5ce44c2a79faa5da390e9d8,25759,34,1,Cyan,human,Crewmate,PRE_VOTE,Lime
web_6f348479dc744ed98f3fe8b539ac13a6,77818,38,1,Player 3: orange,ai,Crewmate,PRE_VOTE,Player 5: brown
web_6f348479dc744ed98f3fe8b539ac13a6,77827,38,1,Pink,human,Crewmate,PRE_VOTE,Pink
web_6f348479dc744ed98f3fe8b539ac13a6,77828,38,1,Player 2: red,ai,Crewmate,PRE_VOTE,Player 5: brown
web_6f348479dc744ed98f3fe8b539ac13a6,77833,38,1,Cyan,human,Crewmate,PRE_VOTE,
web_6f348479dc744ed98f3fe8b539ac13a6,77834,38,1,Player 5: brown,ai,Impostor,PRE_VOTE,
web_6f348479dc744ed98f3fe8b539ac13a6,78122,38,1,Player 2: red,ai,Crewmate,VOTE,Player 5: brown
web_6f348479dc744ed98f3fe8b539ac13a6,78128,38,1,Player 3: orange,ai,Crewmate,VOTE,Player 5: brown
web_6f348479dc744ed98f3fe8b539ac13a6,78132,38,1,Player 5: brown,ai,Impostor,VOTE,Player 3: orange
web_6f348479dc744ed98f3fe8b539ac13a6,78136,38,1,Player 2: red,ai,Crewmate,VOTE_INFLUENCE,
web_6f348479dc744ed98f3fe8b539ac13a6,78143,38,1,Player 3: orange,ai,Crewmate,VOTE_INFLUENCE,
web_6f348479dc744ed98f3fe8b539ac13a6,78144,38,1,Player 5: brown,ai,Impostor,VOTE_INFLUENCE,
web_6f348479dc744ed98f3fe8b539ac13a6,78153,38,1,Cyan,human,Crewmate,VOTE,Player 5: brown
web_6f348479dc744ed98f3fe8b539ac13a6,78163,38,1,Pink,human,Crewmate,VOTE,Player 3: orange
web_6f348479dc744ed98f3fe8b539ac13a6,78167,38,1,Pink,human,Crewmate,VOTE_INFLUENCE,
web_6f348479dc744ed98f3fe8b539ac13a6,78190,38,1,Cyan,human,Crewmate,VOTE_INFLUENCE,
web_702f3f37f2e343efbffd9a4e854a4d14,77189,5,1,Pink,human,Crewmate,PRE_VOTE,Yellow
web_702f3f37f2e343efbffd9a4e854a4d14,77190,5,1,Player 4: cyan,ai,Crewmate,PRE_VOTE,Yellow
web_702f3f37f2e343efbffd9a4e854a4d14,77191,5,1,Player 5: brown,ai,Crewmate,PRE_VOTE,Yellow
web_702f3f37f2e343efbffd9a4e854a4d14,77196,5,1,Player 3: orange,ai,Crewmate,PRE_VOTE,Yellow
web_702f3f37f2e343efbffd9a4e854a4d14,77217,5,1,Yellow,human,Impostor,PRE_VOTE,Player 3: orange
web_702f3f37f2e343efbffd9a4e854a4d14,77595,5,1,Player 3: orange,ai,Crewmate,VOTE,Yellow
web_702f3f37f2e343efbffd9a4e854a4d14,77600,5,1,Player 4: cyan,ai,Crewmate,VOTE,Yellow
web_702f3f37f2e343efbffd9a4e854a4d14,77609,5,1,Player 5: brown,ai,Crewmate,VOTE,
web_702f3f37f2e343efbffd9a4e854a4d14,77613,5,1,Player 4: cyan,ai,Crewmate,VOTE_INFLUENCE,
web_702f3f37f2e343efbffd9a4e854a4d14,77614,5,1,Player 3: orange,ai,Crewmate,VOTE_INFLUENCE,
web_702f3f37f2e343efbffd9a4e854a4d14,77619,5,1,Player 5: brown,ai,Crewmate,VOTE_INFLUENCE,
web_702f3f37f2e343efbffd9a4e854a4d14,77630,5,1,Yellow,human,Impostor,VOTE,Player 3: orange
web_702f3f37f2e343efbffd9a4e854a4d14,77665,5,1,Yellow,human,Impostor,VOTE_INFLUENCE,
web_717cdc8288e7411f9a5e04a125e0e0be,60569,21,1,Player 2: green,ai,Crewmate,PRE_VOTE,
web_717cdc8288e7411f9a5e04a125e0e0be,60570,21,1,Lime,human,Crewmate,PRE_VOTE,Player 3: brown
web_717cdc8288e7411f9a5e04a125e0e0be,60574,21,1,Player 3: brown,ai,Impostor,PRE_VOTE,
web_717cdc8288e7411f9a5e04a125e0e0be,60595,21,1,Yellow,human,Crewmate,PRE_VOTE,Player 2: green
web_717cdc8288e7411f9a5e04a125e0e0be,60769,21,1,Player 2: green,ai,Crewmate,VOTE,
web_717cdc8288e7411f9a5e04a125e0e0be,60771,21,1,Player 3: brown,ai,Impostor,VOTE,
web_717cdc8288e7411f9a5e04a125e0e0be,60784,21,1,Player 3: brown,ai,Impostor,VOTE_INFLUENCE,
web_717cdc8288e7411f9a5e04a125e0e0be,60785,21,1,Player 2: green,ai,Crewmate,VOTE_INFLUENCE,
web_717cdc8288e7411f9a5e04a125e0e0be,60789,21,1,Yellow,human,Crewmate,VOTE,Lime
web_717cdc8288e7411f9a5e04a125e0e0be,60793,21,1,Lime,human,Crewmate,VOTE,Player 3: brown
web_717cdc8288e7411f9a5e04a125e0e0be,60815,21,1,Yellow,human,Crewmate,VOTE_INFLUENCE,
web_717cdc8288e7411f9a5e04a125e0e0be,60818,21,1,Lime,human,Crewmate,VOTE_INFLUENCE,
web_717cdc8288e7411f9a5e04a125e0e0be,61155,85,2,Player 3: brown,ai,Impostor,PRE_VOTE,Lime
web_717cdc8288e7411f9a5e04a125e0e0be,61156,85,2,Player 2: green,ai,Crewmate,PRE_VOTE,
web_717cdc8288e7411f9a5e04a125e0e0be,61163,85,2,Lime,human,Crewmate,PRE_VOTE,Player 3: brown
web_717cdc8288e7411f9a5e04a125e0e0be,61374,85,2,Player 3: brown,ai,Impostor,VOTE,Lime
web_717cdc8288e7411f9a5e04a125e0e0be,61375,85,2,Player 2: green,ai,Crewmate,VOTE,Lime
web_717cdc8288e7411f9a5e04a125e0e0be,61383,85,2,Player 2: green,ai,Crewmate,VOTE_INFLUENCE,
web_717cdc8288e7411f9a5e04a125e0e0be,61384,85,2,Player 3: brown,ai,Impostor,VOTE_INFLUENCE,
web_717cdc8288e7411f9a5e04a125e0e0be,61386,85,2,Lime,human,Crewmate,VOTE,Player 3: brown
web_717cdc8288e7411f9a5e04a125e0e0be,61390,85,2,Lime,human,Crewmate,VOTE_INFLUENCE,
web_720b252bd4a94f358cf07127b338dd43,64530,20,1,Player 3: white,ai,Crewmate,PRE_VOTE,
web_720b252bd4a94f358cf07127b338dd43,64536,20,1,Lime,human,Crewmate,PRE_VOTE,
web_720b252bd4a94f358cf07127b338dd43,64541,20,1,Player 4: pink,ai,Impostor,PRE_VOTE,
web_720b252bd4a94f358cf07127b338dd43,64600,20,1,Red,human,Crewmate,PRE_VOTE,
web_720b252bd4a94f358cf07127b338dd43,64897,20,1,Player 3: white,ai,Crewmate,VOTE,
web_720b252bd4a94f358cf07127b338dd43,64898,20,1,Player 4: pink,ai,Impostor,VOTE,
web_720b252bd4a94f358cf07127b338dd43,64902,20,1,Player 3: white,ai,Crewmate,VOTE_INFLUENCE,
web_720b252bd4a94f358cf07127b338dd43,64908,20,1,Player 4: pink,ai,Impostor,VOTE_INFLUENCE,
web_720b252bd4a94f358cf07127b338dd43,64914,20,1,Lime,human,Crewmate,VOTE,Red
web_720b252bd4a94f358cf07127b338dd43,64925,20,1,Lime,human,Crewmate,VOTE_INFLUENCE,
web_720b252bd4a94f358cf07127b338dd43,64957,20,1,Red,human,Crewmate,VOTE_INFLUENCE,
web_720b252bd4a94f358cf07127b338dd43,64958,20,1,Red,human,Crewmate,VOTE,
web_72f9fc178a3a4f0bac52dbd6c4a15083,44798,30,1,Player 2: pink,ai,Crewmate,PRE_VOTE,Player 4: brown
web_72f9fc178a3a4f0bac52dbd6c4a15083,44799,30,1,Player 3: purple,ai,Crewmate,PRE_VOTE,Player 4: brown
web_72f9fc178a3a4f0bac52dbd6c4a15083,44800,30,1,Player 5: lime,ai,Crewmate,PRE_VOTE,
web_72f9fc178a3a4f0bac52dbd6c4a15083,44801,30,1,White,human,Crewmate,PRE_VOTE,
web_72f9fc178a3a4f0bac52dbd6c4a15083,44802,30,1,Player 4: brown,ai,Impostor,PRE_VOTE,
web_72f9fc178a3a4f0bac52dbd6c4a15083,44821,30,1,Player 2: pink,ai,Crewmate,VOTE,Player 4: brown
web_72f9fc178a3a4f0bac52dbd6c4a15083,44822,30,1,Player 3: purple,ai,Crewmate,VOTE,Player 4: brown
web_72f9fc178a3a4f0bac52dbd6c4a15083,44823,30,1,Player 4: brown,ai,Impostor,VOTE,
web_72f9fc178a3a4f0bac52dbd6c4a15083,44824,30,1,Player 5: lime,ai,Crewmate,VOTE,
web_72f9fc178a3a4f0bac52dbd6c4a15083,44825,30,1,Player 3: purple,ai,Crewmate,VOTE_INFLUENCE,
web_72f9fc178a3a4f0bac52dbd6c4a15083,44826,30,1,Player 4: brown,ai,Impostor,VOTE_INFLUENCE,
web_72f9fc178a3a4f0bac52dbd6c4a15083,44827,30,1,Player 2: pink,ai,Crewmate,VOTE_INFLUENCE,
web_72f9fc178a3a4f0bac52dbd6c4a15083,44828,30,1,Player 5: lime,ai,Crewmate,VOTE_INFLUENCE,
web_72f9fc178a3a4f0bac52dbd6c4a15083,44829,30,1,White,human,Crewmate,VOTE,Player 4: brown
web_72f9fc178a3a4f0bac52dbd6c4a15083,44831,30,1,White,human,Crewmate,VOTE_INFLUENCE,
web_737048669ff44e2aa426b1dc1f10cf9b,37273,73,1,Black,human,Crewmate,PRE_VOTE,
web_737048669ff44e2aa426b1dc1f10cf9b,37288,73,1,Green,human,Crewmate,PRE_VOTE,Purple
web_737048669ff44e2aa426b1dc1f10cf9b,37291,73,1,Blue,human,Crewmate,PRE_VOTE,Purple
web_737048669ff44e2aa426b1dc1f10cf9b,37294,73,1,Red,human,Crewmate,PRE_VOTE,Red
web_737048669ff44e2aa426b1dc1f10cf9b,37324,73,1,Purple,human,Impostor,PRE_VOTE,
web_737048669ff44e2aa426b1dc1f10cf9b,37641,73,1,Black,human,Crewmate,VOTE,Green
web_737048669ff44e2aa426b1dc1f10cf9b,37644,73,1,Blue,human,Crewmate,VOTE,Purple
web_737048669ff44e2aa426b1dc1f10cf9b,37646,73,1,Green,human,Crewmate,VOTE,Purple
web_737048669ff44e2aa426b1dc1f10cf9b,37656,73,1,Black,human,Crewmate,VOTE_INFLUENCE,
web_737048669ff44e2aa426b1dc1f10cf9b,37662,73,1,Red,human,Crewmate,VOTE,Purple
web_737048669ff44e2aa426b1dc1f10cf9b,37664,73,1,Green,human,Crewmate,VOTE_INFLUENCE,
web_737048669ff44e2aa426b1dc1f10cf9b,37675,73,1,Blue,human,Crewmate,VOTE_INFLUENCE,
web_737048669ff44e2aa426b1dc1f10cf9b,37711,73,1,Red,human,Crewmate,VOTE_INFLUENCE,
web_757edd5fcc65437eba1d82ac911eac2f,53361,40,1,Player 4: green,ai,Crewmate,PRE_VOTE,
web_757edd5fcc65437eba1d82ac911eac2f,53363,40,1,Lime,human,Crewmate,PRE_VOTE,Player 4: green
web_757edd5fcc65437eba1d82ac911eac2f,53367,40,1,White,human,Impostor,PRE_VOTE,
web_757edd5fcc65437eba1d82ac911eac2f,53379,40,1,Purple,human,Crewmate,PRE_VOTE,Player 4: green
web_757edd5fcc65437eba1d82ac911eac2f,53623,40,1,Player 4: green,ai,Crewmate,VOTE,
web_757edd5fcc65437eba1d82ac911eac2f,53633,40,1,Player 4: green,ai,Crewmate,VOTE_INFLUENCE,
web_757edd5fcc65437eba1d82ac911eac2f,53644,40,1,White,human,Impostor,VOTE,Purple
web_757edd5fcc65437eba1d82ac911eac2f,53656,40,1,Lime,human,Crewmate,VOTE,Purple
web_757edd5fcc65437eba1d82ac911eac2f,53661,40,1,White,human,Impostor,VOTE_INFLUENCE,
web_757edd5fcc65437eba1d82ac911eac2f,53678,40,1,Lime,human,Crewmate,VOTE_INFLUENCE,
web_757edd5fcc65437eba1d82ac911eac2f,53680,40,1,Purple,human,Crewmate,VOTE,Lime
web_757edd5fcc65437eba1d82ac911eac2f,53714,40,1,Purple,human,Crewmate,VOTE_INFLUENCE,
web_75da711c56d64bb495b7ac75bffda863,63956,19,1,Player 3: black,ai,Crewmate,PRE_VOTE,Pink
web_75da711c56d64bb495b7ac75bffda863,63966,19,1,Green,human,Crewmate,PRE_VOTE,
web_75da711c56d64bb495b7ac75bffda863,63971,19,1,White,human,Crewmate,PRE_VOTE,
web_75da711c56d64bb495b7ac75bffda863,63992,19,1,Pink,human,Impostor,PRE_VOTE,
web_75da711c56d64bb495b7ac75bffda863,64264,19,1,Player 3: black,ai,Crewmate,VOTE,Pink
web_75da711c56d64bb495b7ac75bffda863,64269,19,1,Player 3: black,ai,Crewmate,VOTE_INFLUENCE,
web_75da711c56d64bb495b7ac75bffda863,64270,19,1,White,human,Crewmate,VOTE,Pink
web_75da711c56d64bb495b7ac75bffda863,64294,19,1,White,human,Crewmate,VOTE_INFLUENCE,
web_75da711c56d64bb495b7ac75bffda863,64303,19,1,Pink,human,Impostor,VOTE,Player 3: black
web_75da711c56d64bb495b7ac75bffda863,64311,19,1,Pink,human,Impostor,VOTE_INFLUENCE,
web_75da711c56d64bb495b7ac75bffda863,64318,19,1,Green,human,Crewmate,VOTE_INFLUENCE,
web_75da711c56d64bb495b7ac75bffda863,64322,19,1,Green,human,Crewmate,VOTE,
web_7677bfe1483a47a79a88a0f8d90f75fc,23971,13,1,Player 3: yellow,ai,Crewmate,PRE_VOTE,
web_7677bfe1483a47a79a88a0f8d90f75fc,23972,13,1,Player 5: blue,ai,Impostor,PRE_VOTE,
web_7677bfe1483a47a79a88a0f8d90f75fc,23975,13,1,Player 4: white,ai,Crewmate,PRE_VOTE,
web_7677bfe1483a47a79a88a0f8d90f75fc,23976,13,1,Cyan,human,Crewmate,PRE_VOTE,
web_7677bfe1483a47a79a88a0f8d90f75fc,23978,13,1,Black,human,Crewmate,PRE_VOTE,Player 3: yellow
web_7677bfe1483a47a79a88a0f8d90f75fc,24133,13,1,Player 5: blue,ai,Impostor,VOTE,
web_7677bfe1483a47a79a88a0f8d90f75fc,24134,13,1,Player 4: white,ai,Crewmate,VOTE,
web_7677bfe1483a47a79a88a0f8d90f75fc,24135,13,1,Player 3: yellow,ai,Crewmate,VOTE,
web_7677bfe1483a47a79a88a0f8d90f75fc,24137,13,1,Player 3: yellow,ai,Crewmate,VOTE_INFLUENCE,
web_7677bfe1483a47a79a88a0f8d90f75fc,24140,13,1,Player 4: white,ai,Crewmate,VOTE_INFLUENCE,
web_7677bfe1483a47a79a88a0f8d90f75fc,24141,13,1,Player 5: blue,ai,Impostor,VOTE_INFLUENCE,
web_7677bfe1483a47a79a88a0f8d90f75fc,24144,13,1,Cyan,human,Crewmate,VOTE,Player 4: white
web_7677bfe1483a47a79a88a0f8d90f75fc,24154,13,1,Black,human,Crewmate,VOTE,
web_7677bfe1483a47a79a88a0f8d90f75fc,24156,13,1,Cyan,human,Crewmate,VOTE_INFLUENCE,
web_7677bfe1483a47a79a88a0f8d90f75fc,24160,13,1,Black,human,Crewmate,VOTE_INFLUENCE,
web_7677bfe1483a47a79a88a0f8d90f75fc,24196,16,2,Player 5: blue,ai,Impostor,PRE_VOTE,
web_7677bfe1483a47a79a88a0f8d90f75fc,24197,16,2,Player 3: yellow,ai,Crewmate,PRE_VOTE,
web_7677bfe1483a47a79a88a0f8d90f75fc,24199,16,2,Black,human,Crewmate,PRE_VOTE,
web_7677bfe1483a47a79a88a0f8d90f75fc,24201,16,2,Cyan,human,Crewmate,PRE_VOTE,Black
web_7677bfe1483a47a79a88a0f8d90f75fc,24360,16,2,Player 3: yellow,ai,Crewmate,VOTE,Cyan
web_7677bfe1483a47a79a88a0f8d90f75fc,24361,16,2,Player 5: blue,ai,Impostor,VOTE,
web_7677bfe1483a47a79a88a0f8d90f75fc,24364,16,2,Player 3: yellow,ai,Crewmate,VOTE_INFLUENCE,
web_7677bfe1483a47a79a88a0f8d90f75fc,24365,16,2,Player 5: blue,ai,Impostor,VOTE_INFLUENCE,
web_7677bfe1483a47a79a88a0f8d90f75fc,24367,16,2,Cyan,human,Crewmate,VOTE,Black
web_7677bfe1483a47a79a88a0f8d90f75fc,24372,16,2,Cyan,human,Crewmate,VOTE_INFLUENCE,
web_7677bfe1483a47a79a88a0f8d90f75fc,24373,16,2,Black,human,Crewmate,VOTE,Player 5: blue
web_7677bfe1483a47a79a88a0f8d90f75fc,24375,16,2,Black,human,Crewmate,VOTE_INFLUENCE,
web_777a49ec21b84656a962066943b9e330,76164,1,1,Player 2: lime,ai,Crewmate,PRE_VOTE,
web_777a49ec21b84656a962066943b9e330,76165,1,1,Player 4: cyan,ai,Crewmate,PRE_VOTE,
web_777a49ec21b84656a962066943b9e330,76172,1,1,Player 5: brown,ai,Impostor,PRE_VOTE,
web_777a49ec21b84656a962066943b9e330,76181,1,1,Orange,human,Crewmate,PRE_VOTE,Yellow
web_777a49ec21b84656a962066943b9e330,76225,1,1,Yellow,human,Crewmate,PRE_VOTE,
web_777a49ec21b84656a962066943b9e330,76686,1,1,Player 2: lime,ai,Crewmate,VOTE,
web_777a49ec21b84656a962066943b9e330,76688,1,1,Player 5: brown,ai,Impostor,VOTE,Yellow
web_777a49ec21b84656a962066943b9e330,76691,1,1,Player 4: cyan,ai,Crewmate,VOTE,
web_777a49ec21b84656a962066943b9e330,76695,1,1,Player 2: lime,ai,Crewmate,VOTE_INFLUENCE,
web_777a49ec21b84656a962066943b9e330,76697,1,1,Player 4: cyan,ai,Crewmate,VOTE_INFLUENCE,
web_777a49ec21b84656a962066943b9e330,76705,1,1,Player 5: brown,ai,Impostor,VOTE_INFLUENCE,
web_777a49ec21b84656a962066943b9e330,76734,1,1,Orange,human,Crewmate,VOTE,Yellow
web_777a49ec21b84656a962066943b9e330,76737,1,1,Yellow,human,Crewmate,VOTE,Player 2: lime
web_777a49ec21b84656a962066943b9e330,76753,1,1,Orange,human,Crewmate,VOTE_INFLUENCE,
web_777a49ec21b84656a962066943b9e330,76758,1,1,Yellow,human,Crewmate,VOTE_INFLUENCE,
web_77df17273d94429fa4b36c2b5a0252f9,16186,31,1,Purple,human,Impostor,PRE_VOTE,
web_77df17273d94429fa4b36c2b5a0252f9,16187,31,1,Brown,human,Crewmate,PRE_VOTE,
web_77df17273d94429fa4b36c2b5a0252f9,16188,31,1,Green,human,Crewmate,PRE_VOTE,
web_77df17273d94429fa4b36c2b5a0252f9,16189,31,1,White,human,Crewmate,PRE_VOTE,Brown
web_77df17273d94429fa4b36c2b5a0252f9,16297,31,1,Purple,human,Impostor,VOTE,White
web_77df17273d94429fa4b36c2b5a0252f9,16299,31,1,Green,human,Crewmate,VOTE,Brown
web_77df17273d94429fa4b36c2b5a0252f9,16301,31,1,Brown,human,Crewmate,VOTE,White
web_77df17273d94429fa4b36c2b5a0252f9,16303,31,1,White,human,Crewmate,VOTE,Brown
web_77df17273d94429fa4b36c2b5a0252f9,16305,31,1,Green,human,Crewmate,VOTE_INFLUENCE,
web_77df17273d94429fa4b36c2b5a0252f9,16306,31,1,Purple,human,Impostor,VOTE_INFLUENCE,
web_77df17273d94429fa4b36c2b5a0252f9,16307,31,1,Brown,human,Crewmate,VOTE_INFLUENCE,
web_77df17273d94429fa4b36c2b5a0252f9,16308,31,1,White,human,Crewmate,VOTE_INFLUENCE,
web_77df17273d94429fa4b36c2b5a0252f9,16365,46,2,Purple,human,Impostor,PRE_VOTE,White
web_77df17273d94429fa4b36c2b5a0252f9,16368,46,2,White,human,Crewmate,PRE_VOTE,Brown
web_77df17273d94429fa4b36c2b5a0252f9,16369,46,2,Brown,human,Crewmate,PRE_VOTE,White
web_77df17273d94429fa4b36c2b5a0252f9,16510,46,2,Brown,human,Crewmate,VOTE,White
web_77df17273d94429fa4b36c2b5a0252f9,16512,46,2,Purple,human,Impostor,VOTE,White
web_77df17273d94429fa4b36c2b5a0252f9,16514,46,2,White,human,Crewmate,VOTE,Brown
web_77df17273d94429fa4b36c2b5a0252f9,16516,46,2,Purple,human,Impostor,VOTE_INFLUENCE,
web_77df17273d94429fa4b36c2b5a0252f9,16518,46,2,White,human,Crewmate,VOTE_INFLUENCE,
web_77df17273d94429fa4b36c2b5a0252f9,16519,46,2,Brown,human,Crewmate,VOTE_INFLUENCE,
web_78d72617f95b4093aa7c42d2c548851a,58011,28,1,Player 3: green,ai,Impostor,PRE_VOTE,
web_78d72617f95b4093aa7c42d2c548851a,58013,28,1,Purple,human,Crewmate,PRE_VOTE,
web_78d72617f95b4093aa7c42d2c548851a,58014,28,1,Cyan,human,Crewmate,PRE_VOTE,Player 3: green
web_78d72617f95b4093aa7c42d2c548851a,58137,28,1,Player 3: green,ai,Impostor,VOTE,
web_78d72617f95b4093aa7c42d2c548851a,58141,28,1,Player 3: green,ai,Impostor,VOTE_INFLUENCE,
web_78d72617f95b4093aa7c42d2c548851a,58150,28,1,Cyan,human,Crewmate,VOTE,Purple
web_78d72617f95b4093aa7c42d2c548851a,58164,28,1,Purple,human,Crewmate,VOTE,Player 3: green
web_78d72617f95b4093aa7c42d2c548851a,58180,28,1,Cyan,human,Crewmate,VOTE_INFLUENCE,
web_78d72617f95b4093aa7c42d2c548851a,58196,28,1,Purple,human,Crewmate,VOTE_INFLUENCE,
web_79099b20d1c145af86337c84de57e15a,11876,31,1,Player 5: orange,ai,Crewmate,PRE_VOTE,
web_79099b20d1c145af86337c84de57e15a,11877,31,1,Player 4: yellow,ai,Crewmate,PRE_VOTE,Player 3: lime
web_79099b20d1c145af86337c84de57e15a,11878,31,1,Player 3: lime,ai,Impostor,PRE_VOTE,
web_79099b20d1c145af86337c84de57e15a,11879,31,1,Red,human,Crewmate,PRE_VOTE,
web_79099b20d1c145af86337c84de57e15a,11880,31,1,Purple,human,Crewmate,PRE_VOTE,
web_79099b20d1c145af86337c84de57e15a,11909,31,1,Player 4: yellow,ai,Crewmate,VOTE,Purple
web_79099b20d1c145af86337c84de57e15a,11910,31,1,Player 3: lime,ai,Impostor,VOTE,Purple
web_79099b20d1c145af86337c84de57e15a,11911,31,1,Player 5: orange,ai,Crewmate,VOTE,Purple
web_79099b20d1c145af86337c84de57e15a,11912,31,1,Player 4: yellow,ai,Crewmate,VOTE_INFLUENCE,
web_79099b20d1c145af86337c84de57e15a,11913,31,1,Player 3: lime,ai,Impostor,VOTE_INFLUENCE,
web_79099b20d1c145af86337c84de57e15a,11914,31,1,Player 5: orange,ai,Crewmate,VOTE_INFLUENCE,
web_79099b20d1c145af86337c84de57e15a,11915,31,1,Purple,human,Crewmate,VOTE,Player 3: lime
web_79099b20d1c145af86337c84de57e15a,11917,31,1,Purple,human,Crewmate,VOTE_INFLUENCE,
web_79099b20d1c145af86337c84de57e15a,11918,31,1,Red,human,Crewmate,VOTE,Purple
web_79099b20d1c145af86337c84de57e15a,11920,31,1,Red,human,Crewmate,VOTE_INFLUENCE,
web_79099b20d1c145af86337c84de57e15a,11929,34,2,Red,human,Crewmate,PRE_VOTE,
web_79099b20d1c145af86337c84de57e15a,11930,34,2,Player 4: yellow,ai,Crewmate,PRE_VOTE,Player 3: lime
web_79099b20d1c145af86337c84de57e15a,11931,34,2,Player 3: lime,ai,Impostor,PRE_VOTE,Player 4: yellow
web_79099b20d1c145af86337c84de57e15a,11932,34,2,Player 5: orange,ai,Crewmate,PRE_VOTE,
web_79099b20d1c145af86337c84de57e15a,11943,34,2,Player 4: yellow,ai,Crewmate,VOTE,
web_79099b20d1c145af86337c84de57e15a,11944,34,2,Player 3: lime,ai,Impostor,VOTE,
web_79099b20d1c145af86337c84de57e15a,11945,34,2,Player 5: orange,ai,Crewmate,VOTE,
web_79099b20d1c145af86337c84de57e15a,11946,34,2,Player 3: lime,ai,Impostor,VOTE_INFLUENCE,
web_79099b20d1c145af86337c84de57e15a,11947,34,2,Player 4: yellow,ai,Crewmate,VOTE_INFLUENCE,
web_79099b20d1c145af86337c84de57e15a,11948,34,2,Player 5: orange,ai,Crewmate,VOTE_INFLUENCE,
web_79099b20d1c145af86337c84de57e15a,11949,34,2,Red,human,Crewmate,VOTE,Player 4: yellow
web_79099b20d1c145af86337c84de57e15a,11951,34,2,Red,human,Crewmate,VOTE_INFLUENCE,
web_7a9ffdfa84064a50b75e10abf67acd78,25209,16,1,Cyan,human,Impostor,PRE_VOTE,
web_7a9ffdfa84064a50b75e10abf67acd78,25210,16,1,Blue,human,Crewmate,PRE_VOTE,
web_7a9ffdfa84064a50b75e10abf67acd78,25219,16,1,Lime,human,Crewmate,PRE_VOTE,Lime
web_7a9ffdfa84064a50b75e10abf67acd78,25239,16,1,Brown,human,Crewmate,PRE_VOTE,Lime
web_7a9ffdfa84064a50b75e10abf67acd78,25540,16,1,Brown,human,Crewmate,VOTE,
web_7a9ffdfa84064a50b75e10abf67acd78,25544,16,1,Cyan,human,Impostor,VOTE,
web_7a9ffdfa84064a50b75e10abf67acd78,25546,16,1,Blue,human,Crewmate,VOTE,
web_7a9ffdfa84064a50b75e10abf67acd78,25555,16,1,Blue,human,Crewmate,VOTE_INFLUENCE,
web_7a9ffdfa84064a50b75e10abf67acd78,25558,16,1,Lime,human,Crewmate,VOTE,Brown
web_7a9ffdfa84064a50b75e10abf67acd78,25560,16,1,Cyan,human,Impostor,VOTE_INFLUENCE,
web_7a9ffdfa84064a50b75e10abf67acd78,25563,16,1,Brown,human,Crewmate,VOTE_INFLUENCE,
web_7a9ffdfa84064a50b75e10abf67acd78,25568,16,1,Lime,human,Crewmate,VOTE_INFLUENCE,
web_7afb789f764d4a5e85efb95eb7999c79,60973,48,1,Player 2: lime,ai,Crewmate,PRE_VOTE,
web_7afb789f764d4a5e85efb95eb7999c79,60977,48,1,Green,human,Crewmate,PRE_VOTE,
web_7afb789f764d4a5e85efb95eb7999c79,60980,48,1,Brown,human,Crewmate,PRE_VOTE,
web_7afb789f764d4a5e85efb95eb7999c79,60985,48,1,Yellow,human,Impostor,PRE_VOTE,
web_7afb789f764d4a5e85efb95eb7999c79,61253,48,1,Player 2: lime,ai,Crewmate,VOTE,
web_7afb789f764d4a5e85efb95eb7999c79,61262,48,1,Player 2: lime,ai,Crewmate,VOTE_INFLUENCE,
web_7afb789f764d4a5e85efb95eb7999c79,61267,48,1,Yellow,human,Impostor,VOTE,Player 2: lime
web_7afb789f764d4a5e85efb95eb7999c79,61273,48,1,Green,human,Crewmate,VOTE,
web_7afb789f764d4a5e85efb95eb7999c79,61281,48,1,Brown,human,Crewmate,VOTE,Player 2: lime
web_7afb789f764d4a5e85efb95eb7999c79,61286,48,1,Yellow,human,Impostor,VOTE_INFLUENCE,
web_7afb789f764d4a5e85efb95eb7999c79,61290,48,1,Green,human,Crewmate,VOTE_INFLUENCE,
web_7afb789f764d4a5e85efb95eb7999c79,61294,48,1,Brown,human,Crewmate,VOTE_INFLUENCE,
web_7c50a7f15e86461eb45a58adac9e1f48,63505,23,1,Player 4: orange,ai,Impostor,PRE_VOTE,
web_7c50a7f15e86461eb45a58adac9e1f48,63506,23,1,Player 5: white,ai,Crewmate,PRE_VOTE,
web_7c50a7f15e86461eb45a58adac9e1f48,63507,23,1,Brown,human,Crewmate,PRE_VOTE,
web_7c50a7f15e86461eb45a58adac9e1f48,63515,23,1,Black,human,Crewmate,PRE_VOTE,Brown
web_7c50a7f15e86461eb45a58adac9e1f48,63519,23,1,Purple,human,Crewmate,PRE_VOTE,Brown
web_7c50a7f15e86461eb45a58adac9e1f48,63690,23,1,Player 4: orange,ai,Impostor,VOTE,Purple
web_7c50a7f15e86461eb45a58adac9e1f48,63691,23,1,Player 5: white,ai,Crewmate,VOTE,Purple
web_7c50a7f15e86461eb45a58adac9e1f48,63695,23,1,Player 4: orange,ai,Impostor,VOTE_INFLUENCE,
web_7c50a7f15e86461eb45a58adac9e1f48,63696,23,1,Player 5: white,ai,Crewmate,VOTE_INFLUENCE,
web_7c50a7f15e86461eb45a58adac9e1f48,63703,23,1,Black,human,Crewmate,VOTE,Purple
web_7c50a7f15e86461eb45a58adac9e1f48,63712,23,1,Purple,human,Crewmate,VOTE,Player 4: orange
web_7c50a7f15e86461eb45a58adac9e1f48,63717,23,1,Brown,human,Crewmate,VOTE,Player 5: white
web_7c50a7f15e86461eb45a58adac9e1f48,63722,23,1,Black,human,Crewmate,VOTE_INFLUENCE,
web_7c50a7f15e86461eb45a58adac9e1f48,63739,23,1,Purple,human,Crewmate,VOTE_INFLUENCE,
web_7c50a7f15e86461eb45a58adac9e1f48,63756,23,1,Brown,human,Crewmate,VOTE_INFLUENCE,
web_7c50a7f15e86461eb45a58adac9e1f48,63784,26,2,Player 4: orange,ai,Impostor,PRE_VOTE,
web_7c50a7f15e86461eb45a58adac9e1f48,63785,26,2,Brown,human,Crewmate,PRE_VOTE,Player 5: white
web_7c50a7f15e86461eb45a58adac9e1f48,63786,26,2,Player 5: white,ai,Crewmate,PRE_VOTE,
web_7c50a7f15e86461eb45a58adac9e1f48,63796,26,2,Black,human,Crewmate,PRE_VOTE,
web_7c50a7f15e86461eb45a58adac9e1f48,64072,26,2,Player 5: white,ai,Crewmate,VOTE,
web_7c50a7f15e86461eb45a58adac9e1f48,64075,26,2,Player 4: orange,ai,Impostor,VOTE,
web_7c50a7f15e86461eb45a58adac9e1f48,64079,26,2,Player 5: white,ai,Crewmate,VOTE_INFLUENCE,
web_7c50a7f15e86461eb45a58adac9e1f48,64086,26,2,Player 4: orange,ai,Impostor,VOTE_INFLUENCE,
web_7c50a7f15e86461eb45a58adac9e1f48,64095,26,2,Brown,human,Crewmate,VOTE,Player 5: white
web_7c50a7f15e86461eb45a58adac9e1f48,64097,26,2,Black,human,Crewmate,VOTE,Brown
web_7c50a7f15e86461eb45a58adac9e1f48,64113,26,2,Brown,human,Crewmate,VOTE_INFLUENCE,
web_7c50a7f15e86461eb45a58adac9e1f48,64130,26,2,Black,human,Crewmate,VOTE_INFLUENCE,
web_7c50a7f15e86461eb45a58adac9e1f48,64807,131,3,Brown,human,Crewmate,PRE_VOTE,Player 4: orange
web_7c50a7f15e86461eb45a58adac9e1f48,64826,131,3,Player 4: orange,ai,Impostor,PRE_VOTE,
web_7c50a7f15e86461eb45a58adac9e1f48,64841,131,3,Black,human,Crewmate,PRE_VOTE,Brown
web_7c50a7f15e86461eb45a58adac9e1f48,65116,131,3,Player 4: orange,ai,Impostor,VOTE,
web_7c50a7f15e86461eb45a58adac9e1f48,65119,131,3,Player 4: orange,ai,Impostor,VOTE_INFLUENCE,
web_7c50a7f15e86461eb45a58adac9e1f48,65132,131,3,Brown,human,Crewmate,VOTE,Player 4: orange
web_7c50a7f15e86461eb45a58adac9e1f48,65135,131,3,Brown,human,Crewmate,VOTE_INFLUENCE,
web_7c50a7f15e86461eb45a58adac9e1f48,65157,131,3,Black,human,Crewmate,VOTE,Player 4: orange
web_7c50a7f15e86461eb45a58adac9e1f48,65174,131,3,Black,human,Crewmate,VOTE_INFLUENCE,
web_7c9bd24f8f99464ca032c343d5daad6f,67009,67,1,White,human,Crewmate,PRE_VOTE,Player 2: pink
web_7c9bd24f8f99464ca032c343d5daad6f,67010,67,1,Player 2: pink,ai,Impostor,PRE_VOTE,
web_7c9bd24f8f99464ca032c343d5daad6f,67017,67,1,Orange,human,Crewmate,PRE_VOTE,Player 2: pink
web_7c9bd24f8f99464ca032c343d5daad6f,67207,67,1,Player 2: pink,ai,Impostor,VOTE,Orange
web_7c9bd24f8f99464ca032c343d5daad6f,67215,67,1,Player 2: pink,ai,Impostor,VOTE_INFLUENCE,
web_7c9bd24f8f99464ca032c343d5daad6f,67217,67,1,White,human,Crewmate,VOTE,Player 2: pink
web_7c9bd24f8f99464ca032c343d5daad6f,67220,67,1,Orange,human,Crewmate,VOTE,Player 2: pink
web_7c9bd24f8f99464ca032c343d5daad6f,67228,67,1,White,human,Crewmate,VOTE_INFLUENCE,
web_7c9bd24f8f99464ca032c343d5daad6f,67231,67,1,Orange,human,Crewmate,VOTE_INFLUENCE,
web_7d395538eedc4d1f93f0382c35cb49a6,42902,130,1,Player 3: pink,ai,Crewmate,PRE_VOTE,
web_7d395538eedc4d1f93f0382c35cb49a6,42903,130,1,Player 4: lime,ai,Impostor,PRE_VOTE,
web_7d395538eedc4d1f93f0382c35cb49a6,42904,130,1,Cyan,human,Crewmate,PRE_VOTE,White
web_7d395538eedc4d1f93f0382c35cb49a6,42905,130,1,Player 5: green,ai,Crewmate,PRE_VOTE,
web_7d395538eedc4d1f93f0382c35cb49a6,42907,130,1,White,human,Crewmate,PRE_VOTE,Player 3: pink
web_7d395538eedc4d1f93f0382c35cb49a6,42930,130,1,Player 5: green,ai,Crewmate,VOTE,Player 4: lime
web_7d395538eedc4d1f93f0382c35cb49a6,42932,130,1,Player 4: lime,ai,Impostor,VOTE,Player 5: green
web_7d395538eedc4d1f93f0382c35cb49a6,42933,130,1,Player 3: pink,ai,Crewmate,VOTE,
web_7d395538eedc4d1f93f0382c35cb49a6,42935,130,1,Player 5: green,ai,Crewmate,VOTE_INFLUENCE,
web_7d395538eedc4d1f93f0382c35cb49a6,42936,130,1,Player 4: lime,ai,Impostor,VOTE_INFLUENCE,
web_7d395538eedc4d1f93f0382c35cb49a6,42937,130,1,Player 3: pink,ai,Crewmate,VOTE_INFLUENCE,
web_7d395538eedc4d1f93f0382c35cb49a6,42939,130,1,Cyan,human,Crewmate,VOTE,Player 4: lime
web_7d395538eedc4d1f93f0382c35cb49a6,42945,130,1,White,human,Crewmate,VOTE,Player 3: pink
web_7d395538eedc4d1f93f0382c35cb49a6,42947,130,1,Cyan,human,Crewmate,VOTE_INFLUENCE,
web_7d395538eedc4d1f93f0382c35cb49a6,42953,130,1,White,human,Crewmate,VOTE_INFLUENCE,
web_7dc8907c88f849dc857632006ceebc1a,44386,59,1,Cyan,human,Crewmate,PRE_VOTE,Player 3: green
web_7dc8907c88f849dc857632006ceebc1a,44387,59,1,Player 5: black,ai,Crewmate,PRE_VOTE,
web_7dc8907c88f849dc857632006ceebc1a,44388,59,1,Player 2: yellow,ai,Crewmate,PRE_VOTE,
web_7dc8907c88f849dc857632006ceebc1a,44389,59,1,Player 4: orange,ai,Crewmate,PRE_VOTE,
web_7dc8907c88f849dc857632006ceebc1a,44390,59,1,Player 3: green,ai,Impostor,PRE_VOTE,
web_7dc8907c88f849dc857632006ceebc1a,44412,59,1,Player 4: orange,ai,Crewmate,VOTE,
web_7dc8907c88f849dc857632006ceebc1a,44413,59,1,Player 3: green,ai,Impostor,VOTE,Cyan
web_7dc8907c88f849dc857632006ceebc1a,44414,59,1,Player 5: black,ai,Crewmate,VOTE,
web_7dc8907c88f849dc857632006ceebc1a,44415,59,1,Player 2: yellow,ai,Crewmate,VOTE,
web_7dc8907c88f849dc857632006ceebc1a,44416,59,1,Player 2: yellow,ai,Crewmate,VOTE_INFLUENCE,
web_7dc8907c88f849dc857632006ceebc1a,44417,59,1,Player 5: black,ai,Crewmate,VOTE_INFLUENCE,
web_7dc8907c88f849dc857632006ceebc1a,44418,59,1,Player 4: orange,ai,Crewmate,VOTE_INFLUENCE,
web_7dc8907c88f849dc857632006ceebc1a,44419,59,1,Player 3: green,ai,Impostor,VOTE_INFLUENCE,
web_7dc8907c88f849dc857632006ceebc1a,44420,59,1,Cyan,human,Crewmate,VOTE,Player 3: green
web_7dc8907c88f849dc857632006ceebc1a,44422,59,1,Cyan,human,Crewmate,VOTE_INFLUENCE,
web_7ddab57319b04c2a92ac89b5ac9ac3cd,47518,23,1,Lime,human,Crewmate,PRE_VOTE,Pink
web_7ddab57319b04c2a92ac89b5ac9ac3cd,47521,23,1,White,human,Impostor,PRE_VOTE,
web_7ddab57319b04c2a92ac89b5ac9ac3cd,47524,23,1,Brown,human,Crewmate,PRE_VOTE,
web_7ddab57319b04c2a92ac89b5ac9ac3cd,47551,23,1,Pink,human,Crewmate,PRE_VOTE,
web_7ddab57319b04c2a92ac89b5ac9ac3cd,47874,23,1,Lime,human,Crewmate,VOTE,Pink
web_7ddab57319b04c2a92ac89b5ac9ac3cd,47876,23,1,White,human,Impostor,VOTE,Pink
web_7ddab57319b04c2a92ac89b5ac9ac3cd,47882,23,1,Lime,human,Crewmate,VOTE_INFLUENCE,
web_7ddab57319b04c2a92ac89b5ac9ac3cd,47886,23,1,Brown,human,Crewmate,VOTE,Pink
web_7ddab57319b04c2a92ac89b5ac9ac3cd,47892,23,1,White,human,Impostor,VOTE_INFLUENCE,
web_7ddab57319b04c2a92ac89b5ac9ac3cd,47908,23,1,Brown,human,Crewmate,VOTE_INFLUENCE,
web_7ddab57319b04c2a92ac89b5ac9ac3cd,47919,23,1,Pink,human,Crewmate,VOTE_INFLUENCE,
web_7ddab57319b04c2a92ac89b5ac9ac3cd,47923,23,1,Pink,human,Crewmate,VOTE,
web_7de5692baf9544eb9d5a8e3486bfca74,67155,6,1,Player 4: brown,ai,Crewmate,PRE_VOTE,White
web_7de5692baf9544eb9d5a8e3486bfca74,67156,6,1,White,human,Impostor,PRE_VOTE,Orange
web_7de5692baf9544eb9d5a8e3486bfca74,67166,6,1,Red,human,Crewmate,PRE_VOTE,Orange
web_7de5692baf9544eb9d5a8e3486bfca74,67168,6,1,Orange,human,Crewmate,PRE_VOTE,White
web_7de5692baf9544eb9d5a8e3486bfca74,67370,6,1,Player 4: brown,ai,Crewmate,VOTE,White
web_7de5692baf9544eb9d5a8e3486bfca74,67376,6,1,Player 4: brown,ai,Crewmate,VOTE_INFLUENCE,
web_7de5692baf9544eb9d5a8e3486bfca74,67377,6,1,Orange,human,Crewmate,VOTE,White
web_7de5692baf9544eb9d5a8e3486bfca74,67390,6,1,White,human,Impostor,VOTE,Red
web_7de5692baf9544eb9d5a8e3486bfca74,67392,6,1,Red,human,Crewmate,VOTE,White
web_7de5692baf9544eb9d5a8e3486bfca74,67396,6,1,Orange,human,Crewmate,VOTE_INFLUENCE,
web_7de5692baf9544eb9d5a8e3486bfca74,67402,6,1,White,human,Impostor,VOTE_INFLUENCE,
web_7de5692baf9544eb9d5a8e3486bfca74,67412,6,1,Red,human,Crewmate,VOTE_INFLUENCE,
web_7dfda123af624889ad27fdb81bede48b,63604,29,1,Player 2: lime,ai,Crewmate,PRE_VOTE,
web_7dfda123af624889ad27fdb81bede48b,63609,29,1,Player 5: pink,ai,Impostor,PRE_VOTE,
web_7dfda123af624889ad27fdb81bede48b,63619,29,1,Purple,human,Crewmate,PRE_VOTE,
web_7dfda123af624889ad27fdb81bede48b,63624,29,1,White,human,Crewmate,PRE_VOTE,Player 5: pink
web_7dfda123af624889ad27fdb81bede48b,63889,29,1,Player 2: lime,ai,Crewmate,VOTE,
web_7dfda123af624889ad27fdb81bede48b,63890,29,1,Player 5: pink,ai,Impostor,VOTE,
web_7dfda123af624889ad27fdb81bede48b,63893,29,1,Player 2: lime,ai,Crewmate,VOTE_INFLUENCE,
web_7dfda123af624889ad27fdb81bede48b,63894,29,1,Player 5: pink,ai,Impostor,VOTE_INFLUENCE,
web_7dfda123af624889ad27fdb81bede48b,63911,29,1,White,human,Crewmate,VOTE,Player 2: lime
web_7dfda123af624889ad27fdb81bede48b,63913,29,1,Purple,human,Crewmate,VOTE,Player 2: lime
web_7dfda123af624889ad27fdb81bede48b,63921,29,1,White,human,Crewmate,VOTE_INFLUENCE,
web_7dfda123af624889ad27fdb81bede48b,63932,29,1,Purple,human,Crewmate,VOTE_INFLUENCE,
web_7e3906b3191d4a0ba839bb1c00f38f3f,50262,14,1,White,human,Crewmate,PRE_VOTE,
web_7e3906b3191d4a0ba839bb1c00f38f3f,50270,14,1,Player 2: cyan,ai,Crewmate,PRE_VOTE,
web_7e3906b3191d4a0ba839bb1c00f38f3f,50276,14,1,Yellow,human,Crewmate,PRE_VOTE,
web_7e3906b3191d4a0ba839bb1c00f38f3f,50277,14,1,Green,human,Impostor,PRE_VOTE,Player 2: cyan
web_7e3906b3191d4a0ba839bb1c00f38f3f,50515,14,1,Player 2: cyan,ai,Crewmate,VOTE,Green
web_7e3906b3191d4a0ba839bb1c00f38f3f,50521,14,1,Player 2: cyan,ai,Crewmate,VOTE_INFLUENCE,
web_7e3906b3191d4a0ba839bb1c00f38f3f,50535,14,1,White,human,Crewmate,VOTE,Player 2: cyan
web_7e3906b3191d4a0ba839bb1c00f38f3f,50538,14,1,Yellow,human,Crewmate,VOTE,Player 2: cyan
web_7e3906b3191d4a0ba839bb1c00f38f3f,50540,14,1,Green,human,Impostor,VOTE,Player 2: cyan
web_7e3906b3191d4a0ba839bb1c00f38f3f,50549,14,1,White,human,Crewmate,VOTE_INFLUENCE,
web_7e3906b3191d4a0ba839bb1c00f38f3f,50557,14,1,Yellow,human,Crewmate,VOTE_INFLUENCE,
web_7e3906b3191d4a0ba839bb1c00f38f3f,50565,14,1,Green,human,Impostor,VOTE_INFLUENCE,
web_7ea5797ee0e74cf7950348f159fd07b6,62439,7,1,Player 5: pink,ai,Impostor,PRE_VOTE,
web_7ea5797ee0e74cf7950348f159fd07b6,62443,7,1,Player 3: brown,ai,Crewmate,PRE_VOTE,
web_7ea5797ee0e74cf7950348f159fd07b6,62445,7,1,Lime,human,Crewmate,PRE_VOTE,
web_7ea5797ee0e74cf7950348f159fd07b6,62446,7,1,Orange,human,Crewmate,PRE_VOTE,
web_7ea5797ee0e74cf7950348f159fd07b6,62468,7,1,Black,human,Crewmate,PRE_VOTE,
web_7ea5797ee0e74cf7950348f159fd07b6,62765,7,1,Player 3: brown,ai,Crewmate,VOTE,
web_7ea5797ee0e74cf7950348f159fd07b6,62771,7,1,Player 5: pink,ai,Impostor,VOTE,
web_7ea5797ee0e74cf7950348f159fd07b6,62776,7,1,Player 3: brown,ai,Crewmate,VOTE_INFLUENCE,
web_7ea5797ee0e74cf7950348f159fd07b6,62785,7,1,Player 5: pink,ai,Impostor,VOTE_INFLUENCE,
web_7ea5797ee0e74cf7950348f159fd07b6,62791,7,1,Lime,human,Crewmate,VOTE,Player 5: pink
web_7ea5797ee0e74cf7950348f159fd07b6,62797,7,1,Lime,human,Crewmate,VOTE_INFLUENCE,
web_7ea5797ee0e74cf7950348f159fd07b6,62805,7,1,Black,human,Crewmate,VOTE,
web_7ea5797ee0e74cf7950348f159fd07b6,62834,7,1,Black,human,Crewmate,VOTE_INFLUENCE,
web_7feb0104293c48a988b84253f1b33b10,14879,9,1,Yellow,human,Crewmate,PRE_VOTE,
web_7feb0104293c48a988b84253f1b33b10,14880,9,1,Blue,human,Crewmate,PRE_VOTE,
web_7feb0104293c48a988b84253f1b33b10,14881,9,1,Cyan,human,Crewmate,PRE_VOTE,
web_7feb0104293c48a988b84253f1b33b10,14883,9,1,Orange,human,Crewmate,PRE_VOTE,
web_7feb0104293c48a988b84253f1b33b10,14887,9,1,Purple,human,Impostor,PRE_VOTE,
web_7feb0104293c48a988b84253f1b33b10,15038,9,1,Blue,human,Crewmate,VOTE,Cyan
web_7feb0104293c48a988b84253f1b33b10,15042,9,1,Orange,human,Crewmate,VOTE,Cyan
web_7feb0104293c48a988b84253f1b33b10,15044,9,1,Yellow,human,Crewmate,VOTE,
web_7feb0104293c48a988b84253f1b33b10,15046,9,1,Cyan,human,Crewmate,VOTE,Yellow
web_7feb0104293c48a988b84253f1b33b10,15051,9,1,Yellow,human,Crewmate,VOTE_INFLUENCE,
web_7feb0104293c48a988b84253f1b33b10,15053,9,1,Blue,human,Crewmate,VOTE_INFLUENCE,
web_7feb0104293c48a988b84253f1b33b10,15055,9,1,Orange,human,Crewmate,VOTE_INFLUENCE,
web_7feb0104293c48a988b84253f1b33b10,15057,9,1,Cyan,human,Crewmate,VOTE_INFLUENCE,
web_7feb0104293c48a988b84253f1b33b10,15062,9,1,Purple,human,Impostor,VOTE_INFLUENCE,
web_7feb0104293c48a988b84253f1b33b10,15067,9,1,Purple,human,Impostor,VOTE,
web_7feb0104293c48a988b84253f1b33b10,15695,210,2,Orange,human,Crewmate,PRE_VOTE,Purple
web_7feb0104293c48a988b84253f1b33b10,15696,210,2,Yellow,human,Crewmate,PRE_VOTE,Purple
web_7feb0104293c48a988b84253f1b33b10,15697,210,2,Blue,human,Crewmate,PRE_VOTE,
web_7feb0104293c48a988b84253f1b33b10,15703,210,2,Purple,human,Impostor,PRE_VOTE,
web_7feb0104293c48a988b84253f1b33b10,15770,210,2,Yellow,human,Crewmate,VOTE,Purple
web_7feb0104293c48a988b84253f1b33b10,15772,210,2,Blue,human,Crewmate,VOTE,Purple
web_7feb0104293c48a988b84253f1b33b10,15775,210,2,Orange,human,Crewmate,VOTE,Purple
web_7feb0104293c48a988b84253f1b33b10,15778,210,2,Yellow,human,Crewmate,VOTE_INFLUENCE,
web_7feb0104293c48a988b84253f1b33b10,15780,210,2,Blue,human,Crewmate,VOTE_INFLUENCE,
web_7feb0104293c48a988b84253f1b33b10,15784,210,2,Orange,human,Crewmate,VOTE_INFLUENCE,
web_7feb0104293c48a988b84253f1b33b10,15787,210,2,Purple,human,Impostor,VOTE_INFLUENCE,
web_7feb0104293c48a988b84253f1b33b10,15792,210,2,Purple,human,Impostor,VOTE,
web_8076dd203d83498d9e35144a76767739,83264,2,1,Player 2: brown,ai,Crewmate,PRE_VOTE,Red
web_8076dd203d83498d9e35144a76767739,83265,2,1,Player 3: blue,ai,Crewmate,PRE_VOTE,Red
web_8076dd203d83498d9e35144a76767739,83266,2,1,Player 4: black,ai,Crewmate,PRE_VOTE,Red
web_8076dd203d83498d9e35144a76767739,83267,2,1,Red,human,Impostor,PRE_VOTE,Player 2: brown
web_8076dd203d83498d9e35144a76767739,83483,2,1,Player 2: brown,ai,Crewmate,VOTE,Red
web_8076dd203d83498d9e35144a76767739,83484,2,1,Player 4: black,ai,Crewmate,VOTE,Red
web_8076dd203d83498d9e35144a76767739,83485,2,1,Player 3: blue,ai,Crewmate,VOTE,Red
web_8076dd203d83498d9e35144a76767739,83488,2,1,Player 2: brown,ai,Crewmate,VOTE_INFLUENCE,
web_8076dd203d83498d9e35144a76767739,83490,2,1,Player 3: blue,ai,Crewmate,VOTE_INFLUENCE,
web_8076dd203d83498d9e35144a76767739,83493,2,1,Player 4: black,ai,Crewmate,VOTE_INFLUENCE,
web_8076dd203d83498d9e35144a76767739,83503,2,1,Red,human,Impostor,VOTE,Player 4: black
web_8076dd203d83498d9e35144a76767739,83522,2,1,Red,human,Impostor,VOTE_INFLUENCE,
web_81f0b3bf4b364ab9acda75b04d796a9f,87729,19,1,Player 4: brown,ai,Impostor,PRE_VOTE,
web_81f0b3bf4b364ab9acda75b04d796a9f,87730,19,1,Player 2: yellow,ai,Crewmate,PRE_VOTE,
web_81f0b3bf4b364ab9acda75b04d796a9f,87735,19,1,Player 5: green,ai,Crewmate,PRE_VOTE,
web_81f0b3bf4b364ab9acda75b04d796a9f,87738,19,1,Player 3: pink,ai,Crewmate,PRE_VOTE,
web_81f0b3bf4b364ab9acda75b04d796a9f,87998,19,1,Player 4: brown,ai,Impostor,VOTE,
web_81f0b3bf4b364ab9acda75b04d796a9f,88000,19,1,Player 5: green,ai,Crewmate,VOTE,
web_81f0b3bf4b364ab9acda75b04d796a9f,88001,19,1,Player 3: pink,ai,Crewmate,VOTE,
web_81f0b3bf4b364ab9acda75b04d796a9f,88002,19,1,Player 2: yellow,ai,Crewmate,VOTE,
web_81f0b3bf4b364ab9acda75b04d796a9f,88004,19,1,Player 2: yellow,ai,Crewmate,VOTE_INFLUENCE,
web_81f0b3bf4b364ab9acda75b04d796a9f,88006,19,1,Player 3: pink,ai,Crewmate,VOTE_INFLUENCE,
web_81f0b3bf4b364ab9acda75b04d796a9f,88008,19,1,Player 4: brown,ai,Impostor,VOTE_INFLUENCE,
web_81f0b3bf4b364ab9acda75b04d796a9f,88011,19,1,Player 5: green,ai,Crewmate,VOTE_INFLUENCE,
web_81f0b3bf4b364ab9acda75b04d796a9f,88246,61,2,Player 4: brown,ai,Impostor,PRE_VOTE,
web_81f0b3bf4b364ab9acda75b04d796a9f,88249,61,2,Player 2: yellow,ai,Crewmate,PRE_VOTE,
web_81f0b3bf4b364ab9acda75b04d796a9f,88252,61,2,Player 3: pink,ai,Crewmate,PRE_VOTE,
web_81f0b3bf4b364ab9acda75b04d796a9f,88411,61,2,Player 2: yellow,ai,Crewmate,VOTE,
web_81f0b3bf4b364ab9acda75b04d796a9f,88412,61,2,Player 3: pink,ai,Crewmate,VOTE,
web_81f0b3bf4b364ab9acda75b04d796a9f,88415,61,2,Player 4: brown,ai,Impostor,VOTE,
web_81f0b3bf4b364ab9acda75b04d796a9f,88421,61,2,Player 3: pink,ai,Crewmate,VOTE_INFLUENCE,
web_81f0b3bf4b364ab9acda75b04d796a9f,88427,61,2,Player 4: brown,ai,Impostor,VOTE_INFLUENCE,
web_81f0b3bf4b364ab9acda75b04d796a9f,88429,61,2,Player 2: yellow,ai,Crewmate,VOTE_INFLUENCE,
web_83da8b176c2144d588f5b83b18d6c284,46943,12,1,Player 3: brown,ai,Crewmate,PRE_VOTE,
web_83da8b176c2144d588f5b83b18d6c284,46944,12,1,Black,human,Crewmate,PRE_VOTE,
web_83da8b176c2144d588f5b83b18d6c284,46945,12,1,Lime,human,Crewmate,PRE_VOTE,Black
web_83da8b176c2144d588f5b83b18d6c284,46951,12,1,Blue,human,Impostor,PRE_VOTE,
web_83da8b176c2144d588f5b83b18d6c284,46963,12,1,Orange,human,Crewmate,PRE_VOTE,Player 3: brown
web_83da8b176c2144d588f5b83b18d6c284,47248,12,1,Player 3: brown,ai,Crewmate,VOTE,
web_83da8b176c2144d588f5b83b18d6c284,47254,12,1,Player 3: brown,ai,Crewmate,VOTE_INFLUENCE,
web_83da8b176c2144d588f5b83b18d6c284,47257,12,1,Black,human,Crewmate,VOTE,Orange
web_83da8b176c2144d588f5b83b18d6c284,47259,12,1,Orange,human,Crewmate,VOTE,Player 3: brown
web_83da8b176c2144d588f5b83b18d6c284,47263,12,1,Lime,human,Crewmate,VOTE,Player 3: brown
web_83da8b176c2144d588f5b83b18d6c284,47271,12,1,Blue,human,Impostor,VOTE,
web_83da8b176c2144d588f5b83b18d6c284,47282,12,1,Black,human,Crewmate,VOTE_INFLUENCE,
web_83da8b176c2144d588f5b83b18d6c284,47283,12,1,Orange,human,Crewmate,VOTE_INFLUENCE,
web_83da8b176c2144d588f5b83b18d6c284,47284,12,1,Lime,human,Crewmate,VOTE_INFLUENCE,
web_83da8b176c2144d588f5b83b18d6c284,47301,12,1,Blue,human,Impostor,VOTE_INFLUENCE,
web_853706a2c1e344fe8179cfae7c3ee00e,12195,6,1,Lime,human,Impostor,PRE_VOTE,
web_853706a2c1e344fe8179cfae7c3ee00e,12196,6,1,Blue,human,Crewmate,PRE_VOTE,
web_853706a2c1e344fe8179cfae7c3ee00e,12197,6,1,Yellow,human,Crewmate,PRE_VOTE,
web_853706a2c1e344fe8179cfae7c3ee00e,12202,6,1,Yellow,human,Crewmate,VOTE,Lime
web_853706a2c1e344fe8179cfae7c3ee00e,12204,6,1,Blue,human,Crewmate,VOTE,Lime
web_853706a2c1e344fe8179cfae7c3ee00e,12206,6,1,Blue,human,Crewmate,VOTE_INFLUENCE,
web_853706a2c1e344fe8179cfae7c3ee00e,12207,6,1,Yellow,human,Crewmate,VOTE_INFLUENCE,
web_853706a2c1e344fe8179cfae7c3ee00e,12208,6,1,Lime,human,Impostor,VOTE,
web_853706a2c1e344fe8179cfae7c3ee00e,12210,6,1,Lime,human,Impostor,VOTE_INFLUENCE,
web_853dbbf2ea974755baf0fa9c2668934b,33441,27,1,Orange,human,Crewmate,PRE_VOTE,White
web_853dbbf2ea974755baf0fa9c2668934b,33448,27,1,Brown,human,Crewmate,PRE_VOTE,White
web_853dbbf2ea974755baf0fa9c2668934b,33449,27,1,Yellow,human,Crewmate,PRE_VOTE,Orange
web_853dbbf2ea974755baf0fa9c2668934b,33450,27,1,Purple,human,Crewmate,PRE_VOTE,Orange
web_853dbbf2ea974755baf0fa9c2668934b,33454,27,1,White,human,Impostor,PRE_VOTE,
web_853dbbf2ea974755baf0fa9c2668934b,33551,27,1,Brown,human,Crewmate,VOTE,White
web_853dbbf2ea974755baf0fa9c2668934b,33556,27,1,Orange,human,Crewmate,VOTE,White
web_853dbbf2ea974755baf0fa9c2668934b,33558,27,1,Purple,human,Crewmate,VOTE,White
web_853dbbf2ea974755baf0fa9c2668934b,33561,27,1,White,human,Impostor,VOTE,
web_853dbbf2ea974755baf0fa9c2668934b,33563,27,1,Purple,human,Crewmate,VOTE_INFLUENCE,
web_853dbbf2ea974755baf0fa9c2668934b,33564,27,1,White,human,Impostor,VOTE_INFLUENCE,
web_853dbbf2ea974755baf0fa9c2668934b,33565,27,1,Yellow,human,Crewmate,VOTE,
web_853dbbf2ea974755baf0fa9c2668934b,33567,27,1,Brown,human,Crewmate,VOTE_INFLUENCE,
web_853dbbf2ea974755baf0fa9c2668934b,33570,27,1,Orange,human,Crewmate,VOTE_INFLUENCE,
web_853dbbf2ea974755baf0fa9c2668934b,33573,27,1,Yellow,human,Crewmate,VOTE_INFLUENCE,
web_85b45af71b364c67a10792f64b4f8fd2,12268,6,1,Player 5: purple,ai,Crewmate,PRE_VOTE,Cyan
web_85b45af71b364c67a10792f64b4f8fd2,12269,6,1,Player 3: blue,ai,Crewmate,PRE_VOTE,Cyan
web_85b45af71b364c67a10792f64b4f8fd2,12270,6,1,Player 4: pink,ai,Crewmate,PRE_VOTE,Cyan
web_85b45af71b364c67a10792f64b4f8fd2,12271,6,1,Cyan,human,Impostor,PRE_VOTE,
web_85b45af71b364c67a10792f64b4f8fd2,12294,6,1,Player 5: purple,ai,Crewmate,VOTE,Cyan
web_85b45af71b364c67a10792f64b4f8fd2,12295,6,1,Player 4: pink,ai,Crewmate,VOTE,Cyan
web_85b45af71b364c67a10792f64b4f8fd2,12296,6,1,Player 3: blue,ai,Crewmate,VOTE,Cyan
web_85b45af71b364c67a10792f64b4f8fd2,12297,6,1,Player 5: purple,ai,Crewmate,VOTE_INFLUENCE,
web_85b45af71b364c67a10792f64b4f8fd2,12298,6,1,Player 3: blue,ai,Crewmate,VOTE_INFLUENCE,
web_85b45af71b364c67a10792f64b4f8fd2,12299,6,1,Player 4: pink,ai,Crewmate,VOTE_INFLUENCE,
web_85b45af71b364c67a10792f64b4f8fd2,12300,6,1,Cyan,human,Impostor,VOTE,Player 3: blue
web_85b45af71b364c67a10792f64b4f8fd2,12302,6,1,Cyan,human,Impostor,VOTE_INFLUENCE,
web_862c5419acec4a2298f2c9c0be6aa33e,13086,13,1,White,human,Crewmate,PRE_VOTE,Lime
web_862c5419acec4a2298f2c9c0be6aa33e,13087,13,1,Player 4: brown,ai,Crewmate,PRE_VOTE,White
web_862c5419acec4a2298f2c9c0be6aa33e,13088,13,1,Player 5: cyan,ai,Crewmate,PRE_VOTE,White
web_862c5419acec4a2298f2c9c0be6aa33e,13089,13,1,Lime,human,Impostor,PRE_VOTE,Lime
web_862c5419acec4a2298f2c9c0be6aa33e,13129,13,1,Player 4: brown,ai,Crewmate,VOTE,White
web_862c5419acec4a2298f2c9c0be6aa33e,13130,13,1,Player 5: cyan,ai,Crewmate,VOTE,White
web_862c5419acec4a2298f2c9c0be6aa33e,13131,13,1,Player 4: brown,ai,Crewmate,VOTE_INFLUENCE,
web_862c5419acec4a2298f2c9c0be6aa33e,13132,13,1,Player 5: cyan,ai,Crewmate,VOTE_INFLUENCE,
web_862c5419acec4a2298f2c9c0be6aa33e,13133,13,1,White,human,Crewmate,VOTE,Lime
web_862c5419acec4a2298f2c9c0be6aa33e,13135,13,1,White,human,Crewmate,VOTE_INFLUENCE,
web_862c5419acec4a2298f2c9c0be6aa33e,13136,13,1,Lime,human,Impostor,VOTE,White
web_862c5419acec4a2298f2c9c0be6aa33e,13138,13,1,Lime,human,Impostor,VOTE_INFLUENCE,
web_862c5419acec4a2298f2c9c0be6aa33e,13145,15,2,Player 5: cyan,ai,Crewmate,PRE_VOTE,Lime
web_862c5419acec4a2298f2c9c0be6aa33e,13146,15,2,Player 4: brown,ai,Crewmate,PRE_VOTE,Lime
web_862c5419acec4a2298f2c9c0be6aa33e,13147,15,2,Lime,human,Impostor,PRE_VOTE,
web_862c5419acec4a2298f2c9c0be6aa33e,13165,15,2,Player 5: cyan,ai,Crewmate,VOTE,Lime
web_862c5419acec4a2298f2c9c0be6aa33e,13166,15,2,Player 4: brown,ai,Crewmate,VOTE,Lime
web_862c5419acec4a2298f2c9c0be6aa33e,13167,15,2,Player 5: cyan,ai,Crewmate,VOTE_INFLUENCE,
web_862c5419acec4a2298f2c9c0be6aa33e,13168,15,2,Player 4: brown,ai,Crewmate,VOTE_INFLUENCE,
web_862c5419acec4a2298f2c9c0be6aa33e,13169,15,2,Lime,human,Impostor,VOTE,Player 5: cyan
web_862c5419acec4a2298f2c9c0be6aa33e,13171,15,2,Lime,human,Impostor,VOTE_INFLUENCE,
web_86331b84a5344bff88a1afc7aedf690a,56460,62,1,Player 5: black,ai,Crewmate,PRE_VOTE,
web_86331b84a5344bff88a1afc7aedf690a,56461,62,1,Player 3: lime,ai,Crewmate,PRE_VOTE,
web_86331b84a5344bff88a1afc7aedf690a,56462,62,1,Player 4: pink,ai,Impostor,PRE_VOTE,
web_86331b84a5344bff88a1afc7aedf690a,56625,62,1,Player 5: black,ai,Crewmate,VOTE,
web_86331b84a5344bff88a1afc7aedf690a,56626,62,1,Player 3: lime,ai,Crewmate,VOTE,
web_86331b84a5344bff88a1afc7aedf690a,56627,62,1,Player 4: pink,ai,Impostor,VOTE,
web_86331b84a5344bff88a1afc7aedf690a,56633,62,1,Player 5: black,ai,Crewmate,VOTE_INFLUENCE,
web_86331b84a5344bff88a1afc7aedf690a,56634,62,1,Player 3: lime,ai,Crewmate,VOTE_INFLUENCE,
web_86331b84a5344bff88a1afc7aedf690a,56635,62,1,Player 4: pink,ai,Impostor,VOTE_INFLUENCE,
web_863bcb07ed984f65a78832e05f03b658,80959,25,1,White,human,Crewmate,PRE_VOTE,
web_863bcb07ed984f65a78832e05f03b658,80961,25,1,Player 4: blue,ai,Crewmate,PRE_VOTE,
web_863bcb07ed984f65a78832e05f03b658,80962,25,1,Player 3: lime,ai,Crewmate,PRE_VOTE,Player 2: green
web_863bcb07ed984f65a78832e05f03b658,80963,25,1,Player 2: green,ai,Impostor,PRE_VOTE,
web_863bcb07ed984f65a78832e05f03b658,81168,25,1,Player 3: lime,ai,Crewmate,VOTE,Player 2: green
web_863bcb07ed984f65a78832e05f03b658,81170,25,1,Player 2: green,ai,Impostor,VOTE,Player 3: lime
web_863bcb07ed984f65a78832e05f03b658,81171,25,1,Player 4: blue,ai,Crewmate,VOTE,
web_863bcb07ed984f65a78832e05f03b658,81174,25,1,Player 3: lime,ai,Crewmate,VOTE_INFLUENCE,
web_863bcb07ed984f65a78832e05f03b658,81181,25,1,Player 2: green,ai,Impostor,VOTE_INFLUENCE,
web_863bcb07ed984f65a78832e05f03b658,81182,25,1,Player 4: blue,ai,Crewmate,VOTE_INFLUENCE,
web_863bcb07ed984f65a78832e05f03b658,81187,25,1,White,human,Crewmate,VOTE,
web_863bcb07ed984f65a78832e05f03b658,81203,25,1,White,human,Crewmate,VOTE_INFLUENCE,
web_863bcb07ed984f65a78832e05f03b658,81278,35,2,Player 2: green,ai,Impostor,PRE_VOTE,Player 4: blue
web_863bcb07ed984f65a78832e05f03b658,81279,35,2,Player 4: blue,ai,Crewmate,PRE_VOTE,
web_863bcb07ed984f65a78832e05f03b658,81286,35,2,White,human,Crewmate,PRE_VOTE,Player 2: green
web_863bcb07ed984f65a78832e05f03b658,81606,35,2,Player 2: green,ai,Impostor,VOTE,Player 4: blue
web_863bcb07ed984f65a78832e05f03b658,81608,35,2,Player 4: blue,ai,Crewmate,VOTE,
web_863bcb07ed984f65a78832e05f03b658,81611,35,2,Player 4: blue,ai,Crewmate,VOTE_INFLUENCE,
web_863bcb07ed984f65a78832e05f03b658,81614,35,2,Player 2: green,ai,Impostor,VOTE_INFLUENCE,
web_863bcb07ed984f65a78832e05f03b658,81625,35,2,White,human,Crewmate,VOTE,Player 2: green
web_863bcb07ed984f65a78832e05f03b658,81635,35,2,White,human,Crewmate,VOTE_INFLUENCE,
web_86e69cb48fb9484a9749c36232ec8056,38625,82,1,Pink,human,Crewmate,PRE_VOTE,Brown
web_86e69cb48fb9484a9749c36232ec8056,38629,82,1,Green,human,Crewmate,PRE_VOTE,
web_86e69cb48fb9484a9749c36232ec8056,38645,82,1,Brown,human,Crewmate,PRE_VOTE,Lime
web_86e69cb48fb9484a9749c36232ec8056,38652,82,1,Black,human,Impostor,PRE_VOTE,
web_86e69cb48fb9484a9749c36232ec8056,38674,82,1,Lime,human,Crewmate,PRE_VOTE,
web_86e69cb48fb9484a9749c36232ec8056,38919,82,1,Pink,human,Crewmate,VOTE,Green
web_86e69cb48fb9484a9749c36232ec8056,38923,82,1,Green,human,Crewmate,VOTE,Black
web_86e69cb48fb9484a9749c36232ec8056,38930,82,1,Brown,human,Crewmate,VOTE,Lime
web_86e69cb48fb9484a9749c36232ec8056,38932,82,1,Green,human,Crewmate,VOTE_INFLUENCE,
web_86e69cb48fb9484a9749c36232ec8056,38933,82,1,Black,human,Impostor,VOTE,Brown
web_86e69cb48fb9484a9749c36232ec8056,38935,82,1,Pink,human,Crewmate,VOTE_INFLUENCE,
web_86e69cb48fb9484a9749c36232ec8056,38936,82,1,Brown,human,Crewmate,VOTE_INFLUENCE,
web_86e69cb48fb9484a9749c36232ec8056,38947,82,1,Black,human,Impostor,VOTE_INFLUENCE,
web_8700378bb4a149e386195829b99493de,30681,87,1,Pink,human,Crewmate,PRE_VOTE,Lime
web_8700378bb4a149e386195829b99493de,30682,87,1,Brown,human,Crewmate,PRE_VOTE,
web_8700378bb4a149e386195829b99493de,30691,87,1,Red,human,Crewmate,PRE_VOTE,
web_8700378bb4a149e386195829b99493de,30710,87,1,Lime,human,Impostor,PRE_VOTE,
web_8700378bb4a149e386195829b99493de,30711,87,1,Black,human,Crewmate,PRE_VOTE,
web_8700378bb4a149e386195829b99493de,30912,87,1,Pink,human,Crewmate,VOTE,Red
web_8700378bb4a149e386195829b99493de,30921,87,1,Red,human,Crewmate,VOTE,
web_8700378bb4a149e386195829b99493de,30923,87,1,Pink,human,Crewmate,VOTE_INFLUENCE,
web_8700378bb4a149e386195829b99493de,30928,87,1,Brown,human,Crewmate,VOTE,
web_8700378bb4a149e386195829b99493de,30946,87,1,Brown,human,Crewmate,VOTE_INFLUENCE,
web_8700378bb4a149e386195829b99493de,30971,87,1,Red,human,Crewmate,VOTE_INFLUENCE,
web_87a7a00896544ff6a20332b749152dc9,85008,30,1,Player 4: red,ai,Crewmate,PRE_VOTE,
web_87a7a00896544ff6a20332b749152dc9,85009,30,1,Player 3: black,ai,Crewmate,PRE_VOTE,
web_87a7a00896544ff6a20332b749152dc9,85013,30,1,Player 2: lime,ai,Crewmate,PRE_VOTE,
web_87a7a00896544ff6a20332b749152dc9,85034,30,1,Pink,human,Impostor,PRE_VOTE,
web_87a7a00896544ff6a20332b749152dc9,85437,30,1,Player 3: black,ai,Crewmate,VOTE,Pink
web_87a7a00896544ff6a20332b749152dc9,85438,30,1,Player 4: red,ai,Crewmate,VOTE,Pink
web_87a7a00896544ff6a20332b749152dc9,85443,30,1,Player 2: lime,ai,Crewmate,VOTE,
web_87a7a00896544ff6a20332b749152dc9,85452,30,1,Player 3: black,ai,Crewmate,VOTE_INFLUENCE,
web_87a7a00896544ff6a20332b749152dc9,85453,30,1,Player 2: lime,ai,Crewmate,VOTE_INFLUENCE,
web_87a7a00896544ff6a20332b749152dc9,85454,30,1,Player 4: red,ai,Crewmate,VOTE_INFLUENCE,
web_87a7a00896544ff6a20332b749152dc9,85455,30,1,Pink,human,Impostor,VOTE,Player 4: red
web_87a7a00896544ff6a20332b749152dc9,85476,30,1,Pink,human,Impostor,VOTE_INFLUENCE,
web_87ac90d2f6c7491c8477eb0831a7cbe0,8863,55,1,Player 2: orange,ai,Crewmate,PRE_VOTE,
web_87ac90d2f6c7491c8477eb0831a7cbe0,8864,55,1,Player 5: lime,ai,Crewmate,PRE_VOTE,Cyan
web_87ac90d2f6c7491c8477eb0831a7cbe0,8869,55,1,Player 4: brown,ai,Crewmate,PRE_VOTE,Cyan
web_87ac90d2f6c7491c8477eb0831a7cbe0,8872,55,1,Cyan,human,Impostor,PRE_VOTE,Player 2: orange
web_87ac90d2f6c7491c8477eb0831a7cbe0,9157,55,1,Player 4: brown,ai,Crewmate,VOTE,Cyan
web_87ac90d2f6c7491c8477eb0831a7cbe0,9158,55,1,Player 5: lime,ai,Crewmate,VOTE,
web_87ac90d2f6c7491c8477eb0831a7cbe0,9160,55,1,Player 2: orange,ai,Crewmate,VOTE,Cyan
web_87ac90d2f6c7491c8477eb0831a7cbe0,9174,55,1,Player 2: orange,ai,Crewmate,VOTE_INFLUENCE,
web_87ac90d2f6c7491c8477eb0831a7cbe0,9177,55,1,Player 5: lime,ai,Crewmate,VOTE_INFLUENCE,
web_87ac90d2f6c7491c8477eb0831a7cbe0,9178,55,1,Player 4: brown,ai,Crewmate,VOTE_INFLUENCE,
web_87ac90d2f6c7491c8477eb0831a7cbe0,9188,55,1,Cyan,human,Impostor,VOTE,Player 2: orange
web_87ac90d2f6c7491c8477eb0831a7cbe0,9196,55,1,Cyan,human,Impostor,VOTE_INFLUENCE,
web_87b588c7311e4e3e95e26c9d288fe2d2,89405,21,1,Black,human,Crewmate,PRE_VOTE,Player 4: green
web_87b588c7311e4e3e95e26c9d288fe2d2,89406,21,1,Player 4: green,ai,Impostor,PRE_VOTE,
web_87b588c7311e4e3e95e26c9d288fe2d2,89407,21,1,Player 3: purple,ai,Crewmate,PRE_VOTE,Player 4: green
web_87b588c7311e4e3e95e26c9d288fe2d2,89408,21,1,Player 2: red,ai,Crewmate,PRE_VOTE,
web_87b588c7311e4e3e95e26c9d288fe2d2,89432,21,1,Player 2: red,ai,Crewmate,VOTE,Player 4: green
web_87b588c7311e4e3e95e26c9d288fe2d2,89433,21,1,Player 3: purple,ai,Crewmate,VOTE,Player 4: green
web_87b588c7311e4e3e95e26c9d288fe2d2,89434,21,1,Player 4: green,ai,Impostor,VOTE,Player 2: red
web_87b588c7311e4e3e95e26c9d288fe2d2,89435,21,1,Player 2: red,ai,Crewmate,VOTE_INFLUENCE,
web_87b588c7311e4e3e95e26c9d288fe2d2,89436,21,1,Player 3: purple,ai,Crewmate,VOTE_INFLUENCE,
web_87b588c7311e4e3e95e26c9d288fe2d2,89437,21,1,Player 4: green,ai,Impostor,VOTE_INFLUENCE,
web_87b588c7311e4e3e95e26c9d288fe2d2,89438,21,1,Black,human,Crewmate,VOTE,Player 4: green
web_87b588c7311e4e3e95e26c9d288fe2d2,89440,21,1,Black,human,Crewmate,VOTE_INFLUENCE,
web_87cf85fac507440490abdcd8be372b90,27191,18,1,Player 5: cyan,ai,Impostor,PRE_VOTE,
web_87cf85fac507440490abdcd8be372b90,27192,18,1,Player 4: lime,ai,Crewmate,PRE_VOTE,
web_87cf85fac507440490abdcd8be372b90,27193,18,1,Black,human,Crewmate,PRE_VOTE,
web_87cf85fac507440490abdcd8be372b90,27195,18,1,Green,human,Crewmate,PRE_VOTE,White
web_87cf85fac507440490abdcd8be372b90,27197,18,1,White,human,Crewmate,PRE_VOTE,Player 4: lime
web_87cf85fac507440490abdcd8be372b90,27353,18,1,Player 4: lime,ai,Crewmate,VOTE,
web_87cf85fac507440490abdcd8be372b90,27354,18,1,Player 5: cyan,ai,Impostor,VOTE,
web_87cf85fac507440490abdcd8be372b90,27357,18,1,Player 5: cyan,ai,Impostor,VOTE_INFLUENCE,
web_87cf85fac507440490abdcd8be372b90,27358,18,1,Player 4: lime,ai,Crewmate,VOTE_INFLUENCE,
web_87cf85fac507440490abdcd8be372b90,27363,18,1,Green,human,Crewmate,VOTE,White
web_87cf85fac507440490abdcd8be372b90,27374,18,1,Green,human,Crewmate,VOTE_INFLUENCE,
web_87cf85fac507440490abdcd8be372b90,27377,18,1,White,human,Crewmate,VOTE,
web_87cf85fac507440490abdcd8be372b90,27385,18,1,White,human,Crewmate,VOTE_INFLUENCE,
web_87cf85fac507440490abdcd8be372b90,27391,18,1,Black,human,Crewmate,VOTE_INFLUENCE,
web_87cf85fac507440490abdcd8be372b90,27392,18,1,Black,human,Crewmate,VOTE,
web_882b1f1937314b68a24364d651f66d61,9403,35,1,Player 3: lime,ai,Crewmate,PRE_VOTE,
web_882b1f1937314b68a24364d651f66d61,9404,35,1,Player 5: white,ai,Crewmate,PRE_VOTE,Yellow
web_882b1f1937314b68a24364d651f66d61,9405,35,1,Player 2: purple,ai,Crewmate,PRE_VOTE,Yellow
web_882b1f1937314b68a24364d651f66d61,9406,35,1,Yellow,human,Impostor,PRE_VOTE,Player 2: purple
web_882b1f1937314b68a24364d651f66d61,9612,35,1,Player 2: purple,ai,Crewmate,VOTE,
web_882b1f1937314b68a24364d651f66d61,9613,35,1,Player 3: lime,ai,Crewmate,VOTE,Yellow
web_882b1f1937314b68a24364d651f66d61,9616,35,1,Player 5: white,ai,Crewmate,VOTE,
web_882b1f1937314b68a24364d651f66d61,9621,35,1,Player 2: purple,ai,Crewmate,VOTE_INFLUENCE,
web_882b1f1937314b68a24364d651f66d61,9622,35,1,Player 5: white,ai,Crewmate,VOTE_INFLUENCE,
web_882b1f1937314b68a24364d651f66d61,9625,35,1,Player 3: lime,ai,Crewmate,VOTE_INFLUENCE,
web_882b1f1937314b68a24364d651f66d61,9628,35,1,Yellow,human,Impostor,VOTE,Player 5: white
web_882b1f1937314b68a24364d651f66d61,9641,35,1,Yellow,human,Impostor,VOTE_INFLUENCE,
web_8837bdd0a2d245a28e657207bda53cda,19022,37,1,Player 3: blue,ai,Crewmate,PRE_VOTE,Cyan
web_8837bdd0a2d245a28e657207bda53cda,19023,37,1,Player 4: purple,ai,Crewmate,PRE_VOTE,
web_8837bdd0a2d245a28e657207bda53cda,19024,37,1,Player 2: black,ai,Crewmate,PRE_VOTE,
web_8837bdd0a2d245a28e657207bda53cda,19025,37,1,Cyan,human,Impostor,PRE_VOTE,Player 3: blue
web_8837bdd0a2d245a28e657207bda53cda,19055,37,1,Player 2: black,ai,Crewmate,VOTE,Cyan
web_8837bdd0a2d245a28e657207bda53cda,19056,37,1,Player 3: blue,ai,Crewmate,VOTE,Cyan
web_8837bdd0a2d245a28e657207bda53cda,19058,37,1,Player 4: purple,ai,Crewmate,VOTE,Cyan
web_8837bdd0a2d245a28e657207bda53cda,19059,37,1,Player 2: black,ai,Crewmate,VOTE_INFLUENCE,
web_8837bdd0a2d245a28e657207bda53cda,19064,37,1,Player 3: blue,ai,Crewmate,VOTE_INFLUENCE,
web_8837bdd0a2d245a28e657207bda53cda,19065,37,1,Player 4: purple,ai,Crewmate,VOTE_INFLUENCE,
web_8837bdd0a2d245a28e657207bda53cda,19072,37,1,Cyan,human,Impostor,VOTE,Player 3: blue
web_8837bdd0a2d245a28e657207bda53cda,19077,37,1,Cyan,human,Impostor,VOTE_INFLUENCE,
web_896fae3e920d4305ab4983b993d62baa,33641,25,1,Blue,human,Crewmate,PRE_VOTE,Red
web_896fae3e920d4305ab4983b993d62baa,33644,25,1,Red,human,Impostor,PRE_VOTE,Red
web_896fae3e920d4305ab4983b993d62baa,33652,25,1,Black,human,Crewmate,PRE_VOTE,
web_896fae3e920d4305ab4983b993d62baa,33760,25,1,Blue,human,Crewmate,VOTE,Red
web_896fae3e920d4305ab4983b993d62baa,33764,25,1,Red,human,Impostor,VOTE,Blue
web_896fae3e920d4305ab4983b993d62baa,33766,25,1,Blue,human,Crewmate,VOTE_INFLUENCE,
web_896fae3e920d4305ab4983b993d62baa,33772,25,1,Red,human,Impostor,VOTE_INFLUENCE,
web_8a63a686ecbc48c4aafad9726fbd7e6e,20296,73,1,Player 4: yellow,ai,Crewmate,PRE_VOTE,
web_8a63a686ecbc48c4aafad9726fbd7e6e,20297,73,1,Player 5: blue,ai,Crewmate,PRE_VOTE,
web_8a63a686ecbc48c4aafad9726fbd7e6e,20300,73,1,Orange,human,Impostor,PRE_VOTE,Player 5: blue
web_8a63a686ecbc48c4aafad9726fbd7e6e,20311,73,1,White,human,Crewmate,PRE_VOTE,White
web_8a63a686ecbc48c4aafad9726fbd7e6e,20617,73,1,Player 5: blue,ai,Crewmate,VOTE,Orange
web_8a63a686ecbc48c4aafad9726fbd7e6e,20624,73,1,Player 4: yellow,ai,Crewmate,VOTE,
web_8a63a686ecbc48c4aafad9726fbd7e6e,20635,73,1,Player 5: blue,ai,Crewmate,VOTE_INFLUENCE,
web_8a63a686ecbc48c4aafad9726fbd7e6e,20645,73,1,Player 4: yellow,ai,Crewmate,VOTE_INFLUENCE,
web_8a63a686ecbc48c4aafad9726fbd7e6e,20648,73,1,Orange,human,Impostor,VOTE,Player 5: blue
web_8a63a686ecbc48c4aafad9726fbd7e6e,20661,73,1,White,human,Crewmate,VOTE,Player 4: yellow
web_8a63a686ecbc48c4aafad9726fbd7e6e,20671,73,1,Orange,human,Impostor,VOTE_INFLUENCE,
web_8a63a686ecbc48c4aafad9726fbd7e6e,20680,73,1,White,human,Crewmate,VOTE_INFLUENCE,
web_8a63a686ecbc48c4aafad9726fbd7e6e,20774,86,2,Player 4: yellow,ai,Crewmate,PRE_VOTE,Orange
web_8a63a686ecbc48c4aafad9726fbd7e6e,20783,86,2,Orange,human,Impostor,PRE_VOTE,
web_8a63a686ecbc48c4aafad9726fbd7e6e,20802,86,2,White,human,Crewmate,PRE_VOTE,
web_8a63a686ecbc48c4aafad9726fbd7e6e,21140,86,2,Player 4: yellow,ai,Crewmate,VOTE,Orange
web_8a63a686ecbc48c4aafad9726fbd7e6e,21148,86,2,Player 4: yellow,ai,Crewmate,VOTE_INFLUENCE,
web_8a63a686ecbc48c4aafad9726fbd7e6e,21163,86,2,White,human,Crewmate,VOTE,Orange
web_8a63a686ecbc48c4aafad9726fbd7e6e,21167,86,2,Orange,human,Impostor,VOTE,White
web_8a63a686ecbc48c4aafad9726fbd7e6e,21183,86,2,Orange,human,Impostor,VOTE_INFLUENCE,
web_8a63a686ecbc48c4aafad9726fbd7e6e,21198,86,2,White,human,Crewmate,VOTE_INFLUENCE,
web_8a66e61d1bf049ecbf05f7beae5f183a,46876,70,1,Player 2: green,ai,Impostor,PRE_VOTE,
web_8a66e61d1bf049ecbf05f7beae5f183a,46882,70,1,Pink,human,Crewmate,PRE_VOTE,Player 2: green
web_8a66e61d1bf049ecbf05f7beae5f183a,46887,70,1,Black,human,Crewmate,PRE_VOTE,
web_8a66e61d1bf049ecbf05f7beae5f183a,47170,70,1,Player 2: green,ai,Impostor,VOTE,
web_8a66e61d1bf049ecbf05f7beae5f183a,47178,70,1,Player 2: green,ai,Impostor,VOTE_INFLUENCE,
web_8a66e61d1bf049ecbf05f7beae5f183a,47188,70,1,Black,human,Crewmate,VOTE,Player 2: green
web_8a66e61d1bf049ecbf05f7beae5f183a,47195,70,1,Pink,human,Crewmate,VOTE,Player 2: green
web_8a66e61d1bf049ecbf05f7beae5f183a,47199,70,1,Black,human,Crewmate,VOTE_INFLUENCE,
web_8a66e61d1bf049ecbf05f7beae5f183a,47211,70,1,Pink,human,Crewmate,VOTE_INFLUENCE,
web_8a8394af9f214fa8835c7c225e58fe76,22627,22,1,Yellow,human,Crewmate,PRE_VOTE,Player 4: brown
web_8a8394af9f214fa8835c7c225e58fe76,22628,22,1,Player 4: brown,ai,Crewmate,PRE_VOTE,
web_8a8394af9f214fa8835c7c225e58fe76,22633,22,1,Blue,human,Impostor,PRE_VOTE,Yellow
web_8a8394af9f214fa8835c7c225e58fe76,22647,22,1,Orange,human,Crewmate,PRE_VOTE,
web_8a8394af9f214fa8835c7c225e58fe76,22728,22,1,Player 4: brown,ai,Crewmate,VOTE,
web_8a8394af9f214fa8835c7c225e58fe76,22730,22,1,Player 4: brown,ai,Crewmate,VOTE_INFLUENCE,
web_8a8394af9f214fa8835c7c225e58fe76,22733,22,1,Yellow,human,Crewmate,VOTE,Player 4: brown
web_8a8394af9f214fa8835c7c225e58fe76,22736,22,1,Blue,human,Impostor,VOTE,Orange
web_8a8394af9f214fa8835c7c225e58fe76,22740,22,1,Yellow,human,Crewmate,VOTE_INFLUENCE,
web_8a8394af9f214fa8835c7c225e58fe76,22741,22,1,Blue,human,Impostor,VOTE_INFLUENCE,
web_8af31e2d099e49e3a139a221093e4e7a,44869,20,1,Player 3: purple,ai,Crewmate,PRE_VOTE,Player 5: pink
web_8af31e2d099e49e3a139a221093e4e7a,44870,20,1,Player 5: pink,ai,Impostor,PRE_VOTE,
web_8af31e2d099e49e3a139a221093e4e7a,44871,20,1,Player 2: lime,ai,Crewmate,PRE_VOTE,
web_8af31e2d099e49e3a139a221093e4e7a,44872,20,1,Player 4: black,ai,Crewmate,PRE_VOTE,Player 5: pink
web_8af31e2d099e49e3a139a221093e4e7a,44891,20,1,Player 4: black,ai,Crewmate,VOTE,Player 5: pink
web_8af31e2d099e49e3a139a221093e4e7a,44892,20,1,Player 3: purple,ai,Crewmate,VOTE,Player 5: pink
web_8af31e2d099e49e3a139a221093e4e7a,44893,20,1,Player 2: lime,ai,Crewmate,VOTE,
web_8af31e2d099e49e3a139a221093e4e7a,44894,20,1,Player 5: pink,ai,Impostor,VOTE,
web_8af31e2d099e49e3a139a221093e4e7a,44895,20,1,Player 4: black,ai,Crewmate,VOTE_INFLUENCE,
web_8af31e2d099e49e3a139a221093e4e7a,44896,20,1,Player 3: purple,ai,Crewmate,VOTE_INFLUENCE,
web_8af31e2d099e49e3a139a221093e4e7a,44897,20,1,Player 5: pink,ai,Impostor,VOTE_INFLUENCE,
web_8af31e2d099e49e3a139a221093e4e7a,44898,20,1,Player 2: lime,ai,Crewmate,VOTE_INFLUENCE,
web_8b9fc72bc75642c990557fa81ae033f6,53116,5,1,Cyan,human,Crewmate,PRE_VOTE,Orange
web_8b9fc72bc75642c990557fa81ae033f6,53126,5,1,Player 4: pink,ai,Crewmate,PRE_VOTE,Orange
web_8b9fc72bc75642c990557fa81ae033f6,53133,5,1,Black,human,Crewmate,PRE_VOTE,Player 4: pink
web_8b9fc72bc75642c990557fa81ae033f6,53144,5,1,Purple,human,Crewmate,PRE_VOTE,Cyan
web_8b9fc72bc75642c990557fa81ae033f6,53151,5,1,Orange,human,Impostor,PRE_VOTE,Cyan
web_8b9fc72bc75642c990557fa81ae033f6,53464,5,1,Player 4: pink,ai,Crewmate,VOTE,Orange
web_8b9fc72bc75642c990557fa81ae033f6,53466,5,1,Player 4: pink,ai,Crewmate,VOTE_INFLUENCE,
web_8b9fc72bc75642c990557fa81ae033f6,53467,5,1,Black,human,Crewmate,VOTE,Orange
web_8b9fc72bc75642c990557fa81ae033f6,53471,5,1,Purple,human,Crewmate,VOTE,Orange
web_8b9fc72bc75642c990557fa81ae033f6,53480,5,1,Cyan,human,Crewmate,VOTE,Orange
web_8b9fc72bc75642c990557fa81ae033f6,53485,5,1,Orange,human,Impostor,VOTE,Cyan
web_8b9fc72bc75642c990557fa81ae033f6,53489,5,1,Cyan,human,Crewmate,VOTE_INFLUENCE,
web_8b9fc72bc75642c990557fa81ae033f6,53492,5,1,Black,human,Crewmate,VOTE_INFLUENCE,
web_8b9fc72bc75642c990557fa81ae033f6,53493,5,1,Purple,human,Crewmate,VOTE_INFLUENCE,
web_8b9fc72bc75642c990557fa81ae033f6,53497,5,1,Orange,human,Impostor,VOTE_INFLUENCE,
web_8c2c579c4bfb4a878edcfd595db66473,30734,10,1,Lime,human,Impostor,PRE_VOTE,
web_8c2c579c4bfb4a878edcfd595db66473,30744,10,1,Black,human,Crewmate,PRE_VOTE,
web_8c2c579c4bfb4a878edcfd595db66473,30747,10,1,Yellow,human,Crewmate,PRE_VOTE,
web_8c2c579c4bfb4a878edcfd595db66473,30756,10,1,Orange,human,Crewmate,PRE_VOTE,
web_8c2c579c4bfb4a878edcfd595db66473,30985,10,1,Black,human,Crewmate,VOTE,Yellow
web_8c2c579c4bfb4a878edcfd595db66473,30989,10,1,Lime,human,Impostor,VOTE,Black
web_8c2c579c4bfb4a878edcfd595db66473,31002,10,1,Yellow,human,Crewmate,VOTE,Black
web_8c2c579c4bfb4a878edcfd595db66473,31006,10,1,Orange,human,Crewmate,VOTE,Black
web_8c2c579c4bfb4a878edcfd595db66473,31008,10,1,Lime,human,Impostor,VOTE_INFLUENCE,
web_8c2c579c4bfb4a878edcfd595db66473,31009,10,1,Black,human,Crewmate,VOTE_INFLUENCE,
web_8c2c579c4bfb4a878edcfd595db66473,31021,10,1,Orange,human,Crewmate,VOTE_INFLUENCE,
web_8c2c579c4bfb4a878edcfd595db66473,31029,10,1,Yellow,human,Crewmate,VOTE_INFLUENCE,
web_8c3f2d2eda8a4dc9b087ce5a5f57de92,27109,34,1,Player 4: red,ai,Crewmate,PRE_VOTE,Yellow
web_8c3f2d2eda8a4dc9b087ce5a5f57de92,27110,34,1,Lime,human,Crewmate,PRE_VOTE,
web_8c3f2d2eda8a4dc9b087ce5a5f57de92,27115,34,1,Green,human,Crewmate,PRE_VOTE,Player 4: red
web_8c3f2d2eda8a4dc9b087ce5a5f57de92,27132,34,1,Yellow,human,Impostor,PRE_VOTE,Lime
web_8c3f2d2eda8a4dc9b087ce5a5f57de92,27254,34,1,Player 4: red,ai,Crewmate,VOTE,Yellow
web_8c3f2d2eda8a4dc9b087ce5a5f57de92,27259,34,1,Player 4: red,ai,Crewmate,VOTE_INFLUENCE,
web_8c3f2d2eda8a4dc9b087ce5a5f57de92,27262,34,1,Lime,human,Crewmate,VOTE,Yellow
web_8c3f2d2eda8a4dc9b087ce5a5f57de92,27268,34,1,Green,human,Crewmate,VOTE,Yellow
web_8c3f2d2eda8a4dc9b087ce5a5f57de92,27277,34,1,Yellow,human,Impostor,VOTE,Player 4: red
web_8c3f2d2eda8a4dc9b087ce5a5f57de92,27282,34,1,Lime,human,Crewmate,VOTE_INFLUENCE,
web_8c3f2d2eda8a4dc9b087ce5a5f57de92,27291,34,1,Green,human,Crewmate,VOTE_INFLUENCE,
web_8c3f2d2eda8a4dc9b087ce5a5f57de92,27297,34,1,Yellow,human,Impostor,VOTE_INFLUENCE,
web_8d6a04700e0143248b9cde3b17cab196,35647,2,1,Yellow,human,Crewmate,PRE_VOTE,Lime
web_8d6a04700e0143248b9cde3b17cab196,35650,2,1,Player 5: brown,ai,Crewmate,PRE_VOTE,Lime
web_8d6a04700e0143248b9cde3b17cab196,35655,2,1,Lime,human,Impostor,PRE_VOTE,Black
web_8d6a04700e0143248b9cde3b17cab196,35684,2,1,Black,human,Crewmate,PRE_VOTE,
web_8d6a04700e0143248b9cde3b17cab196,36007,2,1,Player 5: brown,ai,Crewmate,VOTE,Lime
web_8d6a04700e0143248b9cde3b17cab196,36016,2,1,Player 5: brown,ai,Crewmate,VOTE_INFLUENCE,
web_8d6a04700e0143248b9cde3b17cab196,36023,2,1,Lime,human,Impostor,VOTE,Yellow
web_8d6a04700e0143248b9cde3b17cab196,36027,2,1,Black,human,Crewmate,VOTE,Player 5: brown
web_8d6a04700e0143248b9cde3b17cab196,36037,2,1,Yellow,human,Crewmate,VOTE,Lime
web_8d6a04700e0143248b9cde3b17cab196,36041,2,1,Lime,human,Impostor,VOTE_INFLUENCE,
web_8d6a04700e0143248b9cde3b17cab196,36054,2,1,Black,human,Crewmate,VOTE_INFLUENCE,
web_8d6a04700e0143248b9cde3b17cab196,36058,2,1,Yellow,human,Crewmate,VOTE_INFLUENCE,
web_8d7f5ed2133649389a1d62a15713ea39,73370,20,1,Player 2: green,ai,Crewmate,PRE_VOTE,
web_8d7f5ed2133649389a1d62a15713ea39,73372,20,1,Player 4: blue,ai,Crewmate,PRE_VOTE,
web_8d7f5ed2133649389a1d62a15713ea39,73376,20,1,Cyan,human,Impostor,PRE_VOTE,Player 2: green
web_8d7f5ed2133649389a1d62a15713ea39,73382,20,1,Player 5: yellow,ai,Crewmate,PRE_VOTE,
web_8d7f5ed2133649389a1d62a15713ea39,73388,20,1,Red,human,Crewmate,PRE_VOTE,Player 2: green
web_8d7f5ed2133649389a1d62a15713ea39,73821,20,1,Player 2: green,ai,Crewmate,VOTE,Cyan
web_8d7f5ed2133649389a1d62a15713ea39,73822,20,1,Player 4: blue,ai,Crewmate,VOTE,Cyan
web_8d7f5ed2133649389a1d62a15713ea39,73829,20,1,Player 5: yellow,ai,Crewmate,VOTE,Cyan
web_8d7f5ed2133649389a1d62a15713ea39,73831,20,1,Player 2: green,ai,Crewmate,VOTE_INFLUENCE,
web_8d7f5ed2133649389a1d62a15713ea39,73835,20,1,Player 4: blue,ai,Crewmate,VOTE_INFLUENCE,
web_8d7f5ed2133649389a1d62a15713ea39,73846,20,1,Player 5: yellow,ai,Crewmate,VOTE_INFLUENCE,
web_8d7f5ed2133649389a1d62a15713ea39,73854,20,1,Red,human,Crewmate,VOTE,Cyan
web_8d7f5ed2133649389a1d62a15713ea39,73868,20,1,Red,human,Crewmate,VOTE_INFLUENCE,
web_8d7f5ed2133649389a1d62a15713ea39,73873,20,1,Cyan,human,Impostor,VOTE,Player 5: yellow
web_8d7f5ed2133649389a1d62a15713ea39,73917,20,1,Cyan,human,Impostor,VOTE_INFLUENCE,
web_8d8dfecee1794842b44e740c1cbdc4de,42133,1,1,Purple,human,Crewmate,PRE_VOTE,
web_8d8dfecee1794842b44e740c1cbdc4de,42135,1,1,Player 4: white,ai,Crewmate,PRE_VOTE,
web_8d8dfecee1794842b44e740c1cbdc4de,42136,1,1,Player 5: lime,ai,Crewmate,PRE_VOTE,
web_8d8dfecee1794842b44e740c1cbdc4de,42140,1,1,Pink,human,Crewmate,PRE_VOTE,
web_8d8dfecee1794842b44e740c1cbdc4de,42153,1,1,Yellow,human,Impostor,PRE_VOTE,Yellow
web_8d8dfecee1794842b44e740c1cbdc4de,42221,1,1,Player 5: lime,ai,Crewmate,VOTE,
web_8d8dfecee1794842b44e740c1cbdc4de,42222,1,1,Player 4: white,ai,Crewmate,VOTE,
web_8d8dfecee1794842b44e740c1cbdc4de,42223,1,1,Player 5: lime,ai,Crewmate,VOTE_INFLUENCE,
web_8d8dfecee1794842b44e740c1cbdc4de,42224,1,1,Player 4: white,ai,Crewmate,VOTE_INFLUENCE,
web_8d8dfecee1794842b44e740c1cbdc4de,42227,1,1,Pink,human,Crewmate,VOTE,Player 4: white
web_8d8dfecee1794842b44e740c1cbdc4de,42229,1,1,Pink,human,Crewmate,VOTE_INFLUENCE,
web_8d8dfecee1794842b44e740c1cbdc4de,42230,1,1,Purple,human,Crewmate,VOTE,Player 4: white
web_8d8dfecee1794842b44e740c1cbdc4de,42232,1,1,Purple,human,Crewmate,VOTE_INFLUENCE,
web_8d8dfecee1794842b44e740c1cbdc4de,42233,1,1,Yellow,human,Impostor,VOTE,
web_8d8dfecee1794842b44e740c1cbdc4de,42238,1,1,Yellow,human,Impostor,VOTE_INFLUENCE,
web_8d8dfecee1794842b44e740c1cbdc4de,42279,11,2,Player 5: lime,ai,Crewmate,PRE_VOTE,
web_8d8dfecee1794842b44e740c1cbdc4de,42280,11,2,Pink,human,Crewmate,PRE_VOTE,
web_8d8dfecee1794842b44e740c1cbdc4de,42282,11,2,Purple,human,Crewmate,PRE_VOTE,
web_8d8dfecee1794842b44e740c1cbdc4de,42288,11,2,Yellow,human,Impostor,PRE_VOTE,Yellow
web_8d8dfecee1794842b44e740c1cbdc4de,42362,11,2,Player 5: lime,ai,Crewmate,VOTE,
web_8d8dfecee1794842b44e740c1cbdc4de,42364,11,2,Player 5: lime,ai,Crewmate,VOTE_INFLUENCE,
web_8d8dfecee1794842b44e740c1cbdc4de,42367,11,2,Pink,human,Crewmate,VOTE,Player 5: lime
web_8d8dfecee1794842b44e740c1cbdc4de,42369,11,2,Pink,human,Crewmate,VOTE_INFLUENCE,
web_8d8dfecee1794842b44e740c1cbdc4de,42370,11,2,Purple,human,Crewmate,VOTE,Player 5: lime
web_8d8dfecee1794842b44e740c1cbdc4de,42373,11,2,Purple,human,Crewmate,VOTE_INFLUENCE,
web_8d8dfecee1794842b44e740c1cbdc4de,42376,11,2,Yellow,human,Impostor,VOTE_INFLUENCE,
web_8d8dfecee1794842b44e740c1cbdc4de,42377,11,2,Yellow,human,Impostor,VOTE,
web_8eb71b6d23a34a47a88e60496f0c4b7a,67558,14,1,Player 5: blue,ai,Crewmate,PRE_VOTE,
web_8eb71b6d23a34a47a88e60496f0c4b7a,67562,14,1,Cyan,human,Impostor,PRE_VOTE,Brown
web_8eb71b6d23a34a47a88e60496f0c4b7a,67569,14,1,Brown,human,Crewmate,PRE_VOTE,Cyan
web_8eb71b6d23a34a47a88e60496f0c4b7a,67780,14,1,Player 5: blue,ai,Crewmate,VOTE,
web_8eb71b6d23a34a47a88e60496f0c4b7a,67783,14,1,Player 5: blue,ai,Crewmate,VOTE_INFLUENCE,
web_8eb71b6d23a34a47a88e60496f0c4b7a,67786,14,1,Cyan,human,Impostor,VOTE,Brown
web_8eb71b6d23a34a47a88e60496f0c4b7a,67791,14,1,Brown,human,Crewmate,VOTE,Cyan
web_8eb71b6d23a34a47a88e60496f0c4b7a,67793,14,1,Cyan,human,Impostor,VOTE_INFLUENCE,
web_8eb71b6d23a34a47a88e60496f0c4b7a,67800,14,1,Brown,human,Crewmate,VOTE_INFLUENCE,
web_8ebb7d64f7c5495bb8caa544f727dcb6,70335,41,1,Yellow,human,Crewmate,PRE_VOTE,Player 2: white
web_8ebb7d64f7c5495bb8caa544f727dcb6,70336,41,1,Player 2: white,ai,Crewmate,PRE_VOTE,
web_8ebb7d64f7c5495bb8caa544f727dcb6,70337,41,1,Player 3: cyan,ai,Impostor,PRE_VOTE,
web_8ebb7d64f7c5495bb8caa544f727dcb6,70344,41,1,Green,human,Crewmate,PRE_VOTE,
web_8ebb7d64f7c5495bb8caa544f727dcb6,70724,41,1,Player 3: cyan,ai,Impostor,VOTE,Player 2: white
web_8ebb7d64f7c5495bb8caa544f727dcb6,70730,41,1,Player 2: white,ai,Crewmate,VOTE,
web_8ebb7d64f7c5495bb8caa544f727dcb6,70732,41,1,Player 3: cyan,ai,Impostor,VOTE_INFLUENCE,
web_8ebb7d64f7c5495bb8caa544f727dcb6,70747,41,1,Player 2: white,ai,Crewmate,VOTE_INFLUENCE,
web_8ebb7d64f7c5495bb8caa544f727dcb6,70756,41,1,Yellow,human,Crewmate,VOTE,Player 2: white
web_8ebb7d64f7c5495bb8caa544f727dcb6,70762,41,1,Yellow,human,Crewmate,VOTE_INFLUENCE,
web_8ebb7d64f7c5495bb8caa544f727dcb6,70763,41,1,Green,human,Crewmate,VOTE,Player 2: white
web_8ebb7d64f7c5495bb8caa544f727dcb6,70780,41,1,Green,human,Crewmate,VOTE_INFLUENCE,
web_8eef5e5cce5643d699d46a8949f07253,78876,39,1,Orange,human,Crewmate,PRE_VOTE,Blue
web_8eef5e5cce5643d699d46a8949f07253,78879,39,1,Player 2: green,ai,Crewmate,PRE_VOTE,
web_8eef5e5cce5643d699d46a8949f07253,78880,39,1,Player 5: red,ai,Crewmate,PRE_VOTE,
web_8eef5e5cce5643d699d46a8949f07253,78905,39,1,Blue,human,Impostor,PRE_VOTE,
web_8eef5e5cce5643d699d46a8949f07253,79102,39,1,Player 5: red,ai,Crewmate,VOTE,
web_8eef5e5cce5643d699d46a8949f07253,79103,39,1,Player 2: green,ai,Crewmate,VOTE,
web_8eef5e5cce5643d699d46a8949f07253,79104,39,1,Player 5: red,ai,Crewmate,VOTE_INFLUENCE,
web_8eef5e5cce5643d699d46a8949f07253,79109,39,1,Player 2: green,ai,Crewmate,VOTE_INFLUENCE,
web_8eef5e5cce5643d699d46a8949f07253,79111,39,1,Blue,human,Impostor,VOTE,
web_8eef5e5cce5643d699d46a8949f07253,79127,39,1,Blue,human,Impostor,VOTE_INFLUENCE,
web_8eef5e5cce5643d699d46a8949f07253,79133,39,1,Orange,human,Crewmate,VOTE,Blue
web_8eef5e5cce5643d699d46a8949f07253,79144,39,1,Orange,human,Crewmate,VOTE_INFLUENCE,
web_8f67f98577044feca7f4c54237945c69,74460,6,1,Player 4: purple,ai,Crewmate,PRE_VOTE,Blue
web_8f67f98577044feca7f4c54237945c69,74462,6,1,Player 3: cyan,ai,Crewmate,PRE_VOTE,Blue
web_8f67f98577044feca7f4c54237945c69,74493,6,1,Black,human,Crewmate,PRE_VOTE,Player 4: purple
web_8f67f98577044feca7f4c54237945c69,74508,6,1,Blue,human,Impostor,PRE_VOTE,Blue
web_8f67f98577044feca7f4c54237945c69,74846,6,1,Player 3: cyan,ai,Crewmate,VOTE,Blue
web_8f67f98577044feca7f4c54237945c69,74850,6,1,Player 4: purple,ai,Crewmate,VOTE,Blue
web_8f67f98577044feca7f4c54237945c69,74858,6,1,Player 3: cyan,ai,Crewmate,VOTE_INFLUENCE,
web_8f67f98577044feca7f4c54237945c69,74859,6,1,Player 4: purple,ai,Crewmate,VOTE_INFLUENCE,
web_8f67f98577044feca7f4c54237945c69,74872,6,1,Black,human,Crewmate,VOTE,Player 4: purple
web_8f67f98577044feca7f4c54237945c69,74883,6,1,Blue,human,Impostor,VOTE,Player 4: purple
web_8f67f98577044feca7f4c54237945c69,74887,6,1,Black,human,Crewmate,VOTE_INFLUENCE,
web_8f67f98577044feca7f4c54237945c69,74911,6,1,Blue,human,Impostor,VOTE_INFLUENCE,
web_8f67f98577044feca7f4c54237945c69,74948,8,2,Player 4: purple,ai,Crewmate,PRE_VOTE,Blue
web_8f67f98577044feca7f4c54237945c69,74950,8,2,Player 3: cyan,ai,Crewmate,PRE_VOTE,Blue
web_8f67f98577044feca7f4c54237945c69,74971,8,2,Black,human,Crewmate,PRE_VOTE,Player 4: purple
web_8f67f98577044feca7f4c54237945c69,74998,8,2,Blue,human,Impostor,PRE_VOTE,
web_8f67f98577044feca7f4c54237945c69,75346,8,2,Player 3: cyan,ai,Crewmate,VOTE,Blue
web_8f67f98577044feca7f4c54237945c69,75352,8,2,Player 4: purple,ai,Crewmate,VOTE,
web_8f67f98577044feca7f4c54237945c69,75356,8,2,Player 3: cyan,ai,Crewmate,VOTE_INFLUENCE,
web_8f67f98577044feca7f4c54237945c69,75368,8,2,Player 4: purple,ai,Crewmate,VOTE_INFLUENCE,
web_8f67f98577044feca7f4c54237945c69,75386,8,2,Black,human,Crewmate,VOTE,Blue
web_8f67f98577044feca7f4c54237945c69,75403,8,2,Blue,human,Impostor,VOTE,Player 4: purple
web_8f67f98577044feca7f4c54237945c69,75418,8,2,Black,human,Crewmate,VOTE_INFLUENCE,
web_8f67f98577044feca7f4c54237945c69,75446,8,2,Blue,human,Impostor,VOTE_INFLUENCE,
web_8fb89af3b3d44b718c3a9bab35a018c9,87541,32,1,Player 3: yellow,ai,Crewmate,PRE_VOTE,Player 5: blue
web_8fb89af3b3d44b718c3a9bab35a018c9,87544,32,1,Player 5: blue,ai,Impostor,PRE_VOTE,
web_8fb89af3b3d44b718c3a9bab35a018c9,87551,32,1,Player 2: pink,ai,Crewmate,PRE_VOTE,
web_8fb89af3b3d44b718c3a9bab35a018c9,87571,32,1,Orange,human,Crewmate,PRE_VOTE,Player 3: yellow
web_8fb89af3b3d44b718c3a9bab35a018c9,87918,32,1,Player 5: blue,ai,Impostor,VOTE,Player 3: yellow
web_8fb89af3b3d44b718c3a9bab35a018c9,87920,32,1,Player 2: pink,ai,Crewmate,VOTE,Player 5: blue
web_8fb89af3b3d44b718c3a9bab35a018c9,87921,32,1,Player 3: yellow,ai,Crewmate,VOTE,
web_8fb89af3b3d44b718c3a9bab35a018c9,87932,32,1,Player 5: blue,ai,Impostor,VOTE_INFLUENCE,
web_8fb89af3b3d44b718c3a9bab35a018c9,87933,32,1,Player 3: yellow,ai,Crewmate,VOTE_INFLUENCE,
web_8fb89af3b3d44b718c3a9bab35a018c9,87934,32,1,Player 2: pink,ai,Crewmate,VOTE_INFLUENCE,
web_8fb89af3b3d44b718c3a9bab35a018c9,87948,32,1,Orange,human,Crewmate,VOTE,Player 3: yellow
web_8fb89af3b3d44b718c3a9bab35a018c9,87956,32,1,Orange,human,Crewmate,VOTE_INFLUENCE,
web_90c8983d1a1841a28d3f03a9167cc27f,86210,31,1,Player 3: cyan,ai,Crewmate,PRE_VOTE,
web_90c8983d1a1841a28d3f03a9167cc27f,86214,31,1,Player 2: blue,ai,Crewmate,PRE_VOTE,
web_90c8983d1a1841a28d3f03a9167cc27f,86215,31,1,Player 4: pink,ai,Impostor,PRE_VOTE,
web_90c8983d1a1841a28d3f03a9167cc27f,86247,31,1,Black,human,Crewmate,PRE_VOTE,Player 4: pink
web_90c8983d1a1841a28d3f03a9167cc27f,86635,31,1,Player 4: pink,ai,Impostor,VOTE,
web_90c8983d1a1841a28d3f03a9167cc27f,86638,31,1,Player 3: cyan,ai,Crewmate,VOTE,
web_90c8983d1a1841a28d3f03a9167cc27f,86641,31,1,Player 2: blue,ai,Crewmate,VOTE,
web_90c8983d1a1841a28d3f03a9167cc27f,86645,31,1,Player 4: pink,ai,Impostor,VOTE_INFLUENCE,
web_90c8983d1a1841a28d3f03a9167cc27f,86651,31,1,Player 3: cyan,ai,Crewmate,VOTE_INFLUENCE,
web_90c8983d1a1841a28d3f03a9167cc27f,86657,31,1,Player 2: blue,ai,Crewmate,VOTE_INFLUENCE,
web_90c8983d1a1841a28d3f03a9167cc27f,86683,31,1,Black,human,Crewmate,VOTE,Player 4: pink
web_90c8983d1a1841a28d3f03a9167cc27f,86702,31,1,Black,human,Crewmate,VOTE_INFLUENCE,
web_90ef40f73407420bb97b0a3a748d4b29,20966,151,1,Green,human,Crewmate,PRE_VOTE,Orange
web_90ef40f73407420bb97b0a3a748d4b29,20970,151,1,Cyan,human,Crewmate,PRE_VOTE,Brown
web_90ef40f73407420bb97b0a3a748d4b29,20986,151,1,Brown,human,Impostor,PRE_VOTE,Orange
web_90ef40f73407420bb97b0a3a748d4b29,20988,151,1,Orange,human,Crewmate,PRE_VOTE,Cyan
web_90ef40f73407420bb97b0a3a748d4b29,21254,151,1,Brown,human,Impostor,VOTE,
web_90ef40f73407420bb97b0a3a748d4b29,21257,151,1,Green,human,Crewmate,VOTE,Orange
web_90ef40f73407420bb97b0a3a748d4b29,21262,151,1,Cyan,human,Crewmate,VOTE,Orange
web_90ef40f73407420bb97b0a3a748d4b29,21264,151,1,Green,human,Crewmate,VOTE_INFLUENCE,
web_90ef40f73407420bb97b0a3a748d4b29,21266,151,1,Brown,human,Impostor,VOTE_INFLUENCE,
web_90ef40f73407420bb97b0a3a748d4b29,21267,151,1,Orange,human,Crewmate,VOTE,Cyan
web_90ef40f73407420bb97b0a3a748d4b29,21269,151,1,Cyan,human,Crewmate,VOTE_INFLUENCE,
web_90ef40f73407420bb97b0a3a748d4b29,21274,151,1,Orange,human,Crewmate,VOTE_INFLUENCE,
web_90ef40f73407420bb97b0a3a748d4b29,21494,206,2,Green,human,Crewmate,PRE_VOTE,Brown
web_90ef40f73407420bb97b0a3a748d4b29,21504,206,2,Cyan,human,Crewmate,PRE_VOTE,Brown
web_90ef40f73407420bb97b0a3a748d4b29,21505,206,2,Brown,human,Impostor,PRE_VOTE,Cyan
web_90ef40f73407420bb97b0a3a748d4b29,21734,206,2,Green,human,Crewmate,VOTE,Brown
web_90ef40f73407420bb97b0a3a748d4b29,21737,206,2,Cyan,human,Crewmate,VOTE,Brown
web_90ef40f73407420bb97b0a3a748d4b29,21749,206,2,Cyan,human,Crewmate,VOTE_INFLUENCE,
web_90ef40f73407420bb97b0a3a748d4b29,21755,206,2,Green,human,Crewmate,VOTE_INFLUENCE,
web_90ef40f73407420bb97b0a3a748d4b29,21757,206,2,Brown,human,Impostor,VOTE_INFLUENCE,
web_90ef40f73407420bb97b0a3a748d4b29,21760,206,2,Brown,human,Impostor,VOTE,
web_91242f29bb6a48f893d758612e9502a1,21141,43,1,Player 4: cyan,ai,Crewmate,PRE_VOTE,Player 5: purple
web_91242f29bb6a48f893d758612e9502a1,21144,43,1,Player 2: lime,ai,Crewmate,PRE_VOTE,
web_91242f29bb6a48f893d758612e9502a1,21147,43,1,Player 5: purple,ai,Impostor,PRE_VOTE,
web_91242f29bb6a48f893d758612e9502a1,21169,43,1,Blue,human,Crewmate,PRE_VOTE,
web_91242f29bb6a48f893d758612e9502a1,21339,43,1,Player 5: purple,ai,Impostor,VOTE,Player 4: cyan
web_91242f29bb6a48f893d758612e9502a1,21340,43,1,Player 4: cyan,ai,Crewmate,VOTE,Player 5: purple
web_91242f29bb6a48f893d758612e9502a1,21341,43,1,Player 2: lime,ai,Crewmate,VOTE,
web_91242f29bb6a48f893d758612e9502a1,21348,43,1,Player 4: cyan,ai,Crewmate,VOTE_INFLUENCE,
web_91242f29bb6a48f893d758612e9502a1,21352,43,1,Player 5: purple,ai,Impostor,VOTE_INFLUENCE,
web_91242f29bb6a48f893d758612e9502a1,21353,43,1,Player 2: lime,ai,Crewmate,VOTE_INFLUENCE,
web_91242f29bb6a48f893d758612e9502a1,21363,43,1,Blue,human,Crewmate,VOTE,Player 5: purple
web_91242f29bb6a48f893d758612e9502a1,21373,43,1,Blue,human,Crewmate,VOTE_INFLUENCE,
web_91668441152743eb8a323565814c2949,8065,33,1,Player 3: blue,ai,Impostor,PRE_VOTE,
web_91668441152743eb8a323565814c2949,8066,33,1,Player 4: black,ai,Crewmate,PRE_VOTE,
web_91668441152743eb8a323565814c2949,8067,33,1,Player 5: cyan,ai,Crewmate,PRE_VOTE,
web_91668441152743eb8a323565814c2949,8213,33,1,Player 3: blue,ai,Impostor,VOTE,Player 5: cyan
web_91668441152743eb8a323565814c2949,8214,33,1,Player 5: cyan,ai,Crewmate,VOTE,
web_91668441152743eb8a323565814c2949,8215,33,1,Player 4: black,ai,Crewmate,VOTE,
web_91668441152743eb8a323565814c2949,8216,33,1,Player 4: black,ai,Crewmate,VOTE_INFLUENCE,
web_91668441152743eb8a323565814c2949,8217,33,1,Player 3: blue,ai,Impostor,VOTE_INFLUENCE,
web_91668441152743eb8a323565814c2949,8218,33,1,Player 5: cyan,ai,Crewmate,VOTE_INFLUENCE,
web_91c6f92dfd044af88857c0736fc4aef9,17065,60,1,Player 4: pink,ai,Crewmate,PRE_VOTE,
web_91c6f92dfd044af88857c0736fc4aef9,17066,60,1,Player 5: yellow,ai,Impostor,PRE_VOTE,
web_91c6f92dfd044af88857c0736fc4aef9,17070,60,1,Cyan,human,Crewmate,PRE_VOTE,
web_91c6f92dfd044af88857c0736fc4aef9,17225,60,1,Player 5: yellow,ai,Impostor,VOTE,Player 4: pink
web_91c6f92dfd044af88857c0736fc4aef9,17226,60,1,Player 4: pink,ai,Crewmate,VOTE,
web_91c6f92dfd044af88857c0736fc4aef9,17230,60,1,Player 5: yellow,ai,Impostor,VOTE_INFLUENCE,
web_91c6f92dfd044af88857c0736fc4aef9,17231,60,1,Player 4: pink,ai,Crewmate,VOTE_INFLUENCE,
web_91c6f92dfd044af88857c0736fc4aef9,17237,60,1,Cyan,human,Crewmate,VOTE,Player 4: pink
web_91c6f92dfd044af88857c0736fc4aef9,17248,60,1,Cyan,human,Crewmate,VOTE_INFLUENCE,
web_920bfd1be170441284385eedfdec730a,22338,16,1,Orange,human,Impostor,PRE_VOTE,
web_920bfd1be170441284385eedfdec730a,22345,16,1,Green,human,Crewmate,PRE_VOTE,Orange
web_920bfd1be170441284385eedfdec730a,22346,16,1,Black,human,Crewmate,PRE_VOTE,Orange
web_920bfd1be170441284385eedfdec730a,22495,16,1,Orange,human,Impostor,VOTE,Green
web_920bfd1be170441284385eedfdec730a,22497,16,1,Black,human,Crewmate,VOTE,Green
web_920bfd1be170441284385eedfdec730a,22499,16,1,Green,human,Crewmate,VOTE,Orange
web_920bfd1be170441284385eedfdec730a,22502,16,1,Black,human,Crewmate,VOTE_INFLUENCE,
web_920bfd1be170441284385eedfdec730a,22503,16,1,Orange,human,Impostor,VOTE_INFLUENCE,
web_920bfd1be170441284385eedfdec730a,22504,16,1,Green,human,Crewmate,VOTE_INFLUENCE,
web_921eed578a0643cfb123cdcf0adac10a,15339,26,1,Black,human,Crewmate,PRE_VOTE,Brown
web_921eed578a0643cfb123cdcf0adac10a,15344,26,1,Yellow,human,Crewmate,PRE_VOTE,Brown
web_921eed578a0643cfb123cdcf0adac10a,15345,26,1,Player 5: lime,ai,Crewmate,PRE_VOTE,Black
web_921eed578a0643cfb123cdcf0adac10a,15351,26,1,Brown,human,Impostor,PRE_VOTE,Player 5: lime
web_921eed578a0643cfb123cdcf0adac10a,15521,26,1,Player 5: lime,ai,Crewmate,VOTE,Black
web_921eed578a0643cfb123cdcf0adac10a,15526,26,1,Player 5: lime,ai,Crewmate,VOTE_INFLUENCE,
web_921eed578a0643cfb123cdcf0adac10a,15527,26,1,Yellow,human,Crewmate,VOTE,Brown
web_921eed578a0643cfb123cdcf0adac10a,15533,26,1,Brown,human,Impostor,VOTE,Player 5: lime
web_921eed578a0643cfb123cdcf0adac10a,15537,26,1,Black,human,Crewmate,VOTE,Brown
web_921eed578a0643cfb123cdcf0adac10a,15539,26,1,Yellow,human,Crewmate,VOTE_INFLUENCE,
web_921eed578a0643cfb123cdcf0adac10a,15544,26,1,Brown,human,Impostor,VOTE_INFLUENCE,
web_921eed578a0643cfb123cdcf0adac10a,15547,26,1,Black,human,Crewmate,VOTE_INFLUENCE,
web_92a1304225904dd7a2f8e71de3e94bf9,89609,22,1,Player 3: lime,ai,Crewmate,PRE_VOTE,Player 5: white
web_92a1304225904dd7a2f8e71de3e94bf9,89610,22,1,Player 4: yellow,ai,Crewmate,PRE_VOTE,Player 5: white
web_92a1304225904dd7a2f8e71de3e94bf9,89611,22,1,Player 5: white,ai,Impostor,PRE_VOTE,
web_92a1304225904dd7a2f8e71de3e94bf9,89631,22,1,Player 4: yellow,ai,Crewmate,VOTE,
web_92a1304225904dd7a2f8e71de3e94bf9,89632,22,1,Player 3: lime,ai,Crewmate,VOTE,
web_92a1304225904dd7a2f8e71de3e94bf9,89633,22,1,Player 5: white,ai,Impostor,VOTE,
web_92a1304225904dd7a2f8e71de3e94bf9,89634,22,1,Player 3: lime,ai,Crewmate,VOTE_INFLUENCE,
web_92a1304225904dd7a2f8e71de3e94bf9,89635,22,1,Player 4: yellow,ai,Crewmate,VOTE_INFLUENCE,
web_92a1304225904dd7a2f8e71de3e94bf9,89636,22,1,Player 5: white,ai,Impostor,VOTE_INFLUENCE,
web_92a1304225904dd7a2f8e71de3e94bf9,89643,25,2,Player 5: white,ai,Impostor,PRE_VOTE,Player 4: yellow
web_92a1304225904dd7a2f8e71de3e94bf9,89644,25,2,Player 4: yellow,ai,Crewmate,PRE_VOTE,Player 5: white
web_92a1304225904dd7a2f8e71de3e94bf9,89645,25,2,Player 3: lime,ai,Crewmate,PRE_VOTE,
web_92a1304225904dd7a2f8e71de3e94bf9,89661,25,2,Player 3: lime,ai,Crewmate,VOTE,Player 5: white
web_92a1304225904dd7a2f8e71de3e94bf9,89662,25,2,Player 4: yellow,ai,Crewmate,VOTE,Player 5: white
web_92a1304225904dd7a2f8e71de3e94bf9,89663,25,2,Player 5: white,ai,Impostor,VOTE,Player 3: lime
web_92a1304225904dd7a2f8e71de3e94bf9,89664,25,2,Player 5: white,ai,Impostor,VOTE_INFLUENCE,
web_92a1304225904dd7a2f8e71de3e94bf9,89665,25,2,Player 3: lime,ai,Crewmate,VOTE_INFLUENCE,
web_92a1304225904dd7a2f8e71de3e94bf9,89666,25,2,Player 4: yellow,ai,Crewmate,VOTE_INFLUENCE,
web_930a2b6b234c4e84aacae51a5c71c42d,67117,27,1,Player 3: brown,ai,Crewmate,PRE_VOTE,
web_930a2b6b234c4e84aacae51a5c71c42d,67118,27,1,Player 2: purple,ai,Crewmate,PRE_VOTE,
web_930a2b6b234c4e84aacae51a5c71c42d,67120,27,1,Lime,human,Crewmate,PRE_VOTE,
web_930a2b6b234c4e84aacae51a5c71c42d,67133,27,1,Yellow,human,Impostor,PRE_VOTE,Lime
web_930a2b6b234c4e84aacae51a5c71c42d,67148,27,1,White,human,Crewmate,PRE_VOTE,
web_930a2b6b234c4e84aacae51a5c71c42d,67346,27,1,Player 2: purple,ai,Crewmate,VOTE,
web_930a2b6b234c4e84aacae51a5c71c42d,67347,27,1,Player 3: brown,ai,Crewmate,VOTE,
web_930a2b6b234c4e84aacae51a5c71c42d,67352,27,1,Player 3: brown,ai,Crewmate,VOTE_INFLUENCE,
web_930a2b6b234c4e84aacae51a5c71c42d,67355,27,1,Player 2: purple,ai,Crewmate,VOTE_INFLUENCE,
web_930a2b6b234c4e84aacae51a5c71c42d,67360,27,1,Lime,human,Crewmate,VOTE,
web_930a2b6b234c4e84aacae51a5c71c42d,67364,27,1,White,human,Crewmate,VOTE,Player 2: purple
web_930a2b6b234c4e84aacae51a5c71c42d,67366,27,1,Yellow,human,Impostor,VOTE,Player 2: purple
web_930a2b6b234c4e84aacae51a5c71c42d,67368,27,1,Lime,human,Crewmate,VOTE_INFLUENCE,
web_930a2b6b234c4e84aacae51a5c71c42d,67373,27,1,White,human,Crewmate,VOTE_INFLUENCE,
web_930a2b6b234c4e84aacae51a5c71c42d,67383,27,1,Yellow,human,Impostor,VOTE_INFLUENCE,
web_930a2b6b234c4e84aacae51a5c71c42d,67608,56,2,White,human,Crewmate,PRE_VOTE,Yellow
web_930a2b6b234c4e84aacae51a5c71c42d,67614,56,2,Player 3: brown,ai,Crewmate,PRE_VOTE,
web_930a2b6b234c4e84aacae51a5c71c42d,67616,56,2,Lime,human,Crewmate,PRE_VOTE,Yellow
web_930a2b6b234c4e84aacae51a5c71c42d,67618,56,2,Yellow,human,Impostor,PRE_VOTE,
web_930a2b6b234c4e84aacae51a5c71c42d,67806,56,2,Player 3: brown,ai,Crewmate,VOTE,
web_930a2b6b234c4e84aacae51a5c71c42d,67810,56,2,Player 3: brown,ai,Crewmate,VOTE_INFLUENCE,
web_930a2b6b234c4e84aacae51a5c71c42d,67815,56,2,White,human,Crewmate,VOTE,Yellow
web_930a2b6b234c4e84aacae51a5c71c42d,67820,56,2,Lime,human,Crewmate,VOTE,Yellow
web_930a2b6b234c4e84aacae51a5c71c42d,67823,56,2,White,human,Crewmate,VOTE_INFLUENCE,
web_930a2b6b234c4e84aacae51a5c71c42d,67825,56,2,Yellow,human,Impostor,VOTE,Lime
web_930a2b6b234c4e84aacae51a5c71c42d,67827,56,2,Lime,human,Crewmate,VOTE_INFLUENCE,
web_930a2b6b234c4e84aacae51a5c71c42d,67832,56,2,Yellow,human,Impostor,VOTE_INFLUENCE,
web_947b6076726c45df9f84d0501528f380,14641,24,1,Yellow,human,Impostor,PRE_VOTE,
web_947b6076726c45df9f84d0501528f380,14642,24,1,Pink,human,Crewmate,PRE_VOTE,
web_947b6076726c45df9f84d0501528f380,14643,24,1,Cyan,human,Crewmate,PRE_VOTE,Yellow
web_947b6076726c45df9f84d0501528f380,14646,24,1,Red,human,Crewmate,PRE_VOTE,Pink
web_947b6076726c45df9f84d0501528f380,14649,24,1,Brown,human,Crewmate,PRE_VOTE,Red
web_947b6076726c45df9f84d0501528f380,14819,24,1,Yellow,human,Impostor,VOTE,Brown
web_947b6076726c45df9f84d0501528f380,14821,24,1,Cyan,human,Crewmate,VOTE,Yellow
web_947b6076726c45df9f84d0501528f380,14825,24,1,Cyan,human,Crewmate,VOTE_INFLUENCE,
web_947b6076726c45df9f84d0501528f380,14826,24,1,Yellow,human,Impostor,VOTE_INFLUENCE,
web_947b6076726c45df9f84d0501528f380,14828,24,1,Brown,human,Crewmate,VOTE,Cyan
web_947b6076726c45df9f84d0501528f380,14831,24,1,Pink,human,Crewmate,VOTE,Yellow
web_947b6076726c45df9f84d0501528f380,14833,24,1,Red,human,Crewmate,VOTE,
web_947b6076726c45df9f84d0501528f380,14837,24,1,Red,human,Crewmate,VOTE_INFLUENCE,
web_947b6076726c45df9f84d0501528f380,14840,24,1,Pink,human,Crewmate,VOTE_INFLUENCE,
web_947b6076726c45df9f84d0501528f380,14841,24,1,Brown,human,Crewmate,VOTE_INFLUENCE,
web_94a873d612794a9c9bc86058bfb5f4d0,40957,11,1,Player 4: green,ai,Crewmate,PRE_VOTE,Red
web_94a873d612794a9c9bc86058bfb5f4d0,40961,11,1,Purple,human,Crewmate,PRE_VOTE,Black
web_94a873d612794a9c9bc86058bfb5f4d0,40962,11,1,Lime,human,Crewmate,PRE_VOTE,Red
web_94a873d612794a9c9bc86058bfb5f4d0,40970,11,1,Black,human,Crewmate,PRE_VOTE,Red
web_94a873d612794a9c9bc86058bfb5f4d0,40985,11,1,Red,human,Impostor,PRE_VOTE,Black
web_94a873d612794a9c9bc86058bfb5f4d0,41098,11,1,Player 4: green,ai,Crewmate,VOTE,
web_94a873d612794a9c9bc86058bfb5f4d0,41108,11,1,Player 4: green,ai,Crewmate,VOTE_INFLUENCE,
web_94a873d612794a9c9bc86058bfb5f4d0,41115,11,1,Lime,human,Crewmate,VOTE,Red
web_94a873d612794a9c9bc86058bfb5f4d0,41117,11,1,Purple,human,Crewmate,VOTE,Player 4: green
web_94a873d612794a9c9bc86058bfb5f4d0,41119,11,1,Black,human,Crewmate,VOTE,Player 4: green
web_94a873d612794a9c9bc86058bfb5f4d0,41123,11,1,Red,human,Impostor,VOTE,Black
web_94a873d612794a9c9bc86058bfb5f4d0,41132,11,1,Purple,human,Crewmate,VOTE_INFLUENCE,
web_94a873d612794a9c9bc86058bfb5f4d0,41133,11,1,Black,human,Crewmate,VOTE_INFLUENCE,
web_94a873d612794a9c9bc86058bfb5f4d0,41134,11,1,Lime,human,Crewmate,VOTE_INFLUENCE,
web_94a873d612794a9c9bc86058bfb5f4d0,41149,11,1,Red,human,Impostor,VOTE_INFLUENCE,
web_94a873d612794a9c9bc86058bfb5f4d0,41199,15,2,Lime,human,Crewmate,PRE_VOTE,Red
web_94a873d612794a9c9bc86058bfb5f4d0,41203,15,2,Purple,human,Crewmate,PRE_VOTE,Red
web_94a873d612794a9c9bc86058bfb5f4d0,41204,15,2,Red,human,Impostor,PRE_VOTE,Purple
web_94a873d612794a9c9bc86058bfb5f4d0,41205,15,2,Black,human,Crewmate,PRE_VOTE,Red
web_94a873d612794a9c9bc86058bfb5f4d0,41364,15,2,Purple,human,Crewmate,VOTE,Red
web_94a873d612794a9c9bc86058bfb5f4d0,41367,15,2,Black,human,Crewmate,VOTE,Red
web_94a873d612794a9c9bc86058bfb5f4d0,41369,15,2,Lime,human,Crewmate,VOTE,Red
web_94a873d612794a9c9bc86058bfb5f4d0,41371,15,2,Purple,human,Crewmate,VOTE_INFLUENCE,
web_94a873d612794a9c9bc86058bfb5f4d0,41372,15,2,Black,human,Crewmate,VOTE_INFLUENCE,
web_94a873d612794a9c9bc86058bfb5f4d0,41374,15,2,Red,human,Impostor,VOTE,Black
web_94a873d612794a9c9bc86058bfb5f4d0,41376,15,2,Lime,human,Crewmate,VOTE_INFLUENCE,
web_94a873d612794a9c9bc86058bfb5f4d0,41382,15,2,Red,human,Impostor,VOTE_INFLUENCE,
web_950b760d592d4037bff058fcf7b6c357,58445,21,1,Player 5: purple,ai,Crewmate,PRE_VOTE,
web_950b760d592d4037bff058fcf7b6c357,58446,21,1,Player 3: white,ai,Crewmate,PRE_VOTE,
web_950b760d592d4037bff058fcf7b6c357,58453,21,1,Yellow,human,Impostor,PRE_VOTE,
web_950b760d592d4037bff058fcf7b6c357,58730,21,1,Player 3: white,ai,Crewmate,VOTE,
web_950b760d592d4037bff058fcf7b6c357,58734,21,1,Player 5: purple,ai,Crewmate,VOTE,
web_950b760d592d4037bff058fcf7b6c357,58748,21,1,Player 3: white,ai,Crewmate,VOTE_INFLUENCE,
web_950b760d592d4037bff058fcf7b6c357,58750,21,1,Player 5: purple,ai,Crewmate,VOTE_INFLUENCE,
web_950b760d592d4037bff058fcf7b6c357,58760,21,1,Yellow,human,Impostor,VOTE,Player 5: purple
web_950b760d592d4037bff058fcf7b6c357,58771,21,1,Yellow,human,Impostor,VOTE_INFLUENCE,
web_9593f15973644d3b8c6dc2168f1713d7,59630,53,1,Player 5: purple,ai,Crewmate,PRE_VOTE,
web_9593f15973644d3b8c6dc2168f1713d7,59631,53,1,Red,human,Impostor,PRE_VOTE,
web_9593f15973644d3b8c6dc2168f1713d7,59639,53,1,Orange,human,Crewmate,PRE_VOTE,
web_9593f15973644d3b8c6dc2168f1713d7,59794,53,1,Player 5: purple,ai,Crewmate,VOTE,
web_9593f15973644d3b8c6dc2168f1713d7,59803,53,1,Player 5: purple,ai,Crewmate,VOTE_INFLUENCE,
web_9593f15973644d3b8c6dc2168f1713d7,59811,53,1,Red,human,Impostor,VOTE,Player 5: purple
web_9593f15973644d3b8c6dc2168f1713d7,59813,53,1,Orange,human,Crewmate,VOTE,Red
web_9593f15973644d3b8c6dc2168f1713d7,59821,53,1,Orange,human,Crewmate,VOTE_INFLUENCE,
web_9593f15973644d3b8c6dc2168f1713d7,59827,53,1,Red,human,Impostor,VOTE_INFLUENCE,
web_95a52fb6b7e04f00bc0a89c0238fbfb1,65084,10,1,Player 2: red,ai,Crewmate,PRE_VOTE,
web_95a52fb6b7e04f00bc0a89c0238fbfb1,65085,10,1,Player 3: green,ai,Impostor,PRE_VOTE,
web_95a52fb6b7e04f00bc0a89c0238fbfb1,65087,10,1,Cyan,human,Crewmate,PRE_VOTE,Cyan
web_95a52fb6b7e04f00bc0a89c0238fbfb1,65088,10,1,Blue,human,Crewmate,PRE_VOTE,Cyan
web_95a52fb6b7e04f00bc0a89c0238fbfb1,65121,10,1,White,human,Crewmate,PRE_VOTE,
web_95a52fb6b7e04f00bc0a89c0238fbfb1,65358,10,1,Player 3: green,ai,Impostor,VOTE,
web_95a52fb6b7e04f00bc0a89c0238fbfb1,65360,10,1,Player 2: red,ai,Crewmate,VOTE,
web_95a52fb6b7e04f00bc0a89c0238fbfb1,65361,10,1,Player 3: green,ai,Impostor,VOTE_INFLUENCE,
web_95a52fb6b7e04f00bc0a89c0238fbfb1,65367,10,1,Player 2: red,ai,Crewmate,VOTE_INFLUENCE,
web_95a52fb6b7e04f00bc0a89c0238fbfb1,65371,10,1,Blue,human,Crewmate,VOTE,Cyan
web_95a52fb6b7e04f00bc0a89c0238fbfb1,65390,10,1,Blue,human,Crewmate,VOTE_INFLUENCE,
web_95a52fb6b7e04f00bc0a89c0238fbfb1,65394,10,1,Cyan,human,Crewmate,VOTE,Player 3: green
web_95a52fb6b7e04f00bc0a89c0238fbfb1,65410,10,1,White,human,Crewmate,VOTE_INFLUENCE,
web_95a52fb6b7e04f00bc0a89c0238fbfb1,65411,10,1,Cyan,human,Crewmate,VOTE_INFLUENCE,
web_95a52fb6b7e04f00bc0a89c0238fbfb1,65415,10,1,White,human,Crewmate,VOTE,
web_95a52fb6b7e04f00bc0a89c0238fbfb1,65498,23,2,Blue,human,Crewmate,PRE_VOTE,White
web_95a52fb6b7e04f00bc0a89c0238fbfb1,65503,23,2,Player 2: red,ai,Crewmate,PRE_VOTE,
web_95a52fb6b7e04f00bc0a89c0238fbfb1,65504,23,2,Player 3: green,ai,Impostor,PRE_VOTE,
web_95a52fb6b7e04f00bc0a89c0238fbfb1,65510,23,2,Cyan,human,Crewmate,PRE_VOTE,
web_95a52fb6b7e04f00bc0a89c0238fbfb1,65523,23,2,White,human,Crewmate,PRE_VOTE,
web_95a52fb6b7e04f00bc0a89c0238fbfb1,65862,23,2,Player 2: red,ai,Crewmate,VOTE,
web_95a52fb6b7e04f00bc0a89c0238fbfb1,65863,23,2,Player 3: green,ai,Impostor,VOTE,
web_95a52fb6b7e04f00bc0a89c0238fbfb1,65872,23,2,Player 3: green,ai,Impostor,VOTE_INFLUENCE,
web_95a52fb6b7e04f00bc0a89c0238fbfb1,65873,23,2,Player 2: red,ai,Crewmate,VOTE_INFLUENCE,
web_95a52fb6b7e04f00bc0a89c0238fbfb1,65920,23,2,Cyan,human,Crewmate,VOTE,Blue
web_95a52fb6b7e04f00bc0a89c0238fbfb1,65929,23,2,Blue,human,Crewmate,VOTE_INFLUENCE,
web_95a52fb6b7e04f00bc0a89c0238fbfb1,65933,23,2,Cyan,human,Crewmate,VOTE_INFLUENCE,
web_95a52fb6b7e04f00bc0a89c0238fbfb1,65937,23,2,Blue,human,Crewmate,VOTE,
web_95d19c4cdac34b499478f53aba96a0f0,10764,108,1,Blue,human,Crewmate,PRE_VOTE,Purple
web_95d19c4cdac34b499478f53aba96a0f0,10768,108,1,Player 5: red,ai,Impostor,PRE_VOTE,Blue
web_95d19c4cdac34b499478f53aba96a0f0,10770,108,1,Purple,human,Crewmate,PRE_VOTE,Blue
web_95d19c4cdac34b499478f53aba96a0f0,10896,108,1,Player 5: red,ai,Impostor,VOTE,Purple
web_95d19c4cdac34b499478f53aba96a0f0,10905,108,1,Player 5: red,ai,Impostor,VOTE_INFLUENCE,
web_95d19c4cdac34b499478f53aba96a0f0,10906,108,1,Purple,human,Crewmate,VOTE,Blue
web_95d19c4cdac34b499478f53aba96a0f0,10908,108,1,Blue,human,Crewmate,VOTE,Purple
web_95d19c4cdac34b499478f53aba96a0f0,10910,108,1,Blue,human,Crewmate,VOTE_INFLUENCE,
web_95d19c4cdac34b499478f53aba96a0f0,10911,108,1,Purple,human,Crewmate,VOTE_INFLUENCE,
web_95f335b7b9244f78a8930cf38de0370a,47300,1,1,Player 4: blue,ai,Crewmate,PRE_VOTE,
web_95f335b7b9244f78a8930cf38de0370a,47308,1,1,Pink,human,Crewmate,PRE_VOTE,Purple
web_95f335b7b9244f78a8930cf38de0370a,47311,1,1,Green,human,Crewmate,PRE_VOTE,
web_95f335b7b9244f78a8930cf38de0370a,47315,1,1,Red,human,Impostor,PRE_VOTE,
web_95f335b7b9244f78a8930cf38de0370a,47333,1,1,Purple,human,Crewmate,PRE_VOTE,
web_95f335b7b9244f78a8930cf38de0370a,47645,1,1,Player 4: blue,ai,Crewmate,VOTE,
web_95f335b7b9244f78a8930cf38de0370a,47650,1,1,Player 4: blue,ai,Crewmate,VOTE_INFLUENCE,
web_95f335b7b9244f78a8930cf38de0370a,47655,1,1,Red,human,Impostor,VOTE,Pink
web_95f335b7b9244f78a8930cf38de0370a,47671,1,1,Red,human,Impostor,VOTE_INFLUENCE,
web_95f335b7b9244f78a8930cf38de0370a,47678,1,1,Purple,human,Crewmate,VOTE,Red
web_95f335b7b9244f78a8930cf38de0370a,47686,1,1,Pink,human,Crewmate,VOTE,Red
web_95f335b7b9244f78a8930cf38de0370a,47701,1,1,Purple,human,Crewmate,VOTE_INFLUENCE,
web_95f335b7b9244f78a8930cf38de0370a,47708,1,1,Pink,human,Crewmate,VOTE_INFLUENCE,
web_961b42c243884f09b57768863df3da1d,36986,94,1,Brown,human,Crewmate,PRE_VOTE,Cyan
web_961b42c243884f09b57768863df3da1d,36987,94,1,Green,human,Crewmate,PRE_VOTE,Brown
web_961b42c243884f09b57768863df3da1d,36988,94,1,Yellow,human,Crewmate,PRE_VOTE,
web_961b42c243884f09b57768863df3da1d,37005,94,1,Cyan,human,Crewmate,PRE_VOTE,Green
web_961b42c243884f09b57768863df3da1d,37008,94,1,Orange,human,Impostor,PRE_VOTE,
web_961b42c243884f09b57768863df3da1d,37336,94,1,Brown,human,Crewmate,VOTE,Cyan
web_961b42c243884f09b57768863df3da1d,37343,94,1,Green,human,Crewmate,VOTE,Brown
web_961b42c243884f09b57768863df3da1d,37356,94,1,Yellow,human,Crewmate,VOTE,Brown
web_961b42c243884f09b57768863df3da1d,37358,94,1,Brown,human,Crewmate,VOTE_INFLUENCE,
web_961b42c243884f09b57768863df3da1d,37373,94,1,Green,human,Crewmate,VOTE_INFLUENCE,
web_961b42c243884f09b57768863df3da1d,37374,94,1,Yellow,human,Crewmate,VOTE_INFLUENCE,
web_961b42c243884f09b57768863df3da1d,37391,94,1,Cyan,human,Crewmate,VOTE_INFLUENCE,
web_9688f83a4edc4f9699a3b43cfee5110d,85079,33,1,Player 3: yellow,ai,Crewmate,PRE_VOTE,
web_9688f83a4edc4f9699a3b43cfee5110d,85083,33,1,Player 5: black,ai,Crewmate,PRE_VOTE,
web_9688f83a4edc4f9699a3b43cfee5110d,85084,33,1,Player 4: pink,ai,Crewmate,PRE_VOTE,
web_9688f83a4edc4f9699a3b43cfee5110d,85085,33,1,Player 2: green,ai,Impostor,PRE_VOTE,
web_9688f83a4edc4f9699a3b43cfee5110d,85087,33,1,Blue,human,Crewmate,PRE_VOTE,Player 3: yellow
web_9688f83a4edc4f9699a3b43cfee5110d,85472,33,1,Player 4: pink,ai,Crewmate,VOTE,Blue
web_9688f83a4edc4f9699a3b43cfee5110d,85473,33,1,Player 5: black,ai,Crewmate,VOTE,
web_9688f83a4edc4f9699a3b43cfee5110d,85474,33,1,Player 2: green,ai,Impostor,VOTE,Blue
web_9688f83a4edc4f9699a3b43cfee5110d,85475,33,1,Player 3: yellow,ai,Crewmate,VOTE,
web_9688f83a4edc4f9699a3b43cfee5110d,85488,33,1,Player 2: green,ai,Impostor,VOTE_INFLUENCE,
web_9688f83a4edc4f9699a3b43cfee5110d,85489,33,1,Player 3: yellow,ai,Crewmate,VOTE_INFLUENCE,
web_9688f83a4edc4f9699a3b43cfee5110d,85490,33,1,Player 4: pink,ai,Crewmate,VOTE_INFLUENCE,
web_9688f83a4edc4f9699a3b43cfee5110d,85492,33,1,Player 5: black,ai,Crewmate,VOTE_INFLUENCE,
web_9688f83a4edc4f9699a3b43cfee5110d,85546,33,1,Blue,human,Crewmate,VOTE,Player 4: pink
web_9688f83a4edc4f9699a3b43cfee5110d,85564,33,1,Blue,human,Crewmate,VOTE_INFLUENCE,
web_9688f83a4edc4f9699a3b43cfee5110d,85758,57,2,Player 5: black,ai,Crewmate,PRE_VOTE,
web_9688f83a4edc4f9699a3b43cfee5110d,85759,57,2,Player 4: pink,ai,Crewmate,PRE_VOTE,
web_9688f83a4edc4f9699a3b43cfee5110d,85760,57,2,Player 3: yellow,ai,Crewmate,PRE_VOTE,
web_9688f83a4edc4f9699a3b43cfee5110d,85773,57,2,Player 2: green,ai,Impostor,PRE_VOTE,
web_9688f83a4edc4f9699a3b43cfee5110d,86001,57,2,Player 2: green,ai,Impostor,VOTE,Player 5: black
web_9688f83a4edc4f9699a3b43cfee5110d,86003,57,2,Player 4: pink,ai,Crewmate,VOTE,
web_9688f83a4edc4f9699a3b43cfee5110d,86004,57,2,Player 5: black,ai,Crewmate,VOTE,
web_9688f83a4edc4f9699a3b43cfee5110d,86005,57,2,Player 3: yellow,ai,Crewmate,VOTE,
web_9688f83a4edc4f9699a3b43cfee5110d,86014,57,2,Player 2: green,ai,Impostor,VOTE_INFLUENCE,
web_9688f83a4edc4f9699a3b43cfee5110d,86017,57,2,Player 4: pink,ai,Crewmate,VOTE_INFLUENCE,
web_9688f83a4edc4f9699a3b43cfee5110d,86020,57,2,Player 3: yellow,ai,Crewmate,VOTE_INFLUENCE,
web_9688f83a4edc4f9699a3b43cfee5110d,86021,57,2,Player 5: black,ai,Crewmate,VOTE_INFLUENCE,
web_97379997a7e04d91895f6c0e59c8d127,58952,93,1,Player 3: white,ai,Crewmate,PRE_VOTE,
web_97379997a7e04d91895f6c0e59c8d127,58953,93,1,Player 5: brown,ai,Impostor,PRE_VOTE,
web_97379997a7e04d91895f6c0e59c8d127,58956,93,1,Orange,human,Crewmate,PRE_VOTE,Cyan
web_97379997a7e04d91895f6c0e59c8d127,58960,93,1,Cyan,human,Crewmate,PRE_VOTE,
web_97379997a7e04d91895f6c0e59c8d127,59102,93,1,Player 3: white,ai,Crewmate,VOTE,
web_97379997a7e04d91895f6c0e59c8d127,59103,93,1,Player 5: brown,ai,Impostor,VOTE,
web_97379997a7e04d91895f6c0e59c8d127,59109,93,1,Player 5: brown,ai,Impostor,VOTE_INFLUENCE,
web_97379997a7e04d91895f6c0e59c8d127,59111,93,1,Player 3: white,ai,Crewmate,VOTE_INFLUENCE,
web_97379997a7e04d91895f6c0e59c8d127,59116,93,1,Orange,human,Crewmate,VOTE,Cyan
web_97379997a7e04d91895f6c0e59c8d127,59118,93,1,Cyan,human,Crewmate,VOTE,Orange
web_97379997a7e04d91895f6c0e59c8d127,59129,93,1,Cyan,human,Crewmate,VOTE_INFLUENCE,
web_97379997a7e04d91895f6c0e59c8d127,59148,93,1,Orange,human,Crewmate,VOTE_INFLUENCE,
web_97379997a7e04d91895f6c0e59c8d127,59375,148,2,Orange,human,Crewmate,PRE_VOTE,Player 5: brown
web_97379997a7e04d91895f6c0e59c8d127,59376,148,2,Player 3: white,ai,Crewmate,PRE_VOTE,
web_97379997a7e04d91895f6c0e59c8d127,59377,148,2,Player 5: brown,ai,Impostor,PRE_VOTE,
web_97379997a7e04d91895f6c0e59c8d127,59581,148,2,Player 3: white,ai,Crewmate,VOTE,
web_97379997a7e04d91895f6c0e59c8d127,59582,148,2,Player 5: brown,ai,Impostor,VOTE,
web_97379997a7e04d91895f6c0e59c8d127,59586,148,2,Player 5: brown,ai,Impostor,VOTE_INFLUENCE,
web_97379997a7e04d91895f6c0e59c8d127,59590,148,2,Player 3: white,ai,Crewmate,VOTE_INFLUENCE,
web_97379997a7e04d91895f6c0e59c8d127,59594,148,2,Orange,human,Crewmate,VOTE,Player 5: brown
web_97379997a7e04d91895f6c0e59c8d127,59605,148,2,Orange,human,Crewmate,VOTE_INFLUENCE,
web_974bc44df3d54ed7adf9aed80d10f84f,68505,40,1,Player 4: blue,ai,Crewmate,PRE_VOTE,
web_974bc44df3d54ed7adf9aed80d10f84f,68506,40,1,Player 3: red,ai,Impostor,PRE_VOTE,
web_974bc44df3d54ed7adf9aed80d10f84f,68508,40,1,White,human,Crewmate,PRE_VOTE,Black
web_974bc44df3d54ed7adf9aed80d10f84f,68509,40,1,Black,human,Crewmate,PRE_VOTE,Player 3: red
web_974bc44df3d54ed7adf9aed80d10f84f,68740,40,1,Player 4: blue,ai,Crewmate,VOTE,
web_974bc44df3d54ed7adf9aed80d10f84f,68741,40,1,Player 3: red,ai,Impostor,VOTE,Black
web_974bc44df3d54ed7adf9aed80d10f84f,68748,40,1,Player 3: red,ai,Impostor,VOTE_INFLUENCE,
web_974bc44df3d54ed7adf9aed80d10f84f,68749,40,1,Player 4: blue,ai,Crewmate,VOTE_INFLUENCE,
web_974bc44df3d54ed7adf9aed80d10f84f,68751,40,1,White,human,Crewmate,VOTE,Player 3: red
web_974bc44df3d54ed7adf9aed80d10f84f,68756,40,1,Black,human,Crewmate,VOTE,Player 3: red
web_974bc44df3d54ed7adf9aed80d10f84f,68764,40,1,White,human,Crewmate,VOTE_INFLUENCE,
web_974bc44df3d54ed7adf9aed80d10f84f,68765,40,1,Black,human,Crewmate,VOTE_INFLUENCE,
web_97e6138a6b6b4c759934fdb81de1033e,44978,54,1,Player 3: cyan,ai,Impostor,PRE_VOTE,
web_97e6138a6b6b4c759934fdb81de1033e,44979,54,1,Player 5: black,ai,Crewmate,PRE_VOTE,
web_97e6138a6b6b4c759934fdb81de1033e,44980,54,1,Player 4: lime,ai,Crewmate,PRE_VOTE,
web_97e6138a6b6b4c759934fdb81de1033e,44981,54,1,Purple,human,Crewmate,PRE_VOTE,
web_97e6138a6b6b4c759934fdb81de1033e,44997,54,1,Player 3: cyan,ai,Impostor,VOTE,
web_97e6138a6b6b4c759934fdb81de1033e,44998,54,1,Player 5: black,ai,Crewmate,VOTE,
web_97e6138a6b6b4c759934fdb81de1033e,44999,54,1,Player 4: lime,ai,Crewmate,VOTE,
web_97e6138a6b6b4c759934fdb81de1033e,45000,54,1,Player 3: cyan,ai,Impostor,VOTE_INFLUENCE,
web_97e6138a6b6b4c759934fdb81de1033e,45001,54,1,Player 5: black,ai,Crewmate,VOTE_INFLUENCE,
web_97e6138a6b6b4c759934fdb81de1033e,45002,54,1,Player 4: lime,ai,Crewmate,VOTE_INFLUENCE,
web_97e6138a6b6b4c759934fdb81de1033e,45004,54,1,Purple,human,Crewmate,VOTE_INFLUENCE,
web_97e6138a6b6b4c759934fdb81de1033e,45005,54,1,Purple,human,Crewmate,VOTE,
web_97e6138a6b6b4c759934fdb81de1033e,45013,58,2,Player 4: lime,ai,Crewmate,PRE_VOTE,
web_97e6138a6b6b4c759934fdb81de1033e,45014,58,2,Player 3: cyan,ai,Impostor,PRE_VOTE,
web_97e6138a6b6b4c759934fdb81de1033e,45015,58,2,Player 5: black,ai,Crewmate,PRE_VOTE,
web_97e6138a6b6b4c759934fdb81de1033e,45016,58,2,Purple,human,Crewmate,PRE_VOTE,
web_97e6138a6b6b4c759934fdb81de1033e,45139,58,2,Player 5: black,ai,Crewmate,VOTE,Purple
web_97e6138a6b6b4c759934fdb81de1033e,45140,58,2,Player 3: cyan,ai,Impostor,VOTE,Purple
web_97e6138a6b6b4c759934fdb81de1033e,45141,58,2,Player 4: lime,ai,Crewmate,VOTE,
web_97e6138a6b6b4c759934fdb81de1033e,45149,58,2,Player 4: lime,ai,Crewmate,VOTE_INFLUENCE,
web_97e6138a6b6b4c759934fdb81de1033e,45150,58,2,Player 5: black,ai,Crewmate,VOTE_INFLUENCE,
web_97e6138a6b6b4c759934fdb81de1033e,45151,58,2,Player 3: cyan,ai,Impostor,VOTE_INFLUENCE,
web_97e6138a6b6b4c759934fdb81de1033e,45171,58,2,Purple,human,Crewmate,VOTE_INFLUENCE,
web_97e6138a6b6b4c759934fdb81de1033e,45172,58,2,Purple,human,Crewmate,VOTE,
web_98b3029f29cb413f97d17c0a064ed0ff,41606,1,1,Purple,human,Crewmate,PRE_VOTE,
web_98b3029f29cb413f97d17c0a064ed0ff,41607,1,1,Player 5: brown,ai,Impostor,PRE_VOTE,
web_98b3029f29cb413f97d17c0a064ed0ff,41614,1,1,White,human,Crewmate,PRE_VOTE,
web_98b3029f29cb413f97d17c0a064ed0ff,41616,1,1,Red,human,Crewmate,PRE_VOTE,
web_98b3029f29cb413f97d17c0a064ed0ff,41632,1,1,Cyan,human,Crewmate,PRE_VOTE,
web_98b3029f29cb413f97d17c0a064ed0ff,41821,1,1,Player 5: brown,ai,Impostor,VOTE,
web_98b3029f29cb413f97d17c0a064ed0ff,41826,1,1,Player 5: brown,ai,Impostor,VOTE_INFLUENCE,
web_98b3029f29cb413f97d17c0a064ed0ff,41827,1,1,Purple,human,Crewmate,VOTE,Player 5: brown
web_98b3029f29cb413f97d17c0a064ed0ff,41831,1,1,Red,human,Crewmate,VOTE,
web_98b3029f29cb413f97d17c0a064ed0ff,41834,1,1,Purple,human,Crewmate,VOTE_INFLUENCE,
web_98b3029f29cb413f97d17c0a064ed0ff,41837,1,1,White,human,Crewmate,VOTE,Player 5: brown
web_98b3029f29cb413f97d17c0a064ed0ff,41843,1,1,White,human,Crewmate,VOTE_INFLUENCE,
web_98b3029f29cb413f97d17c0a064ed0ff,41852,1,1,Red,human,Crewmate,VOTE_INFLUENCE,
web_98b3029f29cb413f97d17c0a064ed0ff,41863,1,1,Cyan,human,Crewmate,VOTE_INFLUENCE,
web_98b3029f29cb413f97d17c0a064ed0ff,41865,1,1,Cyan,human,Crewmate,VOTE,
web_9a4e1eeda2b54edea9361ce1e7f60e02,86729,75,1,Player 4: red,ai,Crewmate,PRE_VOTE,
web_9a4e1eeda2b54edea9361ce1e7f60e02,86730,75,1,Player 5: lime,ai,Impostor,PRE_VOTE,
web_9a4e1eeda2b54edea9361ce1e7f60e02,86731,75,1,Player 2: yellow,ai,Crewmate,PRE_VOTE,
web_9a4e1eeda2b54edea9361ce1e7f60e02,87023,75,1,Player 4: red,ai,Crewmate,VOTE,
web_9a4e1eeda2b54edea9361ce1e7f60e02,87025,75,1,Player 5: lime,ai,Impostor,VOTE,
web_9a4e1eeda2b54edea9361ce1e7f60e02,87027,75,1,Player 2: yellow,ai,Crewmate,VOTE,
web_9a4e1eeda2b54edea9361ce1e7f60e02,87041,75,1,Player 4: red,ai,Crewmate,VOTE_INFLUENCE,
web_9a4e1eeda2b54edea9361ce1e7f60e02,87042,75,1,Player 2: yellow,ai,Crewmate,VOTE_INFLUENCE,
web_9a4e1eeda2b54edea9361ce1e7f60e02,87045,75,1,Player 5: lime,ai,Impostor,VOTE_INFLUENCE,
web_9b5a21d1912541a3904f4bdc240d0f21,57190,59,1,Orange,human,Crewmate,PRE_VOTE,Player 3: lime
web_9b5a21d1912541a3904f4bdc240d0f21,57191,59,1,Player 4: black,ai,Impostor,PRE_VOTE,
web_9b5a21d1912541a3904f4bdc240d0f21,57192,59,1,Player 2: brown,ai,Crewmate,PRE_VOTE,Player 4: black
web_9b5a21d1912541a3904f4bdc240d0f21,57193,59,1,Player 3: lime,ai,Crewmate,PRE_VOTE,
web_9b5a21d1912541a3904f4bdc240d0f21,57254,59,1,Player 2: brown,ai,Crewmate,VOTE,Player 4: black
web_9b5a21d1912541a3904f4bdc240d0f21,57255,59,1,Player 3: lime,ai,Crewmate,VOTE,Player 4: black
web_9b5a21d1912541a3904f4bdc240d0f21,57257,59,1,Player 4: black,ai,Impostor,VOTE,
web_9b5a21d1912541a3904f4bdc240d0f21,57260,59,1,Player 2: brown,ai,Crewmate,VOTE_INFLUENCE,
web_9b5a21d1912541a3904f4bdc240d0f21,57261,59,1,Player 3: lime,ai,Crewmate,VOTE_INFLUENCE,
web_9b5a21d1912541a3904f4bdc240d0f21,57262,59,1,Player 4: black,ai,Impostor,VOTE_INFLUENCE,
web_9b5a21d1912541a3904f4bdc240d0f21,57264,59,1,Orange,human,Crewmate,VOTE,Player 4: black
web_9b5a21d1912541a3904f4bdc240d0f21,57270,59,1,Orange,human,Crewmate,VOTE_INFLUENCE,
web_9bb053d1e8c64763b9cda6cb63dd96f0,27279,1,1,Pink,human,Crewmate,PRE_VOTE,Brown
web_9bb053d1e8c64763b9cda6cb63dd96f0,27283,1,1,Brown,human,Crewmate,PRE_VOTE,
web_9bb053d1e8c64763b9cda6cb63dd96f0,27286,1,1,Red,human,Crewmate,PRE_VOTE,
web_9bb053d1e8c64763b9cda6cb63dd96f0,27287,1,1,Green,human,Crewmate,PRE_VOTE,
web_9bb053d1e8c64763b9cda6cb63dd96f0,27309,1,1,White,human,Impostor,PRE_VOTE,
web_9bb053d1e8c64763b9cda6cb63dd96f0,27531,1,1,Pink,human,Crewmate,VOTE,Green
web_9bb053d1e8c64763b9cda6cb63dd96f0,27540,1,1,Green,human,Crewmate,VOTE,
web_9bb053d1e8c64763b9cda6cb63dd96f0,27544,1,1,Brown,human,Crewmate,VOTE,White
web_9bb053d1e8c64763b9cda6cb63dd96f0,27546,1,1,Pink,human,Crewmate,VOTE_INFLUENCE,
web_9bb053d1e8c64763b9cda6cb63dd96f0,27551,1,1,Red,human,Crewmate,VOTE,Pink
web_9bb053d1e8c64763b9cda6cb63dd96f0,27555,1,1,Brown,human,Crewmate,VOTE_INFLUENCE,
web_9bb053d1e8c64763b9cda6cb63dd96f0,27558,1,1,Green,human,Crewmate,VOTE_INFLUENCE,
web_9bb053d1e8c64763b9cda6cb63dd96f0,27559,1,1,Red,human,Crewmate,VOTE_INFLUENCE,
web_9bb053d1e8c64763b9cda6cb63dd96f0,27589,1,1,White,human,Impostor,VOTE_INFLUENCE,
web_9bb053d1e8c64763b9cda6cb63dd96f0,27592,1,1,White,human,Impostor,VOTE,
web_9bb053d1e8c64763b9cda6cb63dd96f0,27621,3,2,Pink,human,Crewmate,PRE_VOTE,Green
web_9bb053d1e8c64763b9cda6cb63dd96f0,27624,3,2,Green,human,Crewmate,PRE_VOTE,
web_9bb053d1e8c64763b9cda6cb63dd96f0,27627,3,2,Brown,human,Crewmate,PRE_VOTE,
web_9bb053d1e8c64763b9cda6cb63dd96f0,27635,3,2,Red,human,Crewmate,PRE_VOTE,Pink
web_9bb053d1e8c64763b9cda6cb63dd96f0,27645,3,2,White,human,Impostor,PRE_VOTE,Green
web_9bb053d1e8c64763b9cda6cb63dd96f0,27890,3,2,Pink,human,Crewmate,VOTE,Green
web_9bb053d1e8c64763b9cda6cb63dd96f0,27892,3,2,Green,human,Crewmate,VOTE,Pink
web_9bb053d1e8c64763b9cda6cb63dd96f0,27897,3,2,Pink,human,Crewmate,VOTE_INFLUENCE,
web_9bb053d1e8c64763b9cda6cb63dd96f0,27900,3,2,White,human,Impostor,VOTE,Pink
web_9bb053d1e8c64763b9cda6cb63dd96f0,27903,3,2,Red,human,Crewmate,VOTE,Pink
web_9bb053d1e8c64763b9cda6cb63dd96f0,27911,3,2,Brown,human,Crewmate,VOTE,Pink
web_9bb053d1e8c64763b9cda6cb63dd96f0,27913,3,2,Red,human,Crewmate,VOTE_INFLUENCE,
web_9bb053d1e8c64763b9cda6cb63dd96f0,27916,3,2,Brown,human,Crewmate,VOTE_INFLUENCE,
web_9bb053d1e8c64763b9cda6cb63dd96f0,27929,3,2,Green,human,Crewmate,VOTE_INFLUENCE,
web_9bb053d1e8c64763b9cda6cb63dd96f0,27939,3,2,White,human,Impostor,VOTE_INFLUENCE,
web_9bbceba895b2493bb4ba01869b4cb609,23179,1,1,Player 5: yellow,ai,Crewmate,PRE_VOTE,
web_9bbceba895b2493bb4ba01869b4cb609,23184,1,1,Orange,human,Impostor,PRE_VOTE,Black
web_9bbceba895b2493bb4ba01869b4cb609,23189,1,1,Green,human,Crewmate,PRE_VOTE,Black
web_9bbceba895b2493bb4ba01869b4cb609,23190,1,1,Black,human,Crewmate,PRE_VOTE,Blue
web_9bbceba895b2493bb4ba01869b4cb609,23213,1,1,Blue,human,Crewmate,PRE_VOTE,
web_9bbceba895b2493bb4ba01869b4cb609,23360,1,1,Player 5: yellow,ai,Crewmate,VOTE,Orange
web_9bbceba895b2493bb4ba01869b4cb609,23361,1,1,Player 5: yellow,ai,Crewmate,VOTE_INFLUENCE,
web_9bbceba895b2493bb4ba01869b4cb609,23364,1,1,Orange,human,Impostor,VOTE,Black
web_9bbceba895b2493bb4ba01869b4cb609,23366,1,1,Black,human,Crewmate,VOTE,Blue
web_9bbceba895b2493bb4ba01869b4cb609,23368,1,1,Green,human,Crewmate,VOTE,Orange
web_9bbceba895b2493bb4ba01869b4cb609,23378,1,1,Black,human,Crewmate,VOTE_INFLUENCE,
web_9bbceba895b2493bb4ba01869b4cb609,23379,1,1,Orange,human,Impostor,VOTE_INFLUENCE,
web_9bbceba895b2493bb4ba01869b4cb609,23380,1,1,Green,human,Crewmate,VOTE_INFLUENCE,
web_9bc23b57041349b996dbed79e99c5b9d,23570,42,1,Brown,human,Crewmate,PRE_VOTE,Red
web_9bc23b57041349b996dbed79e99c5b9d,23571,42,1,Red,human,Crewmate,PRE_VOTE,White
web_9bc23b57041349b996dbed79e99c5b9d,23572,42,1,White,human,Crewmate,PRE_VOTE,Red
web_9bc23b57041349b996dbed79e99c5b9d,23581,42,1,Purple,human,Impostor,PRE_VOTE,
web_9bc23b57041349b996dbed79e99c5b9d,23582,42,1,Yellow,human,Crewmate,PRE_VOTE,
web_9bc23b57041349b996dbed79e99c5b9d,23695,42,1,Red,human,Crewmate,VOTE,Purple
web_9bc23b57041349b996dbed79e99c5b9d,23697,42,1,Brown,human,Crewmate,VOTE,Purple
web_9bc23b57041349b996dbed79e99c5b9d,23699,42,1,White,human,Crewmate,VOTE,Red
web_9bc23b57041349b996dbed79e99c5b9d,23710,42,1,White,human,Crewmate,VOTE_INFLUENCE,
web_9bc23b57041349b996dbed79e99c5b9d,23717,42,1,Red,human,Crewmate,VOTE_INFLUENCE,
web_9bc23b57041349b996dbed79e99c5b9d,23718,42,1,Brown,human,Crewmate,VOTE_INFLUENCE,
web_9bc23b57041349b996dbed79e99c5b9d,23730,42,1,Purple,human,Impostor,VOTE_INFLUENCE,
web_9bc23b57041349b996dbed79e99c5b9d,23732,42,1,Yellow,human,Crewmate,VOTE_INFLUENCE,
web_9bc23b57041349b996dbed79e99c5b9d,23733,42,1,Purple,human,Impostor,VOTE,
web_9bc23b57041349b996dbed79e99c5b9d,23735,42,1,Yellow,human,Crewmate,VOTE,
web_9bf3e3c3702340ba8de0a5b1b68d4038,75656,25,1,Player 2: lime,ai,Impostor,PRE_VOTE,
web_9bf3e3c3702340ba8de0a5b1b68d4038,75663,25,1,Player 4: yellow,ai,Crewmate,PRE_VOTE,
web_9bf3e3c3702340ba8de0a5b1b68d4038,75666,25,1,Player 5: cyan,ai,Crewmate,PRE_VOTE,
web_9bf3e3c3702340ba8de0a5b1b68d4038,75668,25,1,Black,human,Crewmate,PRE_VOTE,
web_9bf3e3c3702340ba8de0a5b1b68d4038,76192,25,1,Player 2: lime,ai,Impostor,VOTE,
web_9bf3e3c3702340ba8de0a5b1b68d4038,76197,25,1,Player 5: cyan,ai,Crewmate,VOTE,
web_9bf3e3c3702340ba8de0a5b1b68d4038,76209,25,1,Player 4: yellow,ai,Crewmate,VOTE,
web_9bf3e3c3702340ba8de0a5b1b68d4038,76212,25,1,Player 2: lime,ai,Impostor,VOTE_INFLUENCE,
web_9bf3e3c3702340ba8de0a5b1b68d4038,76219,25,1,Player 5: cyan,ai,Crewmate,VOTE_INFLUENCE,
web_9bf3e3c3702340ba8de0a5b1b68d4038,76228,25,1,Player 4: yellow,ai,Crewmate,VOTE_INFLUENCE,
web_9bf3e3c3702340ba8de0a5b1b68d4038,76234,25,1,Black,human,Crewmate,VOTE,Player 4: yellow
web_9bf3e3c3702340ba8de0a5b1b68d4038,76249,25,1,Black,human,Crewmate,VOTE_INFLUENCE,
web_9caedceaf57a46499a770171c4b8801d,63822,52,1,Player 3: white,ai,Impostor,PRE_VOTE,
web_9caedceaf57a46499a770171c4b8801d,63825,52,1,Player 4: green,ai,Crewmate,PRE_VOTE,
web_9caedceaf57a46499a770171c4b8801d,63826,52,1,Black,human,Crewmate,PRE_VOTE,
web_9caedceaf57a46499a770171c4b8801d,63827,52,1,Pink,human,Crewmate,PRE_VOTE,Player 3: white
web_9caedceaf57a46499a770171c4b8801d,64119,52,1,Player 3: white,ai,Impostor,VOTE,
web_9caedceaf57a46499a770171c4b8801d,64122,52,1,Player 4: green,ai,Crewmate,VOTE,
web_9caedceaf57a46499a770171c4b8801d,64124,52,1,Player 3: white,ai,Impostor,VOTE_INFLUENCE,
web_9caedceaf57a46499a770171c4b8801d,64129,52,1,Player 4: green,ai,Crewmate,VOTE_INFLUENCE,
web_9caedceaf57a46499a770171c4b8801d,64137,52,1,Pink,human,Crewmate,VOTE,Player 3: white
web_9caedceaf57a46499a770171c4b8801d,64147,52,1,Black,human,Crewmate,VOTE,
web_9caedceaf57a46499a770171c4b8801d,64152,52,1,Pink,human,Crewmate,VOTE_INFLUENCE,
web_9caedceaf57a46499a770171c4b8801d,64154,52,1,Black,human,Crewmate,VOTE_INFLUENCE,
web_9ceae6def56e41209bc65c9193097dfe,57896,56,1,Yellow,human,Crewmate,PRE_VOTE,Orange
web_9ceae6def56e41209bc65c9193097dfe,57902,56,1,Player 4: red,ai,Crewmate,PRE_VOTE,
web_9ceae6def56e41209bc65c9193097dfe,57905,56,1,Black,human,Crewmate,PRE_VOTE,Yellow
web_9ceae6def56e41209bc65c9193097dfe,57928,56,1,Orange,human,Impostor,PRE_VOTE,
web_9ceae6def56e41209bc65c9193097dfe,58044,56,1,Player 4: red,ai,Crewmate,VOTE,Orange
web_9ceae6def56e41209bc65c9193097dfe,58045,56,1,Player 4: red,ai,Crewmate,VOTE_INFLUENCE,
web_9ceae6def56e41209bc65c9193097dfe,58046,56,1,Yellow,human,Crewmate,VOTE,Orange
web_9ceae6def56e41209bc65c9193097dfe,58048,56,1,Black,human,Crewmate,VOTE,Yellow
web_9ceae6def56e41209bc65c9193097dfe,58050,56,1,Orange,human,Impostor,VOTE,Yellow
web_9ceae6def56e41209bc65c9193097dfe,58053,56,1,Yellow,human,Crewmate,VOTE_INFLUENCE,
web_9ceae6def56e41209bc65c9193097dfe,58057,56,1,Black,human,Crewmate,VOTE_INFLUENCE,
web_9ceae6def56e41209bc65c9193097dfe,58062,56,1,Orange,human,Impostor,VOTE_INFLUENCE,
web_9ceae6def56e41209bc65c9193097dfe,58129,74,2,Yellow,human,Crewmate,PRE_VOTE,Orange
web_9ceae6def56e41209bc65c9193097dfe,58133,74,2,Player 4: red,ai,Crewmate,PRE_VOTE,
web_9ceae6def56e41209bc65c9193097dfe,58135,74,2,Orange,human,Impostor,PRE_VOTE,Player 4: red
web_9ceae6def56e41209bc65c9193097dfe,58335,74,2,Player 4: red,ai,Crewmate,VOTE,Yellow
web_9ceae6def56e41209bc65c9193097dfe,58339,74,2,Player 4: red,ai,Crewmate,VOTE_INFLUENCE,
web_9ceae6def56e41209bc65c9193097dfe,58345,74,2,Yellow,human,Crewmate,VOTE,Orange
web_9ceae6def56e41209bc65c9193097dfe,58348,74,2,Yellow,human,Crewmate,VOTE_INFLUENCE,
web_9ceae6def56e41209bc65c9193097dfe,58349,74,2,Orange,human,Impostor,VOTE,Yellow
web_9ceae6def56e41209bc65c9193097dfe,58357,74,2,Orange,human,Impostor,VOTE_INFLUENCE,
web_9d35d9e5117940abbce287c9318cf97a,48485,15,1,Blue,human,Crewmate,PRE_VOTE,
web_9d35d9e5117940abbce287c9318cf97a,48486,15,1,Green,human,Crewmate,PRE_VOTE,Purple
web_9d35d9e5117940abbce287c9318cf97a,48487,15,1,Orange,human,Crewmate,PRE_VOTE,
web_9d35d9e5117940abbce287c9318cf97a,48492,15,1,Purple,human,Impostor,PRE_VOTE,
web_9d35d9e5117940abbce287c9318cf97a,48744,15,1,Blue,human,Crewmate,VOTE,
web_9d35d9e5117940abbce287c9318cf97a,48748,15,1,Blue,human,Crewmate,VOTE_INFLUENCE,
web_9d35d9e5117940abbce287c9318cf97a,48751,15,1,Green,human,Crewmate,VOTE,Purple
web_9d35d9e5117940abbce287c9318cf97a,48755,15,1,Purple,human,Impostor,VOTE,Green
web_9d35d9e5117940abbce287c9318cf97a,48761,15,1,Green,human,Crewmate,VOTE_INFLUENCE,
web_9d35d9e5117940abbce287c9318cf97a,48762,15,1,Orange,human,Crewmate,VOTE,Purple
web_9d35d9e5117940abbce287c9318cf97a,48767,15,1,Purple,human,Impostor,VOTE_INFLUENCE,
web_9d35d9e5117940abbce287c9318cf97a,48771,15,1,Orange,human,Crewmate,VOTE_INFLUENCE,
web_9d445bbd28904f5889f24b0aa5f8fa0f,49803,13,1,Yellow,human,Crewmate,PRE_VOTE,Orange
web_9d445bbd28904f5889f24b0aa5f8fa0f,49804,13,1,Red,human,Crewmate,PRE_VOTE,Yellow
web_9d445bbd28904f5889f24b0aa5f8fa0f,49812,13,1,Blue,human,Impostor,PRE_VOTE,Orange
web_9d445bbd28904f5889f24b0aa5f8fa0f,49855,13,1,Orange,human,Crewmate,PRE_VOTE,
web_9d445bbd28904f5889f24b0aa5f8fa0f,50186,13,1,Yellow,human,Crewmate,VOTE,Orange
web_9d445bbd28904f5889f24b0aa5f8fa0f,50189,13,1,Red,human,Crewmate,VOTE,Orange
web_9d445bbd28904f5889f24b0aa5f8fa0f,50193,13,1,Blue,human,Impostor,VOTE,Orange
web_9d445bbd28904f5889f24b0aa5f8fa0f,50208,13,1,Yellow,human,Crewmate,VOTE_INFLUENCE,
web_9d445bbd28904f5889f24b0aa5f8fa0f,50211,13,1,Red,human,Crewmate,VOTE_INFLUENCE,
web_9d445bbd28904f5889f24b0aa5f8fa0f,50222,13,1,Blue,human,Impostor,VOTE_INFLUENCE,
web_9d445bbd28904f5889f24b0aa5f8fa0f,50245,13,1,Orange,human,Crewmate,VOTE_INFLUENCE,
web_9d445bbd28904f5889f24b0aa5f8fa0f,50246,13,1,Orange,human,Crewmate,VOTE,
web_9dece793cc5a4dd7955304d39b5450e4,8699,105,1,Red,human,Crewmate,PRE_VOTE,
web_9dece793cc5a4dd7955304d39b5450e4,8701,105,1,Lime,human,Crewmate,PRE_VOTE,
web_9dece793cc5a4dd7955304d39b5450e4,8702,105,1,Yellow,human,Crewmate,PRE_VOTE,
web_9dece793cc5a4dd7955304d39b5450e4,8703,105,1,Black,human,Crewmate,PRE_VOTE,
web_9dece793cc5a4dd7955304d39b5450e4,8704,105,1,Pink,human,Impostor,PRE_VOTE,Red
web_9dece793cc5a4dd7955304d39b5450e4,8901,105,1,Red,human,Crewmate,VOTE,
web_9dece793cc5a4dd7955304d39b5450e4,8903,105,1,Yellow,human,Crewmate,VOTE,Black
web_9dece793cc5a4dd7955304d39b5450e4,8905,105,1,Red,human,Crewmate,VOTE_INFLUENCE,
web_9dece793cc5a4dd7955304d39b5450e4,8906,105,1,Pink,human,Impostor,VOTE,
web_9dece793cc5a4dd7955304d39b5450e4,8908,105,1,Yellow,human,Crewmate,VOTE_INFLUENCE,
web_9dece793cc5a4dd7955304d39b5450e4,8910,105,1,Lime,human,Crewmate,VOTE,Pink
web_9dece793cc5a4dd7955304d39b5450e4,8915,105,1,Black,human,Crewmate,VOTE,
web_9dece793cc5a4dd7955304d39b5450e4,8917,105,1,Pink,human,Impostor,VOTE_INFLUENCE,
web_9dece793cc5a4dd7955304d39b5450e4,8918,105,1,Lime,human,Crewmate,VOTE_INFLUENCE,
web_9dece793cc5a4dd7955304d39b5450e4,8923,105,1,Black,human,Crewmate,VOTE_INFLUENCE,
web_9dece793cc5a4dd7955304d39b5450e4,9232,154,2,Lime,human,Crewmate,PRE_VOTE,Pink
web_9dece793cc5a4dd7955304d39b5450e4,9235,154,2,Yellow,human,Crewmate,PRE_VOTE,Lime
web_9dece793cc5a4dd7955304d39b5450e4,9242,154,2,Pink,human,Impostor,PRE_VOTE,Yellow
web_9dece793cc5a4dd7955304d39b5450e4,9440,154,2,Yellow,human,Crewmate,VOTE,Pink
web_9dece793cc5a4dd7955304d39b5450e4,9442,154,2,Lime,human,Crewmate,VOTE,Pink
web_9dece793cc5a4dd7955304d39b5450e4,9444,154,2,Pink,human,Impostor,VOTE,Yellow
web_9dece793cc5a4dd7955304d39b5450e4,9455,154,2,Pink,human,Impostor,VOTE_INFLUENCE,
web_9dece793cc5a4dd7955304d39b5450e4,9456,154,2,Yellow,human,Crewmate,VOTE_INFLUENCE,
web_9dece793cc5a4dd7955304d39b5450e4,9457,154,2,Lime,human,Crewmate,VOTE_INFLUENCE,
web_9e2ad643c81841338aa146d27caba3a2,82576,35,1,Orange,human,Crewmate,PRE_VOTE,Orange
web_9e2ad643c81841338aa146d27caba3a2,82579,35,1,Player 3: black,ai,Crewmate,PRE_VOTE,Player 5: green
web_9e2ad643c81841338aa146d27caba3a2,82580,35,1,Player 4: red,ai,Crewmate,PRE_VOTE,Player 5: green
web_9e2ad643c81841338aa146d27caba3a2,82581,35,1,Player 5: green,ai,Impostor,PRE_VOTE,
web_9e2ad643c81841338aa146d27caba3a2,82827,35,1,Player 3: black,ai,Crewmate,VOTE,Player 5: green
web_9e2ad643c81841338aa146d27caba3a2,82830,35,1,Player 4: red,ai,Crewmate,VOTE,Player 5: green
web_9e2ad643c81841338aa146d27caba3a2,82831,35,1,Player 5: green,ai,Impostor,VOTE,Player 3: black
web_9e2ad643c81841338aa146d27caba3a2,82835,35,1,Player 4: red,ai,Crewmate,VOTE_INFLUENCE,
web_9e2ad643c81841338aa146d27caba3a2,82836,35,1,Player 3: black,ai,Crewmate,VOTE_INFLUENCE,
web_9e2ad643c81841338aa146d27caba3a2,82838,35,1,Player 5: green,ai,Impostor,VOTE_INFLUENCE,
web_9e2ad643c81841338aa146d27caba3a2,82841,35,1,Orange,human,Crewmate,VOTE,Player 5: green
web_9e2ad643c81841338aa146d27caba3a2,82858,35,1,Orange,human,Crewmate,VOTE_INFLUENCE,
web_9e54f9dfcbc7417c9ef2979bae93f226,56071,14,1,Player 2: purple,ai,Impostor,PRE_VOTE,
web_9e54f9dfcbc7417c9ef2979bae93f226,56074,14,1,Player 5: lime,ai,Crewmate,PRE_VOTE,
web_9e54f9dfcbc7417c9ef2979bae93f226,56079,14,1,Red,human,Crewmate,PRE_VOTE,Red
web_9e54f9dfcbc7417c9ef2979bae93f226,56088,14,1,White,human,Crewmate,PRE_VOTE,
web_9e54f9dfcbc7417c9ef2979bae93f226,56317,14,1,Player 2: purple,ai,Impostor,VOTE,
web_9e54f9dfcbc7417c9ef2979bae93f226,56320,14,1,Player 5: lime,ai,Crewmate,VOTE,
web_9e54f9dfcbc7417c9ef2979bae93f226,56327,14,1,Player 5: lime,ai,Crewmate,VOTE_INFLUENCE,
web_9e54f9dfcbc7417c9ef2979bae93f226,56328,14,1,Player 2: purple,ai,Impostor,VOTE_INFLUENCE,
web_9e54f9dfcbc7417c9ef2979bae93f226,56335,14,1,White,human,Crewmate,VOTE,Red
web_9e54f9dfcbc7417c9ef2979bae93f226,56342,14,1,Red,human,Crewmate,VOTE,
web_9e54f9dfcbc7417c9ef2979bae93f226,56349,14,1,White,human,Crewmate,VOTE_INFLUENCE,
web_9e54f9dfcbc7417c9ef2979bae93f226,56363,14,1,Red,human,Crewmate,VOTE_INFLUENCE,
web_9e848de4968c4f6abbf5cc2ca58366ac,44609,38,1,Player 2: green,ai,Crewmate,PRE_VOTE,Player 4: white
web_9e848de4968c4f6abbf5cc2ca58366ac,44610,38,1,Player 4: white,ai,Impostor,PRE_VOTE,
web_9e848de4968c4f6abbf5cc2ca58366ac,44611,38,1,Player 5: red,ai,Crewmate,PRE_VOTE,
web_9e848de4968c4f6abbf5cc2ca58366ac,44612,38,1,Player 3: brown,ai,Crewmate,PRE_VOTE,
web_9e848de4968c4f6abbf5cc2ca58366ac,44628,38,1,Player 2: green,ai,Crewmate,VOTE,Player 4: white
web_9e848de4968c4f6abbf5cc2ca58366ac,44629,38,1,Player 3: brown,ai,Crewmate,VOTE,
web_9e848de4968c4f6abbf5cc2ca58366ac,44630,38,1,Player 4: white,ai,Impostor,VOTE,Player 2: green
web_9e848de4968c4f6abbf5cc2ca58366ac,44631,38,1,Player 5: red,ai,Crewmate,VOTE,
web_9e848de4968c4f6abbf5cc2ca58366ac,44632,38,1,Player 2: green,ai,Crewmate,VOTE_INFLUENCE,
web_9e848de4968c4f6abbf5cc2ca58366ac,44633,38,1,Player 3: brown,ai,Crewmate,VOTE_INFLUENCE,
web_9e848de4968c4f6abbf5cc2ca58366ac,44634,38,1,Player 5: red,ai,Crewmate,VOTE_INFLUENCE,
web_9e848de4968c4f6abbf5cc2ca58366ac,44635,38,1,Player 4: white,ai,Impostor,VOTE_INFLUENCE,
web_9e848de4968c4f6abbf5cc2ca58366ac,44643,41,2,Player 4: white,ai,Impostor,PRE_VOTE,Player 2: green
web_9e848de4968c4f6abbf5cc2ca58366ac,44644,41,2,Player 3: brown,ai,Crewmate,PRE_VOTE,
web_9e848de4968c4f6abbf5cc2ca58366ac,44645,41,2,Player 2: green,ai,Crewmate,PRE_VOTE,
web_9e848de4968c4f6abbf5cc2ca58366ac,44646,41,2,Player 5: red,ai,Crewmate,PRE_VOTE,
web_9e848de4968c4f6abbf5cc2ca58366ac,44661,41,2,Player 2: green,ai,Crewmate,VOTE,Player 4: white
web_9e848de4968c4f6abbf5cc2ca58366ac,44662,41,2,Player 5: red,ai,Crewmate,VOTE,Player 4: white
web_9e848de4968c4f6abbf5cc2ca58366ac,44663,41,2,Player 3: brown,ai,Crewmate,VOTE,
web_9e848de4968c4f6abbf5cc2ca58366ac,44664,41,2,Player 4: white,ai,Impostor,VOTE,
web_9e848de4968c4f6abbf5cc2ca58366ac,44665,41,2,Player 2: green,ai,Crewmate,VOTE_INFLUENCE,
web_9e848de4968c4f6abbf5cc2ca58366ac,44666,41,2,Player 5: red,ai,Crewmate,VOTE_INFLUENCE,
web_9e848de4968c4f6abbf5cc2ca58366ac,44667,41,2,Player 4: white,ai,Impostor,VOTE_INFLUENCE,
web_9e848de4968c4f6abbf5cc2ca58366ac,44668,41,2,Player 3: brown,ai,Crewmate,VOTE_INFLUENCE,
web_9e907cc9869a44cfb750e90072e83389,50745,59,1,Cyan,human,Crewmate,PRE_VOTE,Purple
web_9e907cc9869a44cfb750e90072e83389,50748,59,1,Player 3: blue,ai,Crewmate,PRE_VOTE,
web_9e907cc9869a44cfb750e90072e83389,50752,59,1,Lime,human,Impostor,PRE_VOTE,Player 3: blue
web_9e907cc9869a44cfb750e90072e83389,50763,59,1,Purple,human,Crewmate,PRE_VOTE,Lime
web_9e907cc9869a44cfb750e90072e83389,50946,59,1,Player 3: blue,ai,Crewmate,VOTE,
web_9e907cc9869a44cfb750e90072e83389,50949,59,1,Player 3: blue,ai,Crewmate,VOTE_INFLUENCE,
web_9e907cc9869a44cfb750e90072e83389,50956,59,1,Lime,human,Impostor,VOTE,Player 3: blue
web_9e907cc9869a44cfb750e90072e83389,50958,59,1,Cyan,human,Crewmate,VOTE,Lime
web_9e907cc9869a44cfb750e90072e83389,50960,59,1,Purple,human,Crewmate,VOTE,Lime
web_9e907cc9869a44cfb750e90072e83389,50965,59,1,Lime,human,Impostor,VOTE_INFLUENCE,
web_9e907cc9869a44cfb750e90072e83389,50974,59,1,Purple,human,Crewmate,VOTE_INFLUENCE,
web_9e907cc9869a44cfb750e90072e83389,50975,59,1,Cyan,human,Crewmate,VOTE_INFLUENCE,
web_9ed9366866c64468aaa5677e831744c5,75896,86,1,Player 4: purple,ai,Crewmate,PRE_VOTE,
web_9ed9366866c64468aaa5677e831744c5,75897,86,1,Player 5: orange,ai,Crewmate,PRE_VOTE,
web_9ed9366866c64468aaa5677e831744c5,75913,86,1,Brown,human,Crewmate,PRE_VOTE,Yellow
web_9ed9366866c64468aaa5677e831744c5,75967,86,1,Yellow,human,Impostor,PRE_VOTE,
web_9ed9366866c64468aaa5677e831744c5,76435,86,1,Player 4: purple,ai,Crewmate,VOTE,
web_9ed9366866c64468aaa5677e831744c5,76437,86,1,Player 5: orange,ai,Crewmate,VOTE,
web_9ed9366866c64468aaa5677e831744c5,76452,86,1,Player 5: orange,ai,Crewmate,VOTE_INFLUENCE,
web_9ed9366866c64468aaa5677e831744c5,76454,86,1,Player 4: purple,ai,Crewmate,VOTE_INFLUENCE,
web_9ed9366866c64468aaa5677e831744c5,76462,86,1,Brown,human,Crewmate,VOTE,Yellow
web_9ed9366866c64468aaa5677e831744c5,76475,86,1,Yellow,human,Impostor,VOTE,Brown
web_9ed9366866c64468aaa5677e831744c5,76481,86,1,Brown,human,Crewmate,VOTE_INFLUENCE,
web_9ed9366866c64468aaa5677e831744c5,76503,86,1,Yellow,human,Impostor,VOTE_INFLUENCE,
web_9ed9366866c64468aaa5677e831744c5,76579,89,2,Player 4: purple,ai,Crewmate,PRE_VOTE,
web_9ed9366866c64468aaa5677e831744c5,76583,89,2,Player 5: orange,ai,Crewmate,PRE_VOTE,
web_9ed9366866c64468aaa5677e831744c5,76584,89,2,Brown,human,Crewmate,PRE_VOTE,Yellow
web_9ed9366866c64468aaa5677e831744c5,76596,89,2,Yellow,human,Impostor,PRE_VOTE,
web_9ed9366866c64468aaa5677e831744c5,77042,89,2,Player 4: purple,ai,Crewmate,VOTE,
web_9ed9366866c64468aaa5677e831744c5,77043,89,2,Player 5: orange,ai,Crewmate,VOTE,
web_9ed9366866c64468aaa5677e831744c5,77049,89,2,Player 4: purple,ai,Crewmate,VOTE_INFLUENCE,
web_9ed9366866c64468aaa5677e831744c5,77054,89,2,Player 5: orange,ai,Crewmate,VOTE_INFLUENCE,
web_9ed9366866c64468aaa5677e831744c5,77060,89,2,Brown,human,Crewmate,VOTE,Yellow
web_9ed9366866c64468aaa5677e831744c5,77073,89,2,Yellow,human,Impostor,VOTE,Player 5: orange
web_9ed9366866c64468aaa5677e831744c5,77075,89,2,Brown,human,Crewmate,VOTE_INFLUENCE,
web_9ed9366866c64468aaa5677e831744c5,77088,89,2,Yellow,human,Impostor,VOTE_INFLUENCE,
web_9ed9366866c64468aaa5677e831744c5,77403,124,3,Player 4: purple,ai,Crewmate,PRE_VOTE,
web_9ed9366866c64468aaa5677e831744c5,77406,124,3,Brown,human,Crewmate,PRE_VOTE,Yellow
web_9ed9366866c64468aaa5677e831744c5,77437,124,3,Yellow,human,Impostor,PRE_VOTE,
web_9ed9366866c64468aaa5677e831744c5,77864,124,3,Player 4: purple,ai,Crewmate,VOTE,
web_9ed9366866c64468aaa5677e831744c5,77870,124,3,Player 4: purple,ai,Crewmate,VOTE_INFLUENCE,
web_9ed9366866c64468aaa5677e831744c5,77876,124,3,Brown,human,Crewmate,VOTE,Yellow
web_9ed9366866c64468aaa5677e831744c5,77883,124,3,Yellow,human,Impostor,VOTE,Brown
web_9ed9366866c64468aaa5677e831744c5,77885,124,3,Brown,human,Crewmate,VOTE_INFLUENCE,
web_9ed9366866c64468aaa5677e831744c5,77888,124,3,Yellow,human,Impostor,VOTE_INFLUENCE,
web_9ef9bee0c68a430d93b6d2b85c9a83e2,7277,29,1,Yellow,human,Impostor,PRE_VOTE,
web_9ef9bee0c68a430d93b6d2b85c9a83e2,7279,29,1,Green,human,Crewmate,PRE_VOTE,Yellow
web_9ef9bee0c68a430d93b6d2b85c9a83e2,7281,29,1,Black,human,Crewmate,PRE_VOTE,Yellow
web_9ef9bee0c68a430d93b6d2b85c9a83e2,7352,29,1,Black,human,Crewmate,VOTE,Yellow
web_9ef9bee0c68a430d93b6d2b85c9a83e2,7360,29,1,Green,human,Crewmate,VOTE,Yellow
web_9ef9bee0c68a430d93b6d2b85c9a83e2,7362,29,1,Yellow,human,Impostor,VOTE,Green
web_9ef9bee0c68a430d93b6d2b85c9a83e2,7370,29,1,Black,human,Crewmate,VOTE_INFLUENCE,
web_9ef9bee0c68a430d93b6d2b85c9a83e2,7373,29,1,Green,human,Crewmate,VOTE_INFLUENCE,
web_9ef9bee0c68a430d93b6d2b85c9a83e2,7379,29,1,Yellow,human,Impostor,VOTE_INFLUENCE,
web_9f0fd90a26c44d819933a064046b6525,28049,45,1,Brown,human,Crewmate,PRE_VOTE,Purple
web_9f0fd90a26c44d819933a064046b6525,28074,45,1,Purple,human,Crewmate,PRE_VOTE,Brown
web_9f0fd90a26c44d819933a064046b6525,28081,45,1,Red,human,Impostor,PRE_VOTE,Brown
web_9f0fd90a26c44d819933a064046b6525,28438,45,1,Brown,human,Crewmate,VOTE,Purple
web_9f0fd90a26c44d819933a064046b6525,28444,45,1,Brown,human,Crewmate,VOTE_INFLUENCE,
web_9f0fd90a26c44d819933a064046b6525,28474,45,1,Purple,human,Crewmate,VOTE,Red
web_9f0fd90a26c44d819933a064046b6525,28479,45,1,Red,human,Impostor,VOTE_INFLUENCE,
web_9f0fd90a26c44d819933a064046b6525,28500,45,1,Purple,human,Crewmate,VOTE_INFLUENCE,
web_9f0fd90a26c44d819933a064046b6525,28501,45,1,Red,human,Impostor,VOTE,
web_9f46ec93204a4267839ef125cfdd9a65,85142,27,1,Player 3: white,ai,Crewmate,PRE_VOTE,Player 2: yellow
web_9f46ec93204a4267839ef125cfdd9a65,85153,27,1,Player 5: green,ai,Crewmate,PRE_VOTE,Player 2: yellow
web_9f46ec93204a4267839ef125cfdd9a65,85156,27,1,Player 4: brown,ai,Crewmate,PRE_VOTE,
web_9f46ec93204a4267839ef125cfdd9a65,85157,27,1,Player 2: yellow,ai,Impostor,PRE_VOTE,
web_9f46ec93204a4267839ef125cfdd9a65,85506,27,1,Player 5: green,ai,Crewmate,VOTE,Player 2: yellow
web_9f46ec93204a4267839ef125cfdd9a65,85513,27,1,Player 2: yellow,ai,Impostor,VOTE,Player 3: white
web_9f46ec93204a4267839ef125cfdd9a65,85514,27,1,Player 4: brown,ai,Crewmate,VOTE,Player 2: yellow
web_9f46ec93204a4267839ef125cfdd9a65,85516,27,1,Player 3: white,ai,Crewmate,VOTE,Player 2: yellow
web_9f46ec93204a4267839ef125cfdd9a65,85519,27,1,Player 5: green,ai,Crewmate,VOTE_INFLUENCE,
web_9f46ec93204a4267839ef125cfdd9a65,85526,27,1,Player 4: brown,ai,Crewmate,VOTE_INFLUENCE,
web_9f46ec93204a4267839ef125cfdd9a65,85528,27,1,Player 3: white,ai,Crewmate,VOTE_INFLUENCE,
web_9f46ec93204a4267839ef125cfdd9a65,85530,27,1,Player 2: yellow,ai,Impostor,VOTE_INFLUENCE,
web_a00954b61fc94047bb1aae8d641a5cf4,47836,42,1,Red,human,Impostor,PRE_VOTE,Orange
web_a00954b61fc94047bb1aae8d641a5cf4,47838,42,1,Cyan,human,Crewmate,PRE_VOTE,Orange
web_a00954b61fc94047bb1aae8d641a5cf4,47844,42,1,Purple,human,Crewmate,PRE_VOTE,Cyan
web_a00954b61fc94047bb1aae8d641a5cf4,47856,42,1,Orange,human,Crewmate,PRE_VOTE,
web_a00954b61fc94047bb1aae8d641a5cf4,48101,42,1,Purple,human,Crewmate,VOTE,Cyan
web_a00954b61fc94047bb1aae8d641a5cf4,48103,42,1,Red,human,Impostor,VOTE,Purple
web_a00954b61fc94047bb1aae8d641a5cf4,48107,42,1,Cyan,human,Crewmate,VOTE,Purple
web_a00954b61fc94047bb1aae8d641a5cf4,48113,42,1,Red,human,Impostor,VOTE_INFLUENCE,
web_a00954b61fc94047bb1aae8d641a5cf4,48114,42,1,Cyan,human,Crewmate,VOTE_INFLUENCE,
web_a00954b61fc94047bb1aae8d641a5cf4,48121,42,1,Purple,human,Crewmate,VOTE_INFLUENCE,
web_a143882f989045d8b7b8ade9c08c6e68,45662,44,1,Player 4: cyan,ai,Crewmate,PRE_VOTE,
web_a143882f989045d8b7b8ade9c08c6e68,45676,44,1,Yellow,human,Impostor,PRE_VOTE,Purple
web_a143882f989045d8b7b8ade9c08c6e68,45708,44,1,Purple,human,Crewmate,PRE_VOTE,Yellow
web_a143882f989045d8b7b8ade9c08c6e68,45890,44,1,Player 4: cyan,ai,Crewmate,VOTE,
web_a143882f989045d8b7b8ade9c08c6e68,45895,44,1,Player 4: cyan,ai,Crewmate,VOTE_INFLUENCE,
web_a143882f989045d8b7b8ade9c08c6e68,45908,44,1,Purple,human,Crewmate,VOTE,Yellow
web_a143882f989045d8b7b8ade9c08c6e68,45929,44,1,Purple,human,Crewmate,VOTE_INFLUENCE,
web_a143882f989045d8b7b8ade9c08c6e68,45933,44,1,Yellow,human,Impostor,VOTE_INFLUENCE,
web_a143882f989045d8b7b8ade9c08c6e68,45936,44,1,Yellow,human,Impostor,VOTE,
web_a1ddbf87bff34b4299a3c3c4fa0c50f2,49165,18,1,Green,human,Impostor,PRE_VOTE,
web_a1ddbf87bff34b4299a3c3c4fa0c50f2,49170,18,1,Player 4: blue,ai,Crewmate,PRE_VOTE,Green
web_a1ddbf87bff34b4299a3c3c4fa0c50f2,49171,18,1,Orange,human,Crewmate,PRE_VOTE,
web_a1ddbf87bff34b4299a3c3c4fa0c50f2,49178,18,1,Red,human,Crewmate,PRE_VOTE,Green
web_a1ddbf87bff34b4299a3c3c4fa0c50f2,49206,18,1,White,human,Crewmate,PRE_VOTE,
web_a1ddbf87bff34b4299a3c3c4fa0c50f2,49549,18,1,Player 4: blue,ai,Crewmate,VOTE,Green
web_a1ddbf87bff34b4299a3c3c4fa0c50f2,49552,18,1,Player 4: blue,ai,Crewmate,VOTE_INFLUENCE,
web_a1ddbf87bff34b4299a3c3c4fa0c50f2,49559,18,1,White,human,Crewmate,VOTE,
web_a1ddbf87bff34b4299a3c3c4fa0c50f2,49567,18,1,Red,human,Crewmate,VOTE,Green
web_a1ddbf87bff34b4299a3c3c4fa0c50f2,49571,18,1,White,human,Crewmate,VOTE_INFLUENCE,
web_a1ddbf87bff34b4299a3c3c4fa0c50f2,49587,18,1,Orange,human,Crewmate,VOTE,Player 4: blue
web_a1ddbf87bff34b4299a3c3c4fa0c50f2,49591,18,1,Red,human,Crewmate,VOTE_INFLUENCE,
web_a1ddbf87bff34b4299a3c3c4fa0c50f2,49599,18,1,Green,human,Impostor,VOTE,Player 4: blue
web_a1ddbf87bff34b4299a3c3c4fa0c50f2,49603,18,1,Orange,human,Crewmate,VOTE_INFLUENCE,
web_a1ddbf87bff34b4299a3c3c4fa0c50f2,49607,18,1,Green,human,Impostor,VOTE_INFLUENCE,
web_a1ddbf87bff34b4299a3c3c4fa0c50f2,49641,20,2,Orange,human,Crewmate,PRE_VOTE,Player 4: blue
web_a1ddbf87bff34b4299a3c3c4fa0c50f2,49642,20,2,Player 4: blue,ai,Crewmate,PRE_VOTE,Green
web_a1ddbf87bff34b4299a3c3c4fa0c50f2,49643,20,2,Green,human,Impostor,PRE_VOTE,Player 4: blue
web_a1ddbf87bff34b4299a3c3c4fa0c50f2,49656,20,2,Red,human,Crewmate,PRE_VOTE,
web_a1ddbf87bff34b4299a3c3c4fa0c50f2,49661,20,2,White,human,Crewmate,PRE_VOTE,
web_a1ddbf87bff34b4299a3c3c4fa0c50f2,49946,20,2,Player 4: blue,ai,Crewmate,VOTE,
web_a1ddbf87bff34b4299a3c3c4fa0c50f2,49957,20,2,Player 4: blue,ai,Crewmate,VOTE_INFLUENCE,
web_a1ddbf87bff34b4299a3c3c4fa0c50f2,49958,20,2,Orange,human,Crewmate,VOTE,Player 4: blue
web_a1ddbf87bff34b4299a3c3c4fa0c50f2,49962,20,2,White,human,Crewmate,VOTE,Player 4: blue
web_a1ddbf87bff34b4299a3c3c4fa0c50f2,49968,20,2,Orange,human,Crewmate,VOTE_INFLUENCE,
web_a1ddbf87bff34b4299a3c3c4fa0c50f2,49969,20,2,Red,human,Crewmate,VOTE,Player 4: blue
web_a1ddbf87bff34b4299a3c3c4fa0c50f2,49971,20,2,Green,human,Impostor,VOTE,Player 4: blue
web_a1ddbf87bff34b4299a3c3c4fa0c50f2,49978,20,2,White,human,Crewmate,VOTE_INFLUENCE,
web_a1ddbf87bff34b4299a3c3c4fa0c50f2,49980,20,2,Green,human,Impostor,VOTE_INFLUENCE,
web_a1ddbf87bff34b4299a3c3c4fa0c50f2,49987,20,2,Red,human,Crewmate,VOTE_INFLUENCE,
web_a1ddbf87bff34b4299a3c3c4fa0c50f2,50413,84,3,White,human,Crewmate,PRE_VOTE,
web_a1ddbf87bff34b4299a3c3c4fa0c50f2,50418,84,3,Orange,human,Crewmate,PRE_VOTE,Green
web_a1ddbf87bff34b4299a3c3c4fa0c50f2,50426,84,3,Green,human,Impostor,PRE_VOTE,Green
web_a1ddbf87bff34b4299a3c3c4fa0c50f2,50746,84,3,Orange,human,Crewmate,VOTE,Green
web_a1ddbf87bff34b4299a3c3c4fa0c50f2,50749,84,3,Green,human,Impostor,VOTE,White
web_a1ddbf87bff34b4299a3c3c4fa0c50f2,50755,84,3,White,human,Crewmate,VOTE,Green
web_a1ddbf87bff34b4299a3c3c4fa0c50f2,50762,84,3,Orange,human,Crewmate,VOTE_INFLUENCE,
web_a1ddbf87bff34b4299a3c3c4fa0c50f2,50764,84,3,White,human,Crewmate,VOTE_INFLUENCE,
web_a1ddbf87bff34b4299a3c3c4fa0c50f2,50767,84,3,Green,human,Impostor,VOTE_INFLUENCE,
web_a250047c93cb49b8af6480c468408d38,77812,37,1,Player 5: brown,ai,Crewmate,PRE_VOTE,
web_a250047c93cb49b8af6480c468408d38,77813,37,1,Player 2: red,ai,Impostor,PRE_VOTE,
web_a250047c93cb49b8af6480c468408d38,77816,37,1,Player 3: orange,ai,Crewmate,PRE_VOTE,
web_a250047c93cb49b8af6480c468408d38,77817,37,1,Pink,human,Crewmate,PRE_VOTE,Player 2: red
web_a250047c93cb49b8af6480c468408d38,77821,37,1,Cyan,human,Crewmate,PRE_VOTE,Player 2: red
web_a250047c93cb49b8af6480c468408d38,78116,37,1,Player 5: brown,ai,Crewmate,VOTE,
web_a250047c93cb49b8af6480c468408d38,78118,37,1,Player 3: orange,ai,Crewmate,VOTE,
web_a250047c93cb49b8af6480c468408d38,78123,37,1,Player 2: red,ai,Impostor,VOTE,
web_a250047c93cb49b8af6480c468408d38,78138,37,1,Player 5: brown,ai,Crewmate,VOTE_INFLUENCE,
web_a250047c93cb49b8af6480c468408d38,78139,37,1,Player 2: red,ai,Impostor,VOTE_INFLUENCE,
web_a250047c93cb49b8af6480c468408d38,78140,37,1,Player 3: orange,ai,Crewmate,VOTE_INFLUENCE,
web_a250047c93cb49b8af6480c468408d38,78145,37,1,Pink,human,Crewmate,VOTE,Player 2: red
web_a250047c93cb49b8af6480c468408d38,78156,37,1,Cyan,human,Crewmate,VOTE,Player 2: red
web_a250047c93cb49b8af6480c468408d38,78162,37,1,Pink,human,Crewmate,VOTE_INFLUENCE,
web_a250047c93cb49b8af6480c468408d38,78168,37,1,Cyan,human,Crewmate,VOTE_INFLUENCE,
web_a2c7dc71aac74c3382cec02ff849c8d7,12232,5,1,Red,human,Impostor,PRE_VOTE,
web_a2c7dc71aac74c3382cec02ff849c8d7,12233,5,1,Brown,human,Crewmate,PRE_VOTE,
web_a2c7dc71aac74c3382cec02ff849c8d7,12234,5,1,Orange,human,Crewmate,PRE_VOTE,
web_a2c7dc71aac74c3382cec02ff849c8d7,12237,5,1,Brown,human,Crewmate,VOTE,Orange
web_a2c7dc71aac74c3382cec02ff849c8d7,12239,5,1,Brown,human,Crewmate,VOTE_INFLUENCE,
web_a2c7dc71aac74c3382cec02ff849c8d7,12240,5,1,Red,human,Impostor,VOTE,Orange
web_a2c7dc71aac74c3382cec02ff849c8d7,12242,5,1,Red,human,Impostor,VOTE_INFLUENCE,
web_a2c7dc71aac74c3382cec02ff849c8d7,12243,5,1,Orange,human,Crewmate,VOTE,Brown
web_a2c7dc71aac74c3382cec02ff849c8d7,12245,5,1,Orange,human,Crewmate,VOTE_INFLUENCE,
web_a2c9f970d7424787ae969948596b04a2,83290,26,1,Player 3: blue,ai,Crewmate,PRE_VOTE,Player 4: black
web_a2c9f970d7424787ae969948596b04a2,83292,26,1,Player 2: red,ai,Crewmate,PRE_VOTE,Player 4: black
web_a2c9f970d7424787ae969948596b04a2,83294,26,1,Player 5: cyan,ai,Crewmate,PRE_VOTE,
web_a2c9f970d7424787ae969948596b04a2,83295,26,1,Player 4: black,ai,Impostor,PRE_VOTE,
web_a2c9f970d7424787ae969948596b04a2,83531,26,1,Player 3: blue,ai,Crewmate,VOTE,Player 4: black
web_a2c9f970d7424787ae969948596b04a2,83536,26,1,Player 2: red,ai,Crewmate,VOTE,Player 4: black
web_a2c9f970d7424787ae969948596b04a2,83537,26,1,Player 4: black,ai,Impostor,VOTE,Player 3: blue
web_a2c9f970d7424787ae969948596b04a2,83539,26,1,Player 5: cyan,ai,Crewmate,VOTE,
web_a2c9f970d7424787ae969948596b04a2,83540,26,1,Player 3: blue,ai,Crewmate,VOTE_INFLUENCE,
web_a2c9f970d7424787ae969948596b04a2,83541,26,1,Player 4: black,ai,Impostor,VOTE_INFLUENCE,
web_a2c9f970d7424787ae969948596b04a2,83544,26,1,Player 2: red,ai,Crewmate,VOTE_INFLUENCE,
web_a2c9f970d7424787ae969948596b04a2,83545,26,1,Player 5: cyan,ai,Crewmate,VOTE_INFLUENCE,
web_a37d7d141a114ce6a7b22d21be8a2a88,70150,131,1,Player 3: white,ai,Crewmate,PRE_VOTE,
web_a37d7d141a114ce6a7b22d21be8a2a88,70151,131,1,Player 5: lime,ai,Impostor,PRE_VOTE,
web_a37d7d141a114ce6a7b22d21be8a2a88,70170,131,1,Blue,human,Crewmate,PRE_VOTE,Player 3: white
web_a37d7d141a114ce6a7b22d21be8a2a88,70176,131,1,Orange,human,Crewmate,PRE_VOTE,Orange
web_a37d7d141a114ce6a7b22d21be8a2a88,70533,131,1,Player 5: lime,ai,Impostor,VOTE,
web_a37d7d141a114ce6a7b22d21be8a2a88,70540,131,1,Player 3: white,ai,Crewmate,VOTE,
web_a37d7d141a114ce6a7b22d21be8a2a88,70546,131,1,Player 5: lime,ai,Impostor,VOTE_INFLUENCE,
web_a37d7d141a114ce6a7b22d21be8a2a88,70568,131,1,Player 3: white,ai,Crewmate,VOTE_INFLUENCE,
web_a37d7d141a114ce6a7b22d21be8a2a88,70593,131,1,Orange,human,Crewmate,VOTE,Blue
web_a37d7d141a114ce6a7b22d21be8a2a88,70617,131,1,Orange,human,Crewmate,VOTE_INFLUENCE,
web_a37d7d141a114ce6a7b22d21be8a2a88,70635,131,1,Blue,human,Crewmate,VOTE_INFLUENCE,
web_a37d7d141a114ce6a7b22d21be8a2a88,70638,131,1,Blue,human,Crewmate,VOTE,
web_a3e21c08be4a41389d753ea56f63dc6f,70287,13,1,Player 3: black,ai,Crewmate,PRE_VOTE,Player 5: brown
web_a3e21c08be4a41389d753ea56f63dc6f,70295,13,1,Player 5: brown,ai,Impostor,PRE_VOTE,
web_a3e21c08be4a41389d753ea56f63dc6f,70301,13,1,Lime,human,Crewmate,PRE_VOTE,Player 3: black
web_a3e21c08be4a41389d753ea56f63dc6f,70678,13,1,Player 5: brown,ai,Impostor,VOTE,Player 3: black
web_a3e21c08be4a41389d753ea56f63dc6f,70679,13,1,Player 3: black,ai,Crewmate,VOTE,
web_a3e21c08be4a41389d753ea56f63dc6f,70684,13,1,Player 3: black,ai,Crewmate,VOTE_INFLUENCE,
web_a3e21c08be4a41389d753ea56f63dc6f,70691,13,1,Player 5: brown,ai,Impostor,VOTE_INFLUENCE,
web_a3e21c08be4a41389d753ea56f63dc6f,70700,13,1,Lime,human,Crewmate,VOTE,Player 5: brown
web_a3e21c08be4a41389d753ea56f63dc6f,70712,13,1,Lime,human,Crewmate,VOTE_INFLUENCE,
web_a432c17dd40b4282a1c944a7e4d75d2b,73004,43,1,Player 4: orange,ai,Crewmate,PRE_VOTE,Player 2: black
web_a432c17dd40b4282a1c944a7e4d75d2b,73010,43,1,Player 2: black,ai,Impostor,PRE_VOTE,
web_a432c17dd40b4282a1c944a7e4d75d2b,73011,43,1,Cyan,human,Crewmate,PRE_VOTE,
web_a432c17dd40b4282a1c944a7e4d75d2b,73013,43,1,Pink,human,Crewmate,PRE_VOTE,Cyan
web_a432c17dd40b4282a1c944a7e4d75d2b,73449,43,1,Player 4: orange,ai,Crewmate,VOTE,
web_a432c17dd40b4282a1c944a7e4d75d2b,73450,43,1,Player 2: black,ai,Impostor,VOTE,
web_a432c17dd40b4282a1c944a7e4d75d2b,73463,43,1,Player 4: orange,ai,Crewmate,VOTE_INFLUENCE,
web_a432c17dd40b4282a1c944a7e4d75d2b,73466,43,1,Player 2: black,ai,Impostor,VOTE_INFLUENCE,
web_a432c17dd40b4282a1c944a7e4d75d2b,73481,43,1,Pink,human,Crewmate,VOTE,Player 4: orange
web_a432c17dd40b4282a1c944a7e4d75d2b,73508,43,1,Cyan,human,Crewmate,VOTE,Player 4: orange
web_a432c17dd40b4282a1c944a7e4d75d2b,73510,43,1,Pink,human,Crewmate,VOTE_INFLUENCE,
web_a432c17dd40b4282a1c944a7e4d75d2b,73521,43,1,Cyan,human,Crewmate,VOTE_INFLUENCE,
web_a432c17dd40b4282a1c944a7e4d75d2b,73573,45,2,Pink,human,Crewmate,PRE_VOTE,Player 2: black
web_a432c17dd40b4282a1c944a7e4d75d2b,73575,45,2,Player 2: black,ai,Impostor,PRE_VOTE,
web_a432c17dd40b4282a1c944a7e4d75d2b,73580,45,2,Cyan,human,Crewmate,PRE_VOTE,Player 2: black
web_a432c17dd40b4282a1c944a7e4d75d2b,73985,45,2,Player 2: black,ai,Impostor,VOTE,Pink
web_a432c17dd40b4282a1c944a7e4d75d2b,73999,45,2,Player 2: black,ai,Impostor,VOTE_INFLUENCE,
web_a432c17dd40b4282a1c944a7e4d75d2b,74004,45,2,Cyan,human,Crewmate,VOTE,Player 2: black
web_a432c17dd40b4282a1c944a7e4d75d2b,74017,45,2,Pink,human,Crewmate,VOTE,Cyan
web_a432c17dd40b4282a1c944a7e4d75d2b,74024,45,2,Cyan,human,Crewmate,VOTE_INFLUENCE,
web_a432c17dd40b4282a1c944a7e4d75d2b,74038,45,2,Pink,human,Crewmate,VOTE_INFLUENCE,
web_a48f551d76a4415f87050a4b52a7b127,38880,23,1,Black,human,Impostor,PRE_VOTE,Player 4: orange
web_a48f551d76a4415f87050a4b52a7b127,38883,23,1,Player 5: cyan,ai,Crewmate,PRE_VOTE,
web_a48f551d76a4415f87050a4b52a7b127,38884,23,1,Player 4: orange,ai,Crewmate,PRE_VOTE,
web_a48f551d76a4415f87050a4b52a7b127,38895,23,1,Pink,human,Crewmate,PRE_VOTE,Player 5: cyan
web_a48f551d76a4415f87050a4b52a7b127,39097,23,1,Player 5: cyan,ai,Crewmate,VOTE,Player 4: orange
web_a48f551d76a4415f87050a4b52a7b127,39099,23,1,Player 4: orange,ai,Crewmate,VOTE,
web_a48f551d76a4415f87050a4b52a7b127,39112,23,1,Player 5: cyan,ai,Crewmate,VOTE_INFLUENCE,
web_a48f551d76a4415f87050a4b52a7b127,39113,23,1,Player 4: orange,ai,Crewmate,VOTE_INFLUENCE,
web_a48f551d76a4415f87050a4b52a7b127,39120,23,1,Black,human,Impostor,VOTE,Player 4: orange
web_a48f551d76a4415f87050a4b52a7b127,39135,23,1,Pink,human,Crewmate,VOTE,Player 4: orange
web_a48f551d76a4415f87050a4b52a7b127,39146,23,1,Black,human,Impostor,VOTE_INFLUENCE,
web_a48f551d76a4415f87050a4b52a7b127,39147,23,1,Pink,human,Crewmate,VOTE_INFLUENCE,
web_a555b7917dc0403fb0f3dbe99e12c2e2,9141,38,1,Pink,human,Impostor,PRE_VOTE,
web_a555b7917dc0403fb0f3dbe99e12c2e2,9148,38,1,Player 4: red,ai,Crewmate,PRE_VOTE,
web_a555b7917dc0403fb0f3dbe99e12c2e2,9149,38,1,Player 3: cyan,ai,Crewmate,PRE_VOTE,
web_a555b7917dc0403fb0f3dbe99e12c2e2,9150,38,1,Player 2: yellow,ai,Crewmate,PRE_VOTE,
web_a555b7917dc0403fb0f3dbe99e12c2e2,9383,38,1,Player 4: red,ai,Crewmate,VOTE,
web_a555b7917dc0403fb0f3dbe99e12c2e2,9384,38,1,Player 3: cyan,ai,Crewmate,VOTE,
web_a555b7917dc0403fb0f3dbe99e12c2e2,9385,38,1,Player 2: yellow,ai,Crewmate,VOTE,Pink
web_a555b7917dc0403fb0f3dbe99e12c2e2,9388,38,1,Player 4: red,ai,Crewmate,VOTE_INFLUENCE,
web_a555b7917dc0403fb0f3dbe99e12c2e2,9390,38,1,Player 2: yellow,ai,Crewmate,VOTE_INFLUENCE,
web_a555b7917dc0403fb0f3dbe99e12c2e2,9394,38,1,Player 3: cyan,ai,Crewmate,VOTE_INFLUENCE,
web_a555b7917dc0403fb0f3dbe99e12c2e2,9401,38,1,Pink,human,Impostor,VOTE,Player 3: cyan
web_a555b7917dc0403fb0f3dbe99e12c2e2,9407,38,1,Pink,human,Impostor,VOTE_INFLUENCE,
web_a555b7917dc0403fb0f3dbe99e12c2e2,9430,42,2,Pink,human,Impostor,PRE_VOTE,Player 3: cyan
web_a555b7917dc0403fb0f3dbe99e12c2e2,9431,42,2,Player 2: yellow,ai,Crewmate,PRE_VOTE,
web_a555b7917dc0403fb0f3dbe99e12c2e2,9432,42,2,Player 3: cyan,ai,Crewmate,PRE_VOTE,
web_a555b7917dc0403fb0f3dbe99e12c2e2,9433,42,2,Player 4: red,ai,Crewmate,PRE_VOTE,Pink
web_a555b7917dc0403fb0f3dbe99e12c2e2,9654,42,2,Player 2: yellow,ai,Crewmate,VOTE,Pink
web_a555b7917dc0403fb0f3dbe99e12c2e2,9656,42,2,Player 3: cyan,ai,Crewmate,VOTE,
web_a555b7917dc0403fb0f3dbe99e12c2e2,9658,42,2,Player 4: red,ai,Crewmate,VOTE,
web_a555b7917dc0403fb0f3dbe99e12c2e2,9663,42,2,Player 2: yellow,ai,Crewmate,VOTE_INFLUENCE,
web_a555b7917dc0403fb0f3dbe99e12c2e2,9665,42,2,Player 3: cyan,ai,Crewmate,VOTE_INFLUENCE,
web_a555b7917dc0403fb0f3dbe99e12c2e2,9666,42,2,Player 4: red,ai,Crewmate,VOTE_INFLUENCE,
web_a555b7917dc0403fb0f3dbe99e12c2e2,9677,42,2,Pink,human,Impostor,VOTE,Player 4: red
web_a555b7917dc0403fb0f3dbe99e12c2e2,9711,42,2,Pink,human,Impostor,VOTE_INFLUENCE,
web_a555b7917dc0403fb0f3dbe99e12c2e2,10016,90,3,Player 2: yellow,ai,Crewmate,PRE_VOTE,
web_a555b7917dc0403fb0f3dbe99e12c2e2,10018,90,3,Player 3: cyan,ai,Crewmate,PRE_VOTE,Pink
web_a555b7917dc0403fb0f3dbe99e12c2e2,10021,90,3,Pink,human,Impostor,PRE_VOTE,
web_a555b7917dc0403fb0f3dbe99e12c2e2,10289,90,3,Player 3: cyan,ai,Crewmate,VOTE,Pink
web_a555b7917dc0403fb0f3dbe99e12c2e2,10290,90,3,Player 2: yellow,ai,Crewmate,VOTE,Pink
web_a555b7917dc0403fb0f3dbe99e12c2e2,10304,90,3,Player 3: cyan,ai,Crewmate,VOTE_INFLUENCE,
web_a555b7917dc0403fb0f3dbe99e12c2e2,10305,90,3,Player 2: yellow,ai,Crewmate,VOTE_INFLUENCE,
web_a555b7917dc0403fb0f3dbe99e12c2e2,10308,90,3,Pink,human,Impostor,VOTE,Player 3: cyan
web_a555b7917dc0403fb0f3dbe99e12c2e2,10354,90,3,Pink,human,Impostor,VOTE_INFLUENCE,
web_a595ff2c55d04ffcbf44cd5a33f0ab64,48711,28,1,Player 2: purple,ai,Crewmate,PRE_VOTE,
web_a595ff2c55d04ffcbf44cd5a33f0ab64,48717,28,1,Blue,human,Crewmate,PRE_VOTE,
web_a595ff2c55d04ffcbf44cd5a33f0ab64,48718,28,1,White,human,Crewmate,PRE_VOTE,
web_a595ff2c55d04ffcbf44cd5a33f0ab64,48721,28,1,Brown,human,Impostor,PRE_VOTE,Blue
web_a595ff2c55d04ffcbf44cd5a33f0ab64,48722,28,1,Cyan,human,Crewmate,PRE_VOTE,
web_a595ff2c55d04ffcbf44cd5a33f0ab64,49005,28,1,Player 2: purple,ai,Crewmate,VOTE,
web_a595ff2c55d04ffcbf44cd5a33f0ab64,49008,28,1,Player 2: purple,ai,Crewmate,VOTE_INFLUENCE,
web_a595ff2c55d04ffcbf44cd5a33f0ab64,49014,28,1,Blue,human,Crewmate,VOTE,Brown
web_a595ff2c55d04ffcbf44cd5a33f0ab64,49017,28,1,Brown,human,Impostor,VOTE,Blue
web_a595ff2c55d04ffcbf44cd5a33f0ab64,49024,28,1,White,human,Crewmate,VOTE,Blue
web_a595ff2c55d04ffcbf44cd5a33f0ab64,49026,28,1,Cyan,human,Crewmate,VOTE,Brown
web_a595ff2c55d04ffcbf44cd5a33f0ab64,49039,28,1,Brown,human,Impostor,VOTE_INFLUENCE,
web_a595ff2c55d04ffcbf44cd5a33f0ab64,49040,28,1,White,human,Crewmate,VOTE_INFLUENCE,
web_a595ff2c55d04ffcbf44cd5a33f0ab64,49044,28,1,Blue,human,Crewmate,VOTE_INFLUENCE,
web_a595ff2c55d04ffcbf44cd5a33f0ab64,49051,28,1,Cyan,human,Crewmate,VOTE_INFLUENCE,
web_a595ff2c55d04ffcbf44cd5a33f0ab64,49508,103,2,White,human,Crewmate,PRE_VOTE,Brown
web_a595ff2c55d04ffcbf44cd5a33f0ab64,49509,103,2,Brown,human,Impostor,PRE_VOTE,White
web_a595ff2c55d04ffcbf44cd5a33f0ab64,49514,103,2,Cyan,human,Crewmate,PRE_VOTE,Brown
web_a595ff2c55d04ffcbf44cd5a33f0ab64,49750,103,2,Brown,human,Impostor,VOTE,Cyan
web_a595ff2c55d04ffcbf44cd5a33f0ab64,49752,103,2,White,human,Crewmate,VOTE,Brown
web_a595ff2c55d04ffcbf44cd5a33f0ab64,49754,103,2,Cyan,human,Crewmate,VOTE,White
web_a595ff2c55d04ffcbf44cd5a33f0ab64,49765,103,2,White,human,Crewmate,VOTE_INFLUENCE,
web_a595ff2c55d04ffcbf44cd5a33f0ab64,49770,103,2,Brown,human,Impostor,VOTE_INFLUENCE,
web_a595ff2c55d04ffcbf44cd5a33f0ab64,49772,103,2,Cyan,human,Crewmate,VOTE_INFLUENCE,
web_a84e54d7400148019644a9b8d3d48f81,17247,11,1,Player 5: yellow,ai,Crewmate,PRE_VOTE,
web_a84e54d7400148019644a9b8d3d48f81,17254,11,1,Player 4: lime,ai,Impostor,PRE_VOTE,
web_a84e54d7400148019644a9b8d3d48f81,17256,11,1,Blue,human,Crewmate,PRE_VOTE,Orange
web_a84e54d7400148019644a9b8d3d48f81,17257,11,1,Orange,human,Crewmate,PRE_VOTE,Blue
web_a84e54d7400148019644a9b8d3d48f81,17258,11,1,Black,human,Crewmate,PRE_VOTE,Player 5: yellow
web_a84e54d7400148019644a9b8d3d48f81,17379,11,1,Player 5: yellow,ai,Crewmate,VOTE,Blue
web_a84e54d7400148019644a9b8d3d48f81,17380,11,1,Player 4: lime,ai,Impostor,VOTE,Blue
web_a84e54d7400148019644a9b8d3d48f81,17387,11,1,Player 5: yellow,ai,Crewmate,VOTE_INFLUENCE,
web_a84e54d7400148019644a9b8d3d48f81,17390,11,1,Player 4: lime,ai,Impostor,VOTE_INFLUENCE,
web_a84e54d7400148019644a9b8d3d48f81,17391,11,1,Orange,human,Crewmate,VOTE,Blue
web_a84e54d7400148019644a9b8d3d48f81,17401,11,1,Black,human,Crewmate,VOTE,Blue
web_a84e54d7400148019644a9b8d3d48f81,17407,11,1,Orange,human,Crewmate,VOTE_INFLUENCE,
web_a84e54d7400148019644a9b8d3d48f81,17410,11,1,Blue,human,Crewmate,VOTE,Player 4: lime
web_a84e54d7400148019644a9b8d3d48f81,17418,11,1,Black,human,Crewmate,VOTE_INFLUENCE,
web_a84e54d7400148019644a9b8d3d48f81,17419,11,1,Blue,human,Crewmate,VOTE_INFLUENCE,
web_a89933b92d2448079bf11f9812be09a6,67301,12,1,Purple,human,Crewmate,PRE_VOTE,
web_a89933b92d2448079bf11f9812be09a6,67302,12,1,Player 2: yellow,ai,Crewmate,PRE_VOTE,Red
web_a89933b92d2448079bf11f9812be09a6,67303,12,1,Pink,human,Crewmate,PRE_VOTE,
web_a89933b92d2448079bf11f9812be09a6,67305,12,1,Player 5: white,ai,Crewmate,PRE_VOTE,
web_a89933b92d2448079bf11f9812be09a6,67314,12,1,Red,human,Impostor,PRE_VOTE,Red
web_a89933b92d2448079bf11f9812be09a6,67617,12,1,Player 5: white,ai,Crewmate,VOTE,Red
web_a89933b92d2448079bf11f9812be09a6,67619,12,1,Player 2: yellow,ai,Crewmate,VOTE,Red
web_a89933b92d2448079bf11f9812be09a6,67623,12,1,Player 5: white,ai,Crewmate,VOTE_INFLUENCE,
web_a89933b92d2448079bf11f9812be09a6,67626,12,1,Player 2: yellow,ai,Crewmate,VOTE_INFLUENCE,
web_a89933b92d2448079bf11f9812be09a6,67627,12,1,Purple,human,Crewmate,VOTE,Red
web_a89933b92d2448079bf11f9812be09a6,67629,12,1,Pink,human,Crewmate,VOTE,Red
web_a89933b92d2448079bf11f9812be09a6,67640,12,1,Purple,human,Crewmate,VOTE_INFLUENCE,
web_a89933b92d2448079bf11f9812be09a6,67643,12,1,Red,human,Impostor,VOTE,Player 2: yellow
web_a89933b92d2448079bf11f9812be09a6,67648,12,1,Pink,human,Crewmate,VOTE_INFLUENCE,
web_a89933b92d2448079bf11f9812be09a6,67665,12,1,Red,human,Impostor,VOTE_INFLUENCE,
web_a93ccee78a5549a8821a2dd7a50df572,66650,107,1,Orange,human,Crewmate,PRE_VOTE,Player 4: yellow
web_a93ccee78a5549a8821a2dd7a50df572,66651,107,1,Player 4: yellow,ai,Impostor,PRE_VOTE,
web_a93ccee78a5549a8821a2dd7a50df572,66654,107,1,Brown,human,Crewmate,PRE_VOTE,Blue
web_a93ccee78a5549a8821a2dd7a50df572,66656,107,1,Blue,human,Crewmate,PRE_VOTE,Blue
web_a93ccee78a5549a8821a2dd7a50df572,66971,107,1,Player 4: yellow,ai,Impostor,VOTE,
web_a93ccee78a5549a8821a2dd7a50df572,66977,107,1,Player 4: yellow,ai,Impostor,VOTE_INFLUENCE,
web_a93ccee78a5549a8821a2dd7a50df572,66982,107,1,Orange,human,Crewmate,VOTE,Player 4: yellow
web_a93ccee78a5549a8821a2dd7a50df572,66984,107,1,Brown,human,Crewmate,VOTE,Orange
web_a93ccee78a5549a8821a2dd7a50df572,66990,107,1,Blue,human,Crewmate,VOTE,Orange
web_a93ccee78a5549a8821a2dd7a50df572,66993,107,1,Orange,human,Crewmate,VOTE_INFLUENCE,
web_a93ccee78a5549a8821a2dd7a50df572,66994,107,1,Brown,human,Crewmate,VOTE_INFLUENCE,
web_a93ccee78a5549a8821a2dd7a50df572,66995,107,1,Blue,human,Crewmate,VOTE_INFLUENCE,
web_aa5c5483bcab43f2b7c608fc71d01754,78345,1,1,Player 3: orange,ai,Crewmate,PRE_VOTE,
web_aa5c5483bcab43f2b7c608fc71d01754,78346,1,1,Player 5: brown,ai,Crewmate,PRE_VOTE,
web_aa5c5483bcab43f2b7c608fc71d01754,78351,1,1,Player 4: white,ai,Crewmate,PRE_VOTE,
web_aa5c5483bcab43f2b7c608fc71d01754,78353,1,1,Blue,human,Impostor,PRE_VOTE,Player 5: brown
web_aa5c5483bcab43f2b7c608fc71d01754,78358,1,1,Cyan,human,Crewmate,PRE_VOTE,
web_aa5c5483bcab43f2b7c608fc71d01754,78654,1,1,Player 3: orange,ai,Crewmate,VOTE,
web_aa5c5483bcab43f2b7c608fc71d01754,78655,1,1,Player 4: white,ai,Crewmate,VOTE,
web_aa5c5483bcab43f2b7c608fc71d01754,78656,1,1,Player 5: brown,ai,Crewmate,VOTE,
web_aa5c5483bcab43f2b7c608fc71d01754,78665,1,1,Player 4: white,ai,Crewmate,VOTE_INFLUENCE,
web_aa5c5483bcab43f2b7c608fc71d01754,78667,1,1,Player 5: brown,ai,Crewmate,VOTE_INFLUENCE,
web_aa5c5483bcab43f2b7c608fc71d01754,78668,1,1,Player 3: orange,ai,Crewmate,VOTE_INFLUENCE,
web_aa5c5483bcab43f2b7c608fc71d01754,78671,1,1,Blue,human,Impostor,VOTE,Cyan
web_aa5c5483bcab43f2b7c608fc71d01754,78675,1,1,Cyan,human,Crewmate,VOTE,
web_aa5c5483bcab43f2b7c608fc71d01754,78680,1,1,Blue,human,Impostor,VOTE_INFLUENCE,
web_aa5c5483bcab43f2b7c608fc71d01754,78688,1,1,Cyan,human,Crewmate,VOTE_INFLUENCE,
web_aa5c5483bcab43f2b7c608fc71d01754,78908,21,2,Player 4: white,ai,Crewmate,PRE_VOTE,Blue
web_aa5c5483bcab43f2b7c608fc71d01754,78914,21,2,Player 3: orange,ai,Crewmate,PRE_VOTE,Blue
web_aa5c5483bcab43f2b7c608fc71d01754,78919,21,2,Blue,human,Impostor,PRE_VOTE,
web_aa5c5483bcab43f2b7c608fc71d01754,79105,21,2,Player 3: orange,ai,Crewmate,VOTE,Blue
web_aa5c5483bcab43f2b7c608fc71d01754,79107,21,2,Player 4: white,ai,Crewmate,VOTE,
web_aa5c5483bcab43f2b7c608fc71d01754,79110,21,2,Player 4: white,ai,Crewmate,VOTE_INFLUENCE,
web_aa5c5483bcab43f2b7c608fc71d01754,79113,21,2,Player 3: orange,ai,Crewmate,VOTE_INFLUENCE,
web_aa5c5483bcab43f2b7c608fc71d01754,79117,21,2,Blue,human,Impostor,VOTE,Player 3: orange
web_aa5c5483bcab43f2b7c608fc71d01754,79122,21,2,Blue,human,Impostor,VOTE_INFLUENCE,
web_aa9628a637124d6aa630f7911d6d5589,24732,24,1,White,human,Crewmate,PRE_VOTE,Lime
web_aa9628a637124d6aa630f7911d6d5589,24735,24,1,Yellow,human,Crewmate,PRE_VOTE,Black
web_aa9628a637124d6aa630f7911d6d5589,24738,24,1,Orange,human,Crewmate,PRE_VOTE,Yellow
web_aa9628a637124d6aa630f7911d6d5589,24752,24,1,Black,human,Impostor,PRE_VOTE,
web_aa9628a637124d6aa630f7911d6d5589,24753,24,1,Lime,human,Crewmate,PRE_VOTE,
web_aad846996cbe4916bea2c74192bb4955,13904,25,1,Player 5: green,ai,Crewmate,PRE_VOTE,Player 3: brown
web_aad846996cbe4916bea2c74192bb4955,13905,25,1,Player 4: red,ai,Crewmate,PRE_VOTE,Player 3: brown
web_aad846996cbe4916bea2c74192bb4955,13906,25,1,Player 3: brown,ai,Impostor,PRE_VOTE,
web_aad846996cbe4916bea2c74192bb4955,13907,25,1,Player 2: purple,ai,Crewmate,PRE_VOTE,
web_aad846996cbe4916bea2c74192bb4955,13944,25,1,Player 4: red,ai,Crewmate,VOTE,Player 3: brown
web_aad846996cbe4916bea2c74192bb4955,13945,25,1,Player 2: purple,ai,Crewmate,VOTE,
web_aad846996cbe4916bea2c74192bb4955,13946,25,1,Player 5: green,ai,Crewmate,VOTE,
web_aad846996cbe4916bea2c74192bb4955,13948,25,1,Player 3: brown,ai,Impostor,VOTE,Player 4: red
web_aad846996cbe4916bea2c74192bb4955,13950,25,1,Player 4: red,ai,Crewmate,VOTE_INFLUENCE,
web_aad846996cbe4916bea2c74192bb4955,13951,25,1,Player 3: brown,ai,Impostor,VOTE_INFLUENCE,
web_aad846996cbe4916bea2c74192bb4955,13952,25,1,Player 2: purple,ai,Crewmate,VOTE_INFLUENCE,
web_aad846996cbe4916bea2c74192bb4955,13953,25,1,Player 5: green,ai,Crewmate,VOTE_INFLUENCE,
web_aad846996cbe4916bea2c74192bb4955,13966,29,2,Player 5: green,ai,Crewmate,PRE_VOTE,Player 3: brown
web_aad846996cbe4916bea2c74192bb4955,13967,29,2,Player 2: purple,ai,Crewmate,PRE_VOTE,
web_aad846996cbe4916bea2c74192bb4955,13968,29,2,Player 4: red,ai,Crewmate,PRE_VOTE,Player 3: brown
web_aad846996cbe4916bea2c74192bb4955,13971,29,2,Player 3: brown,ai,Impostor,PRE_VOTE,
web_aad846996cbe4916bea2c74192bb4955,14039,29,2,Player 3: brown,ai,Impostor,VOTE,Player 5: green
web_aad846996cbe4916bea2c74192bb4955,14040,29,2,Player 4: red,ai,Crewmate,VOTE,
web_aad846996cbe4916bea2c74192bb4955,14041,29,2,Player 5: green,ai,Crewmate,VOTE,Player 3: brown
web_aad846996cbe4916bea2c74192bb4955,14042,29,2,Player 2: purple,ai,Crewmate,VOTE,
web_aad846996cbe4916bea2c74192bb4955,14043,29,2,Player 4: red,ai,Crewmate,VOTE_INFLUENCE,
web_aad846996cbe4916bea2c74192bb4955,14044,29,2,Player 3: brown,ai,Impostor,VOTE_INFLUENCE,
web_aad846996cbe4916bea2c74192bb4955,14045,29,2,Player 5: green,ai,Crewmate,VOTE_INFLUENCE,
web_aad846996cbe4916bea2c74192bb4955,14047,29,2,Player 2: purple,ai,Crewmate,VOTE_INFLUENCE,
web_aad846996cbe4916bea2c74192bb4955,14286,88,3,Player 4: red,ai,Crewmate,PRE_VOTE,
web_aad846996cbe4916bea2c74192bb4955,14287,88,3,Player 2: purple,ai,Crewmate,PRE_VOTE,
web_aad846996cbe4916bea2c74192bb4955,14288,88,3,Player 3: brown,ai,Impostor,PRE_VOTE,
web_aad846996cbe4916bea2c74192bb4955,14380,88,3,Player 4: red,ai,Crewmate,VOTE,Player 3: brown
web_aad846996cbe4916bea2c74192bb4955,14381,88,3,Player 2: purple,ai,Crewmate,VOTE,
web_aad846996cbe4916bea2c74192bb4955,14382,88,3,Player 3: brown,ai,Impostor,VOTE,Player 4: red
web_aad846996cbe4916bea2c74192bb4955,14385,88,3,Player 4: red,ai,Crewmate,VOTE_INFLUENCE,
web_aad846996cbe4916bea2c74192bb4955,14386,88,3,Player 2: purple,ai,Crewmate,VOTE_INFLUENCE,
web_aad846996cbe4916bea2c74192bb4955,14387,88,3,Player 3: brown,ai,Impostor,VOTE_INFLUENCE,
web_ab73148b78984744954c9c1f469de935,84539,29,1,Brown,human,Crewmate,PRE_VOTE,Player 2: blue
web_ab73148b78984744954c9c1f469de935,84540,29,1,Player 3: black,ai,Crewmate,PRE_VOTE,
web_ab73148b78984744954c9c1f469de935,84541,29,1,Player 4: pink,ai,Crewmate,PRE_VOTE,
web_ab73148b78984744954c9c1f469de935,84543,29,1,Player 2: blue,ai,Crewmate,PRE_VOTE,
web_ab73148b78984744954c9c1f469de935,84544,29,1,Player 5: white,ai,Impostor,PRE_VOTE,
web_ab73148b78984744954c9c1f469de935,84681,29,1,Player 4: pink,ai,Crewmate,VOTE,Brown
web_ab73148b78984744954c9c1f469de935,84682,29,1,Player 3: black,ai,Crewmate,VOTE,Brown
web_ab73148b78984744954c9c1f469de935,84685,29,1,Player 5: white,ai,Impostor,VOTE,Brown
web_ab73148b78984744954c9c1f469de935,84686,29,1,Player 2: blue,ai,Crewmate,VOTE,Brown
web_ab73148b78984744954c9c1f469de935,84687,29,1,Player 4: pink,ai,Crewmate,VOTE_INFLUENCE,
web_ab73148b78984744954c9c1f469de935,84695,29,1,Player 3: black,ai,Crewmate,VOTE_INFLUENCE,
web_ab73148b78984744954c9c1f469de935,84696,29,1,Player 5: white,ai,Impostor,VOTE_INFLUENCE,
web_ab73148b78984744954c9c1f469de935,84697,29,1,Player 2: blue,ai,Crewmate,VOTE_INFLUENCE,
web_ab73148b78984744954c9c1f469de935,84700,29,1,Brown,human,Crewmate,VOTE,Player 2: blue
web_ab73148b78984744954c9c1f469de935,84705,29,1,Brown,human,Crewmate,VOTE_INFLUENCE,
web_ac3ce232f62d4078ba02936f5f416951,37758,85,1,Player 5: brown,ai,Crewmate,PRE_VOTE,
web_ac3ce232f62d4078ba02936f5f416951,37759,85,1,Lime,human,Crewmate,PRE_VOTE,Pink
web_ac3ce232f62d4078ba02936f5f416951,37763,85,1,Pink,human,Crewmate,PRE_VOTE,Blue
web_ac3ce232f62d4078ba02936f5f416951,37767,85,1,Red,human,Impostor,PRE_VOTE,
web_ac3ce232f62d4078ba02936f5f416951,37769,85,1,Blue,human,Crewmate,PRE_VOTE,
web_ac3ce232f62d4078ba02936f5f416951,38001,85,1,Player 5: brown,ai,Crewmate,VOTE,Pink
web_ac3ce232f62d4078ba02936f5f416951,38016,85,1,Player 5: brown,ai,Crewmate,VOTE_INFLUENCE,
web_ac3ce232f62d4078ba02936f5f416951,38021,85,1,Red,human,Impostor,VOTE,Pink
web_ac3ce232f62d4078ba02936f5f416951,38031,85,1,Lime,human,Crewmate,VOTE,Pink
web_ac3ce232f62d4078ba02936f5f416951,38033,85,1,Pink,human,Crewmate,VOTE,
web_ac3ce232f62d4078ba02936f5f416951,38041,85,1,Red,human,Impostor,VOTE_INFLUENCE,
web_ac3ce232f62d4078ba02936f5f416951,38051,85,1,Blue,human,Crewmate,VOTE,Pink
web_ac3ce232f62d4078ba02936f5f416951,38053,85,1,Pink,human,Crewmate,VOTE_INFLUENCE,
web_ac3ce232f62d4078ba02936f5f416951,38054,85,1,Lime,human,Crewmate,VOTE_INFLUENCE,
web_ac3ce232f62d4078ba02936f5f416951,38157,85,1,Blue,human,Crewmate,VOTE_INFLUENCE,
web_ac3ce232f62d4078ba02936f5f416951,38758,162,2,Player 5: brown,ai,Crewmate,PRE_VOTE,
web_ac3ce232f62d4078ba02936f5f416951,38759,162,2,Red,human,Impostor,PRE_VOTE,
web_ac3ce232f62d4078ba02936f5f416951,38769,162,2,Lime,human,Crewmate,PRE_VOTE,Red
web_ac3ce232f62d4078ba02936f5f416951,38776,162,2,Blue,human,Crewmate,PRE_VOTE,
web_ac3ce232f62d4078ba02936f5f416951,38974,162,2,Player 5: brown,ai,Crewmate,VOTE,
web_ac3ce232f62d4078ba02936f5f416951,38976,162,2,Player 5: brown,ai,Crewmate,VOTE_INFLUENCE,
web_ac3ce232f62d4078ba02936f5f416951,38980,162,2,Lime,human,Crewmate,VOTE,Red
web_ac3ce232f62d4078ba02936f5f416951,38984,162,2,Lime,human,Crewmate,VOTE_INFLUENCE,
web_ac3ce232f62d4078ba02936f5f416951,38986,162,2,Red,human,Impostor,VOTE,Player 5: brown
web_ac3ce232f62d4078ba02936f5f416951,38990,162,2,Red,human,Impostor,VOTE_INFLUENCE,
web_ac3ce232f62d4078ba02936f5f416951,39002,162,2,Blue,human,Crewmate,VOTE_INFLUENCE,
web_ac3ce232f62d4078ba02936f5f416951,39003,162,2,Blue,human,Crewmate,VOTE,
web_acac9e6675e144f492b9777b04203952,52656,131,1,Blue,human,Crewmate,PRE_VOTE,Player 3: yellow
web_acac9e6675e144f492b9777b04203952,52658,131,1,Player 3: yellow,ai,Impostor,PRE_VOTE,Blue
web_acac9e6675e144f492b9777b04203952,52661,131,1,Cyan,human,Crewmate,PRE_VOTE,Cyan
web_acac9e6675e144f492b9777b04203952,52916,131,1,Player 3: yellow,ai,Impostor,VOTE,Blue
web_acac9e6675e144f492b9777b04203952,52929,131,1,Player 3: yellow,ai,Impostor,VOTE_INFLUENCE,
web_acac9e6675e144f492b9777b04203952,52940,131,1,Blue,human,Crewmate,VOTE,Player 3: yellow
web_acac9e6675e144f492b9777b04203952,52964,131,1,Blue,human,Crewmate,VOTE_INFLUENCE,
web_acac9e6675e144f492b9777b04203952,52972,131,1,Cyan,human,Crewmate,VOTE,
web_acac9e6675e144f492b9777b04203952,53015,131,1,Cyan,human,Crewmate,VOTE_INFLUENCE,
web_acac9e6675e144f492b9777b04203952,53106,136,2,Blue,human,Crewmate,PRE_VOTE,Player 3: yellow
web_acac9e6675e144f492b9777b04203952,53114,136,2,Player 3: yellow,ai,Impostor,PRE_VOTE,Blue
web_acac9e6675e144f492b9777b04203952,53125,136,2,Cyan,human,Crewmate,PRE_VOTE,Cyan
web_acac9e6675e144f492b9777b04203952,53449,136,2,Player 3: yellow,ai,Impostor,VOTE,Blue
web_acac9e6675e144f492b9777b04203952,53452,136,2,Player 3: yellow,ai,Impostor,VOTE_INFLUENCE,
web_acac9e6675e144f492b9777b04203952,53456,136,2,Blue,human,Crewmate,VOTE,Player 3: yellow
web_acac9e6675e144f492b9777b04203952,53458,136,2,Cyan,human,Crewmate,VOTE,Blue
web_acac9e6675e144f492b9777b04203952,53465,136,2,Blue,human,Crewmate,VOTE_INFLUENCE,
web_acac9e6675e144f492b9777b04203952,53473,136,2,Cyan,human,Crewmate,VOTE_INFLUENCE,
web_acbbef5648c5404c97170b2d0584bacb,70112,101,1,Player 2: white,ai,Crewmate,PRE_VOTE,
web_acbbef5648c5404c97170b2d0584bacb,70118,101,1,Player 3: red,ai,Impostor,PRE_VOTE,
web_acbbef5648c5404c97170b2d0584bacb,70137,101,1,Yellow,human,Crewmate,PRE_VOTE,Yellow
web_acbbef5648c5404c97170b2d0584bacb,70484,101,1,Player 3: red,ai,Impostor,VOTE,
web_acbbef5648c5404c97170b2d0584bacb,70493,101,1,Player 2: white,ai,Crewmate,VOTE,
web_acbbef5648c5404c97170b2d0584bacb,70508,101,1,Player 3: red,ai,Impostor,VOTE_INFLUENCE,
web_acbbef5648c5404c97170b2d0584bacb,70512,101,1,Player 2: white,ai,Crewmate,VOTE_INFLUENCE,
web_acbbef5648c5404c97170b2d0584bacb,70536,101,1,Yellow,human,Crewmate,VOTE,Player 2: white
web_acbbef5648c5404c97170b2d0584bacb,70585,101,1,Yellow,human,Crewmate,VOTE_INFLUENCE,
web_ad26303b67b54945ba2b0dab7754a88d,16265,30,1,Red,human,Impostor,PRE_VOTE,
web_ad26303b67b54945ba2b0dab7754a88d,16266,30,1,Brown,human,Crewmate,PRE_VOTE,Green
web_ad26303b67b54945ba2b0dab7754a88d,16267,30,1,Pink,human,Crewmate,PRE_VOTE,
web_ad26303b67b54945ba2b0dab7754a88d,16268,30,1,Green,human,Crewmate,PRE_VOTE,Green
web_ad26303b67b54945ba2b0dab7754a88d,16269,30,1,Black,human,Crewmate,PRE_VOTE,
web_ad26303b67b54945ba2b0dab7754a88d,16391,30,1,Green,human,Crewmate,VOTE,Brown
web_ad26303b67b54945ba2b0dab7754a88d,16395,30,1,Red,human,Impostor,VOTE,
web_ad26303b67b54945ba2b0dab7754a88d,16397,30,1,Brown,human,Crewmate,VOTE,Green
web_ad26303b67b54945ba2b0dab7754a88d,16401,30,1,Pink,human,Crewmate,VOTE,Green
web_ad26303b67b54945ba2b0dab7754a88d,16403,30,1,Red,human,Impostor,VOTE_INFLUENCE,
web_ad26303b67b54945ba2b0dab7754a88d,16404,30,1,Brown,human,Crewmate,VOTE_INFLUENCE,
web_ad26303b67b54945ba2b0dab7754a88d,16409,30,1,Pink,human,Crewmate,VOTE_INFLUENCE,
web_ad26303b67b54945ba2b0dab7754a88d,16411,30,1,Green,human,Crewmate,VOTE_INFLUENCE,
web_ad26303b67b54945ba2b0dab7754a88d,16477,45,2,Pink,human,Crewmate,PRE_VOTE,Red
web_ad26303b67b54945ba2b0dab7754a88d,16483,45,2,Brown,human,Crewmate,PRE_VOTE,Pink
web_ad26303b67b54945ba2b0dab7754a88d,16484,45,2,Red,human,Impostor,PRE_VOTE,
web_ad26303b67b54945ba2b0dab7754a88d,16610,45,2,Pink,human,Crewmate,VOTE,Red
web_ad26303b67b54945ba2b0dab7754a88d,16614,45,2,Pink,human,Crewmate,VOTE_INFLUENCE,
web_ad26303b67b54945ba2b0dab7754a88d,16617,45,2,Red,human,Impostor,VOTE,Brown
web_ad26303b67b54945ba2b0dab7754a88d,16619,45,2,Brown,human,Crewmate,VOTE,Pink
web_ad26303b67b54945ba2b0dab7754a88d,16627,45,2,Red,human,Impostor,VOTE_INFLUENCE,
web_ad26303b67b54945ba2b0dab7754a88d,16631,45,2,Brown,human,Crewmate,VOTE_INFLUENCE,
web_ad4e3a4a00714bcb97ffde41e7025cd0,13434,3,1,Player 5: lime,ai,Crewmate,PRE_VOTE,Green
web_ad4e3a4a00714bcb97ffde41e7025cd0,13435,3,1,Pink,human,Crewmate,PRE_VOTE,
web_ad4e3a4a00714bcb97ffde41e7025cd0,13436,3,1,Purple,human,Crewmate,PRE_VOTE,
web_ad4e3a4a00714bcb97ffde41e7025cd0,13437,3,1,Green,human,Impostor,PRE_VOTE,
web_adc7f592b85442f4be1743c4b9871ce1,39234,29,1,Player 5: cyan,ai,Crewmate,PRE_VOTE,
web_adc7f592b85442f4be1743c4b9871ce1,39235,29,1,Player 3: black,ai,Impostor,PRE_VOTE,
web_adc7f592b85442f4be1743c4b9871ce1,39236,29,1,White,human,Crewmate,PRE_VOTE,
web_adc7f592b85442f4be1743c4b9871ce1,39252,29,1,Pink,human,Crewmate,PRE_VOTE,Player 5: cyan
web_adc7f592b85442f4be1743c4b9871ce1,39511,29,1,Player 5: cyan,ai,Crewmate,VOTE,Player 3: black
web_adc7f592b85442f4be1743c4b9871ce1,39512,29,1,Player 3: black,ai,Impostor,VOTE,Player 5: cyan
web_adc7f592b85442f4be1743c4b9871ce1,39520,29,1,Player 5: cyan,ai,Crewmate,VOTE_INFLUENCE,
web_adc7f592b85442f4be1743c4b9871ce1,39521,29,1,Player 3: black,ai,Impostor,VOTE_INFLUENCE,
web_adc7f592b85442f4be1743c4b9871ce1,39526,29,1,Pink,human,Crewmate,VOTE,Player 3: black
web_adc7f592b85442f4be1743c4b9871ce1,39528,29,1,White,human,Crewmate,VOTE,Player 3: black
web_adc7f592b85442f4be1743c4b9871ce1,39535,29,1,Pink,human,Crewmate,VOTE_INFLUENCE,
web_adc7f592b85442f4be1743c4b9871ce1,39538,29,1,White,human,Crewmate,VOTE_INFLUENCE,
web_ae2271ef83a74f43a6a49af94dae5aed,73785,95,1,Player 5: brown,ai,Crewmate,PRE_VOTE,Player 4: orange
web_ae2271ef83a74f43a6a49af94dae5aed,73788,95,1,Red,human,Crewmate,PRE_VOTE,Player 4: orange
web_ae2271ef83a74f43a6a49af94dae5aed,73797,95,1,Player 2: green,ai,Crewmate,PRE_VOTE,
web_ae2271ef83a74f43a6a49af94dae5aed,73798,95,1,Player 4: orange,ai,Impostor,PRE_VOTE,
web_ae2271ef83a74f43a6a49af94dae5aed,73812,95,1,Purple,human,Crewmate,PRE_VOTE,Red
web_ae2271ef83a74f43a6a49af94dae5aed,74213,95,1,Player 2: green,ai,Crewmate,VOTE,
web_ae2271ef83a74f43a6a49af94dae5aed,74214,95,1,Player 4: orange,ai,Impostor,VOTE,Player 5: brown
web_ae2271ef83a74f43a6a49af94dae5aed,74218,95,1,Player 5: brown,ai,Crewmate,VOTE,
web_ae2271ef83a74f43a6a49af94dae5aed,74227,95,1,Player 5: brown,ai,Crewmate,VOTE_INFLUENCE,
web_ae2271ef83a74f43a6a49af94dae5aed,74229,95,1,Player 4: orange,ai,Impostor,VOTE_INFLUENCE,
web_ae2271ef83a74f43a6a49af94dae5aed,74231,95,1,Player 2: green,ai,Crewmate,VOTE_INFLUENCE,
web_ae2271ef83a74f43a6a49af94dae5aed,74233,95,1,Red,human,Crewmate,VOTE,Player 5: brown
web_ae2271ef83a74f43a6a49af94dae5aed,74235,95,1,Purple,human,Crewmate,VOTE,Player 5: brown
web_ae2271ef83a74f43a6a49af94dae5aed,74241,95,1,Red,human,Crewmate,VOTE_INFLUENCE,
web_ae2271ef83a74f43a6a49af94dae5aed,74249,95,1,Purple,human,Crewmate,VOTE_INFLUENCE,
web_ae2271ef83a74f43a6a49af94dae5aed,74287,97,2,Red,human,Crewmate,PRE_VOTE,Player 4: orange
web_ae2271ef83a74f43a6a49af94dae5aed,74296,97,2,Player 2: green,ai,Crewmate,PRE_VOTE,
web_ae2271ef83a74f43a6a49af94dae5aed,74303,97,2,Player 4: orange,ai,Impostor,PRE_VOTE,
web_ae2271ef83a74f43a6a49af94dae5aed,74307,97,2,Purple,human,Crewmate,PRE_VOTE,
web_ae2271ef83a74f43a6a49af94dae5aed,74693,97,2,Player 4: orange,ai,Impostor,VOTE,Red
web_ae2271ef83a74f43a6a49af94dae5aed,74694,97,2,Player 2: green,ai,Crewmate,VOTE,
web_ae2271ef83a74f43a6a49af94dae5aed,74701,97,2,Player 2: green,ai,Crewmate,VOTE_INFLUENCE,
web_ae2271ef83a74f43a6a49af94dae5aed,74704,97,2,Player 4: orange,ai,Impostor,VOTE_INFLUENCE,
web_ae2271ef83a74f43a6a49af94dae5aed,74712,97,2,Red,human,Crewmate,VOTE,Player 4: orange
web_ae2271ef83a74f43a6a49af94dae5aed,74715,97,2,Purple,human,Crewmate,VOTE,Red
web_ae2271ef83a74f43a6a49af94dae5aed,74717,97,2,Red,human,Crewmate,VOTE_INFLUENCE,
web_ae2271ef83a74f43a6a49af94dae5aed,74721,97,2,Purple,human,Crewmate,VOTE_INFLUENCE,
web_ae372a14c46d412aadc97b688e696c8f,18616,127,1,Purple,human,Crewmate,PRE_VOTE,Brown
web_ae372a14c46d412aadc97b688e696c8f,18617,127,1,White,human,Crewmate,PRE_VOTE,Lime
web_ae372a14c46d412aadc97b688e696c8f,18618,127,1,Lime,human,Crewmate,PRE_VOTE,White
web_ae372a14c46d412aadc97b688e696c8f,18619,127,1,Brown,human,Impostor,PRE_VOTE,Purple
web_ae372a14c46d412aadc97b688e696c8f,18620,127,1,Black,human,Crewmate,PRE_VOTE,
web_ae372a14c46d412aadc97b688e696c8f,18668,127,1,Purple,human,Crewmate,VOTE,Brown
web_ae372a14c46d412aadc97b688e696c8f,18671,127,1,Lime,human,Crewmate,VOTE,White
web_ae372a14c46d412aadc97b688e696c8f,18673,127,1,Purple,human,Crewmate,VOTE_INFLUENCE,
web_ae372a14c46d412aadc97b688e696c8f,18677,127,1,Brown,human,Impostor,VOTE,
web_ae372a14c46d412aadc97b688e696c8f,18680,127,1,Black,human,Crewmate,VOTE,Brown
web_ae372a14c46d412aadc97b688e696c8f,18682,127,1,White,human,Crewmate,VOTE,Lime
web_ae372a14c46d412aadc97b688e696c8f,18684,127,1,Brown,human,Impostor,VOTE_INFLUENCE,
web_ae372a14c46d412aadc97b688e696c8f,18687,127,1,White,human,Crewmate,VOTE_INFLUENCE,
web_ae372a14c46d412aadc97b688e696c8f,18688,127,1,Black,human,Crewmate,VOTE_INFLUENCE,
web_ae372a14c46d412aadc97b688e696c8f,18689,127,1,Lime,human,Crewmate,VOTE_INFLUENCE,
web_af718c36ede046bfa782f1c8e7f9dd6a,25824,8,1,Brown,human,Crewmate,PRE_VOTE,
web_af718c36ede046bfa782f1c8e7f9dd6a,25829,8,1,Red,human,Crewmate,PRE_VOTE,
web_af718c36ede046bfa782f1c8e7f9dd6a,25837,8,1,Lime,human,Crewmate,PRE_VOTE,
web_af718c36ede046bfa782f1c8e7f9dd6a,25838,8,1,Purple,human,Impostor,PRE_VOTE,Lime
web_af718c36ede046bfa782f1c8e7f9dd6a,25839,8,1,White,human,Crewmate,PRE_VOTE,Purple
web_af718c36ede046bfa782f1c8e7f9dd6a,26061,8,1,Brown,human,Crewmate,VOTE,Purple
web_af718c36ede046bfa782f1c8e7f9dd6a,26065,8,1,Purple,human,Impostor,VOTE,Lime
web_af718c36ede046bfa782f1c8e7f9dd6a,26067,8,1,White,human,Crewmate,VOTE,Purple
web_af718c36ede046bfa782f1c8e7f9dd6a,26073,8,1,Lime,human,Crewmate,VOTE,White
web_af718c36ede046bfa782f1c8e7f9dd6a,26075,8,1,Red,human,Crewmate,VOTE,Lime
web_af718c36ede046bfa782f1c8e7f9dd6a,26077,8,1,White,human,Crewmate,VOTE_INFLUENCE,
web_af718c36ede046bfa782f1c8e7f9dd6a,26078,8,1,Brown,human,Crewmate,VOTE_INFLUENCE,
web_af718c36ede046bfa782f1c8e7f9dd6a,26087,8,1,Lime,human,Crewmate,VOTE_INFLUENCE,
web_af718c36ede046bfa782f1c8e7f9dd6a,26088,8,1,Purple,human,Impostor,VOTE_INFLUENCE,
web_af718c36ede046bfa782f1c8e7f9dd6a,26105,8,1,Red,human,Crewmate,VOTE_INFLUENCE,
web_af718c36ede046bfa782f1c8e7f9dd6a,26153,13,2,Red,human,Crewmate,PRE_VOTE,
web_af718c36ede046bfa782f1c8e7f9dd6a,26154,13,2,White,human,Crewmate,PRE_VOTE,Purple
web_af718c36ede046bfa782f1c8e7f9dd6a,26163,13,2,Lime,human,Crewmate,PRE_VOTE,
web_af718c36ede046bfa782f1c8e7f9dd6a,26164,13,2,Purple,human,Impostor,PRE_VOTE,
web_af718c36ede046bfa782f1c8e7f9dd6a,26484,13,2,Purple,human,Impostor,VOTE,Red
web_af718c36ede046bfa782f1c8e7f9dd6a,26492,13,2,Purple,human,Impostor,VOTE_INFLUENCE,
web_af718c36ede046bfa782f1c8e7f9dd6a,26493,13,2,White,human,Crewmate,VOTE,Lime
web_af718c36ede046bfa782f1c8e7f9dd6a,26495,13,2,Lime,human,Crewmate,VOTE,Purple
web_af718c36ede046bfa782f1c8e7f9dd6a,26498,13,2,White,human,Crewmate,VOTE_INFLUENCE,
web_af718c36ede046bfa782f1c8e7f9dd6a,26505,13,2,Lime,human,Crewmate,VOTE_INFLUENCE,
web_af718c36ede046bfa782f1c8e7f9dd6a,26508,13,2,Red,human,Crewmate,VOTE,Purple
web_af718c36ede046bfa782f1c8e7f9dd6a,26515,13,2,Red,human,Crewmate,VOTE_INFLUENCE,
web_afb5e2d989dc45a88949139b8254e34b,84501,77,1,Player 5: orange,ai,Crewmate,PRE_VOTE,
web_afb5e2d989dc45a88949139b8254e34b,84504,77,1,Player 3: green,ai,Impostor,PRE_VOTE,
web_afb5e2d989dc45a88949139b8254e34b,84509,77,1,Brown,human,Crewmate,PRE_VOTE,Player 3: green
web_afb5e2d989dc45a88949139b8254e34b,84655,77,1,Player 3: green,ai,Impostor,VOTE,
web_afb5e2d989dc45a88949139b8254e34b,84656,77,1,Player 5: orange,ai,Crewmate,VOTE,
web_afb5e2d989dc45a88949139b8254e34b,84657,77,1,Player 3: green,ai,Impostor,VOTE_INFLUENCE,
web_afb5e2d989dc45a88949139b8254e34b,84658,77,1,Player 5: orange,ai,Crewmate,VOTE_INFLUENCE,
web_afb5e2d989dc45a88949139b8254e34b,84661,77,1,Brown,human,Crewmate,VOTE,Player 5: orange
web_afb5e2d989dc45a88949139b8254e34b,84670,77,1,Brown,human,Crewmate,VOTE_INFLUENCE,
web_afe4ae8124e34197bb385f8a95fbcbca,41176,10,1,Player 3: blue,ai,Crewmate,PRE_VOTE,
web_afe4ae8124e34197bb385f8a95fbcbca,41180,10,1,Orange,human,Impostor,PRE_VOTE,
web_afe4ae8124e34197bb385f8a95fbcbca,41191,10,1,Purple,human,Crewmate,PRE_VOTE,
web_afe4ae8124e34197bb385f8a95fbcbca,41200,10,1,Brown,human,Crewmate,PRE_VOTE,
web_afe4ae8124e34197bb385f8a95fbcbca,41209,10,1,Green,human,Crewmate,PRE_VOTE,
web_afe4ae8124e34197bb385f8a95fbcbca,41373,10,1,Player 3: blue,ai,Crewmate,VOTE,
web_afe4ae8124e34197bb385f8a95fbcbca,41377,10,1,Player 3: blue,ai,Crewmate,VOTE_INFLUENCE,
web_afe4ae8124e34197bb385f8a95fbcbca,41378,10,1,Orange,human,Impostor,VOTE,Brown
web_afe4ae8124e34197bb385f8a95fbcbca,41380,10,1,Purple,human,Crewmate,VOTE,Brown
web_afe4ae8124e34197bb385f8a95fbcbca,41389,10,1,Orange,human,Impostor,VOTE_INFLUENCE,
web_afe4ae8124e34197bb385f8a95fbcbca,41390,10,1,Green,human,Crewmate,VOTE,Orange
web_afe4ae8124e34197bb385f8a95fbcbca,41395,10,1,Purple,human,Crewmate,VOTE_INFLUENCE,
web_afe4ae8124e34197bb385f8a95fbcbca,41396,10,1,Green,human,Crewmate,VOTE_INFLUENCE,
web_afe4ae8124e34197bb385f8a95fbcbca,41399,10,1,Brown,human,Crewmate,VOTE_INFLUENCE,
web_afe4ae8124e34197bb385f8a95fbcbca,41404,10,1,Brown,human,Crewmate,VOTE,
web_afe4ae8124e34197bb385f8a95fbcbca,41432,14,2,Orange,human,Impostor,PRE_VOTE,
web_afe4ae8124e34197bb385f8a95fbcbca,41435,14,2,Player 3: blue,ai,Crewmate,PRE_VOTE,
web_afe4ae8124e34197bb385f8a95fbcbca,41436,14,2,Green,human,Crewmate,PRE_VOTE,Player 3: blue
web_afe4ae8124e34197bb385f8a95fbcbca,41442,14,2,Purple,human,Crewmate,PRE_VOTE,
web_afe4ae8124e34197bb385f8a95fbcbca,41553,14,2,Player 3: blue,ai,Crewmate,VOTE,
web_afe4ae8124e34197bb385f8a95fbcbca,41557,14,2,Player 3: blue,ai,Crewmate,VOTE_INFLUENCE,
web_afe4ae8124e34197bb385f8a95fbcbca,41558,14,2,Orange,human,Impostor,VOTE,Player 3: blue
web_afe4ae8124e34197bb385f8a95fbcbca,41562,14,2,Orange,human,Impostor,VOTE_INFLUENCE,
web_afe4ae8124e34197bb385f8a95fbcbca,41567,14,2,Purple,human,Crewmate,VOTE,Player 3: blue
web_afe4ae8124e34197bb385f8a95fbcbca,41571,14,2,Purple,human,Crewmate,VOTE_INFLUENCE,
web_b22b91f82a0443cbb0febbb1458b3a2e,78920,51,1,Player 2: lime,ai,Impostor,PRE_VOTE,
web_b22b91f82a0443cbb0febbb1458b3a2e,78923,51,1,Player 4: yellow,ai,Crewmate,PRE_VOTE,
web_b22b91f82a0443cbb0febbb1458b3a2e,78924,51,1,Player 3: brown,ai,Crewmate,PRE_VOTE,
web_b22b91f82a0443cbb0febbb1458b3a2e,78931,51,1,Green,human,Crewmate,PRE_VOTE,Player 3: brown
web_b22b91f82a0443cbb0febbb1458b3a2e,79114,51,1,Player 4: yellow,ai,Crewmate,VOTE,
web_b22b91f82a0443cbb0febbb1458b3a2e,79115,51,1,Player 2: lime,ai,Impostor,VOTE,
web_b22b91f82a0443cbb0febbb1458b3a2e,79116,51,1,Player 3: brown,ai,Crewmate,VOTE,
web_b22b91f82a0443cbb0febbb1458b3a2e,79120,51,1,Player 4: yellow,ai,Crewmate,VOTE_INFLUENCE,
web_b22b91f82a0443cbb0febbb1458b3a2e,79121,51,1,Player 2: lime,ai,Impostor,VOTE_INFLUENCE,
web_b22b91f82a0443cbb0febbb1458b3a2e,79128,51,1,Player 3: brown,ai,Crewmate,VOTE_INFLUENCE,
web_b25ecffc495245588619d4f49988e2a0,75781,78,1,Player 4: green,ai,Crewmate,PRE_VOTE,
web_b25ecffc495245588619d4f49988e2a0,75782,78,1,Player 2: pink,ai,Impostor,PRE_VOTE,
web_b25ecffc495245588619d4f49988e2a0,75783,78,1,Player 5: orange,ai,Crewmate,PRE_VOTE,
web_b25ecffc495245588619d4f49988e2a0,75784,78,1,Yellow,human,Crewmate,PRE_VOTE,Yellow
web_b25ecffc495245588619d4f49988e2a0,76298,78,1,Player 2: pink,ai,Impostor,VOTE,
web_b25ecffc495245588619d4f49988e2a0,76302,78,1,Player 5: orange,ai,Crewmate,VOTE,
web_b25ecffc495245588619d4f49988e2a0,76303,78,1,Player 4: green,ai,Crewmate,VOTE,
web_b25ecffc495245588619d4f49988e2a0,76306,78,1,Player 2: pink,ai,Impostor,VOTE_INFLUENCE,
web_b25ecffc495245588619d4f49988e2a0,76317,78,1,Player 5: orange,ai,Crewmate,VOTE_INFLUENCE,
web_b25ecffc495245588619d4f49988e2a0,76324,78,1,Player 4: green,ai,Crewmate,VOTE_INFLUENCE,
web_b25ecffc495245588619d4f49988e2a0,76342,78,1,Yellow,human,Crewmate,VOTE,Player 5: orange
web_b25ecffc495245588619d4f49988e2a0,76353,78,1,Yellow,human,Crewmate,VOTE_INFLUENCE,
web_b29b3607b2cc43058bdac9c8f6c3c137,68312,37,1,Orange,human,Crewmate,PRE_VOTE,Player 2: white
web_b29b3607b2cc43058bdac9c8f6c3c137,68313,37,1,Blue,human,Crewmate,PRE_VOTE,
web_b29b3607b2cc43058bdac9c8f6c3c137,68314,37,1,Player 2: white,ai,Crewmate,PRE_VOTE,
web_b29b3607b2cc43058bdac9c8f6c3c137,68315,37,1,Red,human,Impostor,PRE_VOTE,
web_b29b3607b2cc43058bdac9c8f6c3c137,68580,37,1,Player 2: white,ai,Crewmate,VOTE,
web_b29b3607b2cc43058bdac9c8f6c3c137,68581,37,1,Player 2: white,ai,Crewmate,VOTE_INFLUENCE,
web_b29b3607b2cc43058bdac9c8f6c3c137,68584,37,1,Orange,human,Crewmate,VOTE,Player 2: white
web_b29b3607b2cc43058bdac9c8f6c3c137,68590,37,1,Red,human,Impostor,VOTE,
web_b29b3607b2cc43058bdac9c8f6c3c137,68595,37,1,Blue,human,Crewmate,VOTE,
web_b29b3607b2cc43058bdac9c8f6c3c137,68597,37,1,Orange,human,Crewmate,VOTE_INFLUENCE,
web_b29b3607b2cc43058bdac9c8f6c3c137,68600,37,1,Blue,human,Crewmate,VOTE_INFLUENCE,
web_b29b3607b2cc43058bdac9c8f6c3c137,68601,37,1,Red,human,Impostor,VOTE_INFLUENCE,
web_b31e6fb5aad043ac955a10250c00e755,79665,33,1,Player 3: lime,ai,Crewmate,PRE_VOTE,
web_b31e6fb5aad043ac955a10250c00e755,79667,33,1,Player 4: orange,ai,Impostor,PRE_VOTE,
web_b31e6fb5aad043ac955a10250c00e755,79668,33,1,Player 2: pink,ai,Crewmate,PRE_VOTE,
web_b31e6fb5aad043ac955a10250c00e755,79674,33,1,Blue,human,Crewmate,PRE_VOTE,
web_b31e6fb5aad043ac955a10250c00e755,80066,33,1,Player 4: orange,ai,Impostor,VOTE,
web_b31e6fb5aad043ac955a10250c00e755,80067,33,1,Player 2: pink,ai,Crewmate,VOTE,
web_b31e6fb5aad043ac955a10250c00e755,80069,33,1,Player 3: lime,ai,Crewmate,VOTE,
web_b31e6fb5aad043ac955a10250c00e755,80077,33,1,Player 2: pink,ai,Crewmate,VOTE_INFLUENCE,
web_b31e6fb5aad043ac955a10250c00e755,80079,33,1,Player 3: lime,ai,Crewmate,VOTE_INFLUENCE,
web_b31e6fb5aad043ac955a10250c00e755,80083,33,1,Player 4: orange,ai,Impostor,VOTE_INFLUENCE,
web_b31e6fb5aad043ac955a10250c00e755,80087,33,1,Blue,human,Crewmate,VOTE,Player 3: lime
web_b31e6fb5aad043ac955a10250c00e755,80100,33,1,Blue,human,Crewmate,VOTE_INFLUENCE,
web_b35c1b5358b3447cb7e1ff3b197d2323,53340,53,1,Red,human,Crewmate,PRE_VOTE,Orange
web_b35c1b5358b3447cb7e1ff3b197d2323,53343,53,1,Player 3: white,ai,Impostor,PRE_VOTE,
web_b35c1b5358b3447cb7e1ff3b197d2323,53354,53,1,Black,human,Crewmate,PRE_VOTE,Player 3: white
web_b35c1b5358b3447cb7e1ff3b197d2323,53360,53,1,Orange,human,Crewmate,PRE_VOTE,Player 3: white
web_b35c1b5358b3447cb7e1ff3b197d2323,53569,53,1,Player 3: white,ai,Impostor,VOTE,Orange
web_b35c1b5358b3447cb7e1ff3b197d2323,53584,53,1,Player 3: white,ai,Impostor,VOTE_INFLUENCE,
web_b35c1b5358b3447cb7e1ff3b197d2323,53586,53,1,Red,human,Crewmate,VOTE,Player 3: white
web_b35c1b5358b3447cb7e1ff3b197d2323,53591,53,1,Black,human,Crewmate,VOTE,Player 3: white
web_b35c1b5358b3447cb7e1ff3b197d2323,53593,53,1,Orange,human,Crewmate,VOTE,Player 3: white
web_b35c1b5358b3447cb7e1ff3b197d2323,53596,53,1,Red,human,Crewmate,VOTE_INFLUENCE,
web_b35c1b5358b3447cb7e1ff3b197d2323,53624,53,1,Orange,human,Crewmate,VOTE_INFLUENCE,
web_b35c1b5358b3447cb7e1ff3b197d2323,53635,53,1,Black,human,Crewmate,VOTE_INFLUENCE,
web_b3f4e2afddae46a29a98b3ea26e70de3,25611,68,1,Brown,human,Crewmate,PRE_VOTE,Yellow
web_b3f4e2afddae46a29a98b3ea26e70de3,25616,68,1,Cyan,human,Crewmate,PRE_VOTE,
web_b3f4e2afddae46a29a98b3ea26e70de3,25617,68,1,Yellow,human,Impostor,PRE_VOTE,White
web_b3f4e2afddae46a29a98b3ea26e70de3,25622,68,1,White,human,Crewmate,PRE_VOTE,Yellow
web_b3f4e2afddae46a29a98b3ea26e70de3,25625,68,1,Orange,human,Crewmate,PRE_VOTE,White
web_b3f4e2afddae46a29a98b3ea26e70de3,25866,68,1,Brown,human,Crewmate,VOTE,Yellow
web_b3f4e2afddae46a29a98b3ea26e70de3,25868,68,1,Yellow,human,Impostor,VOTE,
web_b3f4e2afddae46a29a98b3ea26e70de3,25870,68,1,Cyan,human,Crewmate,VOTE,
web_b3f4e2afddae46a29a98b3ea26e70de3,25872,68,1,Yellow,human,Impostor,VOTE_INFLUENCE,
web_b3f4e2afddae46a29a98b3ea26e70de3,25879,68,1,White,human,Crewmate,VOTE,
web_b3f4e2afddae46a29a98b3ea26e70de3,25881,68,1,Brown,human,Crewmate,VOTE_INFLUENCE,
web_b3f4e2afddae46a29a98b3ea26e70de3,25884,68,1,Cyan,human,Crewmate,VOTE_INFLUENCE,
web_b3f4e2afddae46a29a98b3ea26e70de3,25885,68,1,White,human,Crewmate,VOTE_INFLUENCE,
web_b3f4e2afddae46a29a98b3ea26e70de3,25886,68,1,Orange,human,Crewmate,VOTE,White
web_b3f4e2afddae46a29a98b3ea26e70de3,25935,68,1,Orange,human,Crewmate,VOTE_INFLUENCE,
web_b3f4e2afddae46a29a98b3ea26e70de3,25973,74,2,Brown,human,Crewmate,PRE_VOTE,Yellow
web_b3f4e2afddae46a29a98b3ea26e70de3,25976,74,2,Cyan,human,Crewmate,PRE_VOTE,Brown
web_b3f4e2afddae46a29a98b3ea26e70de3,25979,74,2,Yellow,human,Impostor,PRE_VOTE,
web_b3f4e2afddae46a29a98b3ea26e70de3,25989,74,2,Orange,human,Crewmate,PRE_VOTE,Yellow
web_b3f4e2afddae46a29a98b3ea26e70de3,25992,74,2,White,human,Crewmate,PRE_VOTE,Yellow
web_b3f4e2afddae46a29a98b3ea26e70de3,26302,74,2,Cyan,human,Crewmate,VOTE,Yellow
web_b3f4e2afddae46a29a98b3ea26e70de3,26304,74,2,Brown,human,Crewmate,VOTE,Yellow
web_b3f4e2afddae46a29a98b3ea26e70de3,26312,74,2,Yellow,human,Impostor,VOTE,Brown
web_b3f4e2afddae46a29a98b3ea26e70de3,26314,74,2,Cyan,human,Crewmate,VOTE_INFLUENCE,
web_b3f4e2afddae46a29a98b3ea26e70de3,26315,74,2,Orange,human,Crewmate,VOTE,Yellow
web_b3f4e2afddae46a29a98b3ea26e70de3,26319,74,2,Brown,human,Crewmate,VOTE_INFLUENCE,
web_b3f4e2afddae46a29a98b3ea26e70de3,26322,74,2,White,human,Crewmate,VOTE,Yellow
web_b3f4e2afddae46a29a98b3ea26e70de3,26330,74,2,Yellow,human,Impostor,VOTE_INFLUENCE,
web_b3f4e2afddae46a29a98b3ea26e70de3,26336,74,2,White,human,Crewmate,VOTE_INFLUENCE,
web_b3f4e2afddae46a29a98b3ea26e70de3,26347,74,2,Orange,human,Crewmate,VOTE_INFLUENCE,
web_b4b481d459a04211b255e4ab7d492c09,12733,32,1,Lime,human,Impostor,PRE_VOTE,Player 3: blue
web_b4b481d459a04211b255e4ab7d492c09,12734,32,1,Player 3: blue,ai,Crewmate,PRE_VOTE,
web_b4b481d459a04211b255e4ab7d492c09,12735,32,1,Player 2: white,ai,Crewmate,PRE_VOTE,
web_b4b481d459a04211b255e4ab7d492c09,12736,32,1,Player 5: pink,ai,Crewmate,PRE_VOTE,Lime
web_b4b481d459a04211b255e4ab7d492c09,12755,32,1,Player 2: white,ai,Crewmate,VOTE,
web_b4b481d459a04211b255e4ab7d492c09,12756,32,1,Player 3: blue,ai,Crewmate,VOTE,Lime
web_b4b481d459a04211b255e4ab7d492c09,12757,32,1,Player 5: pink,ai,Crewmate,VOTE,
web_b4b481d459a04211b255e4ab7d492c09,12758,32,1,Player 2: white,ai,Crewmate,VOTE_INFLUENCE,
web_b4b481d459a04211b255e4ab7d492c09,12759,32,1,Player 3: blue,ai,Crewmate,VOTE_INFLUENCE,
web_b4b481d459a04211b255e4ab7d492c09,12760,32,1,Player 5: pink,ai,Crewmate,VOTE_INFLUENCE,
web_b4b481d459a04211b255e4ab7d492c09,12761,32,1,Lime,human,Impostor,VOTE,Player 5: pink
web_b4b481d459a04211b255e4ab7d492c09,12763,32,1,Lime,human,Impostor,VOTE_INFLUENCE,
web_b4b481d459a04211b255e4ab7d492c09,12772,35,2,Lime,human,Impostor,PRE_VOTE,
web_b4b481d459a04211b255e4ab7d492c09,12773,35,2,Player 5: pink,ai,Crewmate,PRE_VOTE,Lime
web_b4b481d459a04211b255e4ab7d492c09,12774,35,2,Player 2: white,ai,Crewmate,PRE_VOTE,
web_b4b481d459a04211b255e4ab7d492c09,12775,35,2,Player 3: blue,ai,Crewmate,PRE_VOTE,Lime
web_b4b481d459a04211b255e4ab7d492c09,12796,35,2,Player 3: blue,ai,Crewmate,VOTE,Lime
web_b4b481d459a04211b255e4ab7d492c09,12797,35,2,Player 5: pink,ai,Crewmate,VOTE,
web_b4b481d459a04211b255e4ab7d492c09,12798,35,2,Player 2: white,ai,Crewmate,VOTE,Lime
web_b4b481d459a04211b255e4ab7d492c09,12799,35,2,Player 3: blue,ai,Crewmate,VOTE_INFLUENCE,
web_b4b481d459a04211b255e4ab7d492c09,12800,35,2,Player 5: pink,ai,Crewmate,VOTE_INFLUENCE,
web_b4b481d459a04211b255e4ab7d492c09,12801,35,2,Player 2: white,ai,Crewmate,VOTE_INFLUENCE,
web_b4b481d459a04211b255e4ab7d492c09,12802,35,2,Lime,human,Impostor,VOTE,Player 5: pink
web_b4b481d459a04211b255e4ab7d492c09,12804,35,2,Lime,human,Impostor,VOTE_INFLUENCE,
web_b564af9f02cf4b64bf7584ac0cc2aefc,77192,143,1,Player 5: purple,ai,Crewmate,PRE_VOTE,
web_b564af9f02cf4b64bf7584ac0cc2aefc,77195,143,1,Player 3: brown,ai,Crewmate,PRE_VOTE,
web_b564af9f02cf4b64bf7584ac0cc2aefc,77199,143,1,Blue,human,Crewmate,PRE_VOTE,Player 3: brown
web_b564af9f02cf4b64bf7584ac0cc2aefc,77242,143,1,Yellow,human,Impostor,PRE_VOTE,
web_b564af9f02cf4b64bf7584ac0cc2aefc,77648,143,1,Player 5: purple,ai,Crewmate,VOTE,Blue
web_b564af9f02cf4b64bf7584ac0cc2aefc,77649,143,1,Player 3: brown,ai,Crewmate,VOTE,
web_b564af9f02cf4b64bf7584ac0cc2aefc,77655,143,1,Player 3: brown,ai,Crewmate,VOTE_INFLUENCE,
web_b564af9f02cf4b64bf7584ac0cc2aefc,77659,143,1,Player 5: purple,ai,Crewmate,VOTE_INFLUENCE,
web_b564af9f02cf4b64bf7584ac0cc2aefc,77686,143,1,Blue,human,Crewmate,VOTE,Yellow
web_b564af9f02cf4b64bf7584ac0cc2aefc,77689,143,1,Yellow,human,Impostor,VOTE,Blue
web_b564af9f02cf4b64bf7584ac0cc2aefc,77698,143,1,Blue,human,Crewmate,VOTE_INFLUENCE,
web_b564af9f02cf4b64bf7584ac0cc2aefc,77709,143,1,Yellow,human,Impostor,VOTE_INFLUENCE,
web_b564af9f02cf4b64bf7584ac0cc2aefc,77761,145,2,Player 3: brown,ai,Crewmate,PRE_VOTE,Yellow
web_b564af9f02cf4b64bf7584ac0cc2aefc,77765,145,2,Player 5: purple,ai,Crewmate,PRE_VOTE,
web_b564af9f02cf4b64bf7584ac0cc2aefc,77826,145,2,Yellow,human,Impostor,PRE_VOTE,
web_b564af9f02cf4b64bf7584ac0cc2aefc,78124,145,2,Player 3: brown,ai,Crewmate,VOTE,
web_b564af9f02cf4b64bf7584ac0cc2aefc,78127,145,2,Player 5: purple,ai,Crewmate,VOTE,
web_b564af9f02cf4b64bf7584ac0cc2aefc,78147,145,2,Player 3: brown,ai,Crewmate,VOTE_INFLUENCE,
web_b564af9f02cf4b64bf7584ac0cc2aefc,78149,145,2,Player 5: purple,ai,Crewmate,VOTE_INFLUENCE,
web_b564af9f02cf4b64bf7584ac0cc2aefc,78169,145,2,Yellow,human,Impostor,VOTE,Player 3: brown
web_b564af9f02cf4b64bf7584ac0cc2aefc,78222,145,2,Yellow,human,Impostor,VOTE_INFLUENCE,
web_b603bec991c24b159cb9093ca569ff99,26890,40,1,Purple,human,Crewmate,PRE_VOTE,Cyan
web_b603bec991c24b159cb9093ca569ff99,26894,40,1,White,human,Crewmate,PRE_VOTE,Red
web_b603bec991c24b159cb9093ca569ff99,26897,40,1,Red,human,Crewmate,PRE_VOTE,Purple
web_b603bec991c24b159cb9093ca569ff99,26900,40,1,Cyan,human,Impostor,PRE_VOTE,Purple
web_b603bec991c24b159cb9093ca569ff99,26907,40,1,Yellow,human,Crewmate,PRE_VOTE,
web_b603bec991c24b159cb9093ca569ff99,27113,40,1,White,human,Crewmate,VOTE,Cyan
web_b603bec991c24b159cb9093ca569ff99,27117,40,1,Purple,human,Crewmate,VOTE,Cyan
web_b603bec991c24b159cb9093ca569ff99,27121,40,1,Yellow,human,Crewmate,VOTE,Cyan
web_b603bec991c24b159cb9093ca569ff99,27123,40,1,Cyan,human,Impostor,VOTE,
web_b603bec991c24b159cb9093ca569ff99,27125,40,1,White,human,Crewmate,VOTE_INFLUENCE,
web_b603bec991c24b159cb9093ca569ff99,27126,40,1,Red,human,Crewmate,VOTE,Cyan
web_b603bec991c24b159cb9093ca569ff99,27128,40,1,Purple,human,Crewmate,VOTE_INFLUENCE,
web_b603bec991c24b159cb9093ca569ff99,27133,40,1,Cyan,human,Impostor,VOTE_INFLUENCE,
web_b603bec991c24b159cb9093ca569ff99,27137,40,1,Yellow,human,Crewmate,VOTE_INFLUENCE,
web_b603bec991c24b159cb9093ca569ff99,27150,40,1,Red,human,Crewmate,VOTE_INFLUENCE,
web_b6d4f61b69f14ef1a835e0c7d5682dde,34310,4,1,Pink,human,Impostor,PRE_VOTE,Orange
web_b6d4f61b69f14ef1a835e0c7d5682dde,34311,4,1,Orange,human,Crewmate,PRE_VOTE,Pink
web_b6d4f61b69f14ef1a835e0c7d5682dde,34320,4,1,Brown,human,Crewmate,PRE_VOTE,Green
web_b6d4f61b69f14ef1a835e0c7d5682dde,34321,4,1,Green,human,Crewmate,PRE_VOTE,
web_b6d4f61b69f14ef1a835e0c7d5682dde,34465,4,1,Pink,human,Impostor,VOTE,Orange
web_b6d4f61b69f14ef1a835e0c7d5682dde,34472,4,1,Pink,human,Impostor,VOTE_INFLUENCE,
web_b6d4f61b69f14ef1a835e0c7d5682dde,34476,4,1,Orange,human,Crewmate,VOTE,Pink
web_b6d4f61b69f14ef1a835e0c7d5682dde,34489,4,1,Brown,human,Crewmate,VOTE,Orange
web_b6d4f61b69f14ef1a835e0c7d5682dde,34491,4,1,Orange,human,Crewmate,VOTE_INFLUENCE,
web_b6d4f61b69f14ef1a835e0c7d5682dde,34496,4,1,Green,human,Crewmate,VOTE_INFLUENCE,
web_b6d4f61b69f14ef1a835e0c7d5682dde,34498,4,1,Brown,human,Crewmate,VOTE_INFLUENCE,
web_b6d4f61b69f14ef1a835e0c7d5682dde,34502,4,1,Green,human,Crewmate,VOTE,
web_b701f90e04b0409f8bf07f5e1af73b5a,51858,20,1,White,human,Crewmate,PRE_VOTE,
web_b701f90e04b0409f8bf07f5e1af73b5a,51864,20,1,Blue,human,Crewmate,PRE_VOTE,White
web_b701f90e04b0409f8bf07f5e1af73b5a,51865,20,1,Green,human,Impostor,PRE_VOTE,Pink
web_b701f90e04b0409f8bf07f5e1af73b5a,51875,20,1,Pink,human,Crewmate,PRE_VOTE,
web_b701f90e04b0409f8bf07f5e1af73b5a,52309,20,1,Green,human,Impostor,VOTE,White
web_b701f90e04b0409f8bf07f5e1af73b5a,52311,20,1,Blue,human,Crewmate,VOTE,White
web_b701f90e04b0409f8bf07f5e1af73b5a,52322,20,1,Blue,human,Crewmate,VOTE_INFLUENCE,
web_b701f90e04b0409f8bf07f5e1af73b5a,52324,20,1,White,human,Crewmate,VOTE,Blue
web_b701f90e04b0409f8bf07f5e1af73b5a,52331,20,1,Pink,human,Crewmate,VOTE,
web_b701f90e04b0409f8bf07f5e1af73b5a,52348,20,1,White,human,Crewmate,VOTE_INFLUENCE,
web_b701f90e04b0409f8bf07f5e1af73b5a,52350,20,1,Green,human,Impostor,VOTE_INFLUENCE,
web_b701f90e04b0409f8bf07f5e1af73b5a,52361,20,1,Pink,human,Crewmate,VOTE_INFLUENCE,
web_b701f90e04b0409f8bf07f5e1af73b5a,52405,22,2,Blue,human,Crewmate,PRE_VOTE,Pink
web_b701f90e04b0409f8bf07f5e1af73b5a,52423,22,2,Green,human,Impostor,PRE_VOTE,Blue
web_b701f90e04b0409f8bf07f5e1af73b5a,52426,22,2,Pink,human,Crewmate,PRE_VOTE,
web_b701f90e04b0409f8bf07f5e1af73b5a,52741,22,2,Blue,human,Crewmate,VOTE,Pink
web_b701f90e04b0409f8bf07f5e1af73b5a,52746,22,2,Blue,human,Crewmate,VOTE_INFLUENCE,
web_b701f90e04b0409f8bf07f5e1af73b5a,52758,22,2,Pink,human,Crewmate,VOTE,Blue
web_b701f90e04b0409f8bf07f5e1af73b5a,52764,22,2,Green,human,Impostor,VOTE,Pink
web_b701f90e04b0409f8bf07f5e1af73b5a,52772,22,2,Green,human,Impostor,VOTE_INFLUENCE,
web_b701f90e04b0409f8bf07f5e1af73b5a,52773,22,2,Pink,human,Crewmate,VOTE_INFLUENCE,
web_b80556542b04416b9f487ba259b5f39a,45147,26,1,Player 4: lime,ai,Impostor,PRE_VOTE,
web_b80556542b04416b9f487ba259b5f39a,45148,26,1,Brown,human,Crewmate,PRE_VOTE,
web_b80556542b04416b9f487ba259b5f39a,45156,26,1,Blue,human,Crewmate,PRE_VOTE,Brown
web_b80556542b04416b9f487ba259b5f39a,45163,26,1,Red,human,Crewmate,PRE_VOTE,Player 4: lime
web_b80556542b04416b9f487ba259b5f39a,45352,26,1,Player 4: lime,ai,Impostor,VOTE,
web_b80556542b04416b9f487ba259b5f39a,45359,26,1,Player 4: lime,ai,Impostor,VOTE_INFLUENCE,
web_b80556542b04416b9f487ba259b5f39a,45365,26,1,Blue,human,Crewmate,VOTE,Player 4: lime
web_b80556542b04416b9f487ba259b5f39a,45370,26,1,Brown,human,Crewmate,VOTE,Player 4: lime
web_b80556542b04416b9f487ba259b5f39a,45372,26,1,Red,human,Crewmate,VOTE,Player 4: lime
web_b80556542b04416b9f487ba259b5f39a,45389,26,1,Blue,human,Crewmate,VOTE_INFLUENCE,
web_b80556542b04416b9f487ba259b5f39a,45422,26,1,Red,human,Crewmate,VOTE_INFLUENCE,
web_b80556542b04416b9f487ba259b5f39a,45428,26,1,Brown,human,Crewmate,VOTE_INFLUENCE,
web_b842d9b8b39b43cf8188e4385fbbd6fb,87322,45,1,Player 3: green,ai,Crewmate,PRE_VOTE,
web_b842d9b8b39b43cf8188e4385fbbd6fb,87324,45,1,Player 2: brown,ai,Crewmate,PRE_VOTE,Player 4: blue
web_b842d9b8b39b43cf8188e4385fbbd6fb,87326,45,1,Player 5: red,ai,Crewmate,PRE_VOTE,
web_b842d9b8b39b43cf8188e4385fbbd6fb,87329,45,1,Player 4: blue,ai,Impostor,PRE_VOTE,
web_b842d9b8b39b43cf8188e4385fbbd6fb,87682,45,1,Player 2: brown,ai,Crewmate,VOTE,Player 4: blue
web_b842d9b8b39b43cf8188e4385fbbd6fb,87689,45,1,Player 3: green,ai,Crewmate,VOTE,
web_b842d9b8b39b43cf8188e4385fbbd6fb,87690,45,1,Player 5: red,ai,Crewmate,VOTE,
web_b842d9b8b39b43cf8188e4385fbbd6fb,87691,45,1,Player 4: blue,ai,Impostor,VOTE,
web_b842d9b8b39b43cf8188e4385fbbd6fb,87697,45,1,Player 2: brown,ai,Crewmate,VOTE_INFLUENCE,
web_b842d9b8b39b43cf8188e4385fbbd6fb,87698,45,1,Player 4: blue,ai,Impostor,VOTE_INFLUENCE,
web_b842d9b8b39b43cf8188e4385fbbd6fb,87707,45,1,Player 3: green,ai,Crewmate,VOTE_INFLUENCE,
web_b842d9b8b39b43cf8188e4385fbbd6fb,87709,45,1,Player 5: red,ai,Crewmate,VOTE_INFLUENCE,
web_b8e8d1df4b10487fbc20ce3213f14b16,11068,56,1,Pink,human,Crewmate,PRE_VOTE,Player 5: white
web_b8e8d1df4b10487fbc20ce3213f14b16,11069,56,1,Yellow,human,Crewmate,PRE_VOTE,
web_b8e8d1df4b10487fbc20ce3213f14b16,11070,56,1,Player 5: white,ai,Impostor,PRE_VOTE,Pink
web_b8e8d1df4b10487fbc20ce3213f14b16,11071,56,1,Black,human,Crewmate,PRE_VOTE,
web_b8e8d1df4b10487fbc20ce3213f14b16,11072,56,1,Purple,human,Crewmate,PRE_VOTE,
web_b8e8d1df4b10487fbc20ce3213f14b16,11116,56,1,Player 5: white,ai,Impostor,VOTE,Yellow
web_b8e8d1df4b10487fbc20ce3213f14b16,11117,56,1,Player 5: white,ai,Impostor,VOTE_INFLUENCE,
web_b8e8d1df4b10487fbc20ce3213f14b16,11118,56,1,Yellow,human,Crewmate,VOTE,Player 5: white
web_b8e8d1df4b10487fbc20ce3213f14b16,11120,56,1,Purple,human,Crewmate,VOTE,Player 5: white
web_b8e8d1df4b10487fbc20ce3213f14b16,11122,56,1,Pink,human,Crewmate,VOTE,Player 5: white
web_b8e8d1df4b10487fbc20ce3213f14b16,11124,56,1,Yellow,human,Crewmate,VOTE_INFLUENCE,
web_b8e8d1df4b10487fbc20ce3213f14b16,11125,56,1,Black,human,Crewmate,VOTE,Player 5: white
web_b8e8d1df4b10487fbc20ce3213f14b16,11127,56,1,Pink,human,Crewmate,VOTE_INFLUENCE,
web_b8e8d1df4b10487fbc20ce3213f14b16,11128,56,1,Purple,human,Crewmate,VOTE_INFLUENCE,
web_b8e8d1df4b10487fbc20ce3213f14b16,11129,56,1,Black,human,Crewmate,VOTE_INFLUENCE,
web_b8ed04c00bd343e29754273f05e08fce,16379,13,1,Purple,human,Crewmate,PRE_VOTE,
web_b8ed04c00bd343e29754273f05e08fce,16380,13,1,Player 5: black,ai,Crewmate,PRE_VOTE,Orange
web_b8ed04c00bd343e29754273f05e08fce,16381,13,1,Cyan,human,Crewmate,PRE_VOTE,
web_b8ed04c00bd343e29754273f05e08fce,16382,13,1,Orange,human,Impostor,PRE_VOTE,Player 5: black
web_b8ed04c00bd343e29754273f05e08fce,16539,13,1,Player 5: black,ai,Crewmate,VOTE,Orange
web_b8ed04c00bd343e29754273f05e08fce,16543,13,1,Player 5: black,ai,Crewmate,VOTE_INFLUENCE,
web_b8ed04c00bd343e29754273f05e08fce,16547,13,1,Cyan,human,Crewmate,VOTE,Orange
web_b8ed04c00bd343e29754273f05e08fce,16553,13,1,Orange,human,Impostor,VOTE,Player 5: black
web_b8ed04c00bd343e29754273f05e08fce,16555,13,1,Purple,human,Crewmate,VOTE,Orange
web_b8ed04c00bd343e29754273f05e08fce,16560,13,1,Cyan,human,Crewmate,VOTE_INFLUENCE,
web_b8ed04c00bd343e29754273f05e08fce,16569,13,1,Purple,human,Crewmate,VOTE_INFLUENCE,
web_b8ed04c00bd343e29754273f05e08fce,16571,13,1,Orange,human,Impostor,VOTE_INFLUENCE,
web_b8fca897c9294d8fa8e7753fda079d07,16578,25,1,Player 3: cyan,ai,Crewmate,PRE_VOTE,
web_b8fca897c9294d8fa8e7753fda079d07,16579,25,1,Player 4: lime,ai,Crewmate,PRE_VOTE,
web_b8fca897c9294d8fa8e7753fda079d07,16580,25,1,Player 5: green,ai,Crewmate,PRE_VOTE,
web_b8fca897c9294d8fa8e7753fda079d07,16581,25,1,White,human,Impostor,PRE_VOTE,Yellow
web_b8fca897c9294d8fa8e7753fda079d07,16587,25,1,Yellow,human,Crewmate,PRE_VOTE,Player 3: cyan
web_b8fca897c9294d8fa8e7753fda079d07,16682,25,1,Player 4: lime,ai,Crewmate,VOTE,Yellow
web_b8fca897c9294d8fa8e7753fda079d07,16683,25,1,Player 5: green,ai,Crewmate,VOTE,
web_b8fca897c9294d8fa8e7753fda079d07,16684,25,1,Player 3: cyan,ai,Crewmate,VOTE,
web_b8fca897c9294d8fa8e7753fda079d07,16685,25,1,Player 4: lime,ai,Crewmate,VOTE_INFLUENCE,
web_b8fca897c9294d8fa8e7753fda079d07,16688,25,1,Player 3: cyan,ai,Crewmate,VOTE_INFLUENCE,
web_b8fca897c9294d8fa8e7753fda079d07,16693,25,1,Player 5: green,ai,Crewmate,VOTE_INFLUENCE,
web_b8fca897c9294d8fa8e7753fda079d07,16710,25,1,Yellow,human,Crewmate,VOTE,White
web_b8fca897c9294d8fa8e7753fda079d07,16721,25,1,White,human,Impostor,VOTE_INFLUENCE,
web_b8fca897c9294d8fa8e7753fda079d07,16722,25,1,Yellow,human,Crewmate,VOTE_INFLUENCE,
web_b8fca897c9294d8fa8e7753fda079d07,16723,25,1,White,human,Impostor,VOTE,
web_b8fca897c9294d8fa8e7753fda079d07,16808,41,2,Player 4: lime,ai,Crewmate,PRE_VOTE,White
web_b8fca897c9294d8fa8e7753fda079d07,16811,41,2,Player 3: cyan,ai,Crewmate,PRE_VOTE,
web_b8fca897c9294d8fa8e7753fda079d07,16815,41,2,Player 5: green,ai,Crewmate,PRE_VOTE,White
web_b8fca897c9294d8fa8e7753fda079d07,16818,41,2,White,human,Impostor,PRE_VOTE,Yellow
web_b8fca897c9294d8fa8e7753fda079d07,16833,41,2,Yellow,human,Crewmate,PRE_VOTE,Player 3: cyan
web_b8fca897c9294d8fa8e7753fda079d07,17099,41,2,Player 3: cyan,ai,Crewmate,VOTE,White
web_b8fca897c9294d8fa8e7753fda079d07,17100,41,2,Player 5: green,ai,Crewmate,VOTE,White
web_b8fca897c9294d8fa8e7753fda079d07,17102,41,2,Player 4: lime,ai,Crewmate,VOTE,White
web_b8fca897c9294d8fa8e7753fda079d07,17107,41,2,Player 3: cyan,ai,Crewmate,VOTE_INFLUENCE,
web_b8fca897c9294d8fa8e7753fda079d07,17108,41,2,Player 5: green,ai,Crewmate,VOTE_INFLUENCE,
web_b8fca897c9294d8fa8e7753fda079d07,17113,41,2,Player 4: lime,ai,Crewmate,VOTE_INFLUENCE,
web_b8fca897c9294d8fa8e7753fda079d07,17121,41,2,White,human,Impostor,VOTE,
web_b8fca897c9294d8fa8e7753fda079d07,17125,41,2,Yellow,human,Crewmate,VOTE,White
web_b8fca897c9294d8fa8e7753fda079d07,17144,41,2,White,human,Impostor,VOTE_INFLUENCE,
web_b8fca897c9294d8fa8e7753fda079d07,17145,41,2,Yellow,human,Crewmate,VOTE_INFLUENCE,
web_bb7ea0410c344dbbb121714ab38a6a54,32130,92,1,White,human,Impostor,PRE_VOTE,
web_bb7ea0410c344dbbb121714ab38a6a54,32140,92,1,Orange,human,Crewmate,PRE_VOTE,White
web_bb7ea0410c344dbbb121714ab38a6a54,32153,92,1,Cyan,human,Crewmate,PRE_VOTE,
web_bb7ea0410c344dbbb121714ab38a6a54,32251,92,1,White,human,Impostor,VOTE,Orange
web_bb7ea0410c344dbbb121714ab38a6a54,32253,92,1,Orange,human,Crewmate,VOTE,White
web_bb7ea0410c344dbbb121714ab38a6a54,32257,92,1,Orange,human,Crewmate,VOTE_INFLUENCE,
web_bb7ea0410c344dbbb121714ab38a6a54,32268,92,1,White,human,Impostor,VOTE_INFLUENCE,
web_bb7ea0410c344dbbb121714ab38a6a54,32269,92,1,Cyan,human,Crewmate,VOTE,White
web_bb7ea0410c344dbbb121714ab38a6a54,32283,92,1,Cyan,human,Crewmate,VOTE_INFLUENCE,
web_bbfb2b2cde764a60807a6d1c2edda81c,41903,80,1,Player 3: brown,ai,Crewmate,PRE_VOTE,
web_bbfb2b2cde764a60807a6d1c2edda81c,41904,80,1,White,human,Impostor,PRE_VOTE,White
web_bbfb2b2cde764a60807a6d1c2edda81c,41905,80,1,Yellow,human,Crewmate,PRE_VOTE,
web_bbfb2b2cde764a60807a6d1c2edda81c,41912,80,1,Cyan,human,Crewmate,PRE_VOTE,Player 3: brown
web_bbfb2b2cde764a60807a6d1c2edda81c,41914,80,1,Lime,human,Crewmate,PRE_VOTE,White
web_bc327d9b1b1c4082a769b0f0b2a04fcc,81710,84,1,Player 2: orange,ai,Crewmate,PRE_VOTE,
web_bc327d9b1b1c4082a769b0f0b2a04fcc,81711,84,1,Player 5: pink,ai,Crewmate,PRE_VOTE,
web_bc327d9b1b1c4082a769b0f0b2a04fcc,81712,84,1,Player 4: cyan,ai,Impostor,PRE_VOTE,
web_bc327d9b1b1c4082a769b0f0b2a04fcc,81713,84,1,Player 3: brown,ai,Crewmate,PRE_VOTE,
web_bc327d9b1b1c4082a769b0f0b2a04fcc,81858,84,1,Player 3: brown,ai,Crewmate,VOTE,
web_bc327d9b1b1c4082a769b0f0b2a04fcc,81859,84,1,Player 2: orange,ai,Crewmate,VOTE,
web_bc327d9b1b1c4082a769b0f0b2a04fcc,81861,84,1,Player 5: pink,ai,Crewmate,VOTE,
web_bc327d9b1b1c4082a769b0f0b2a04fcc,81862,84,1,Player 4: cyan,ai,Impostor,VOTE,
web_bc327d9b1b1c4082a769b0f0b2a04fcc,81867,84,1,Player 3: brown,ai,Crewmate,VOTE_INFLUENCE,
web_bc327d9b1b1c4082a769b0f0b2a04fcc,81870,84,1,Player 4: cyan,ai,Impostor,VOTE_INFLUENCE,
web_bc327d9b1b1c4082a769b0f0b2a04fcc,81871,84,1,Player 2: orange,ai,Crewmate,VOTE_INFLUENCE,
web_bc327d9b1b1c4082a769b0f0b2a04fcc,81872,84,1,Player 5: pink,ai,Crewmate,VOTE_INFLUENCE,
web_bc327d9b1b1c4082a769b0f0b2a04fcc,81900,89,2,Player 4: cyan,ai,Impostor,PRE_VOTE,
web_bc327d9b1b1c4082a769b0f0b2a04fcc,81901,89,2,Player 2: orange,ai,Crewmate,PRE_VOTE,
web_bc327d9b1b1c4082a769b0f0b2a04fcc,81902,89,2,Player 3: brown,ai,Crewmate,PRE_VOTE,
web_bc327d9b1b1c4082a769b0f0b2a04fcc,81903,89,2,Player 5: pink,ai,Crewmate,PRE_VOTE,
web_bc327d9b1b1c4082a769b0f0b2a04fcc,82053,89,2,Player 2: orange,ai,Crewmate,VOTE,Player 5: pink
web_bc327d9b1b1c4082a769b0f0b2a04fcc,82055,89,2,Player 3: brown,ai,Crewmate,VOTE,
web_bc327d9b1b1c4082a769b0f0b2a04fcc,82056,89,2,Player 4: cyan,ai,Impostor,VOTE,
web_bc327d9b1b1c4082a769b0f0b2a04fcc,82060,89,2,Player 5: pink,ai,Crewmate,VOTE,
web_bc327d9b1b1c4082a769b0f0b2a04fcc,82064,89,2,Player 2: orange,ai,Crewmate,VOTE_INFLUENCE,
web_bc327d9b1b1c4082a769b0f0b2a04fcc,82066,89,2,Player 3: brown,ai,Crewmate,VOTE_INFLUENCE,
web_bc327d9b1b1c4082a769b0f0b2a04fcc,82067,89,2,Player 4: cyan,ai,Impostor,VOTE_INFLUENCE,
web_bc327d9b1b1c4082a769b0f0b2a04fcc,82069,89,2,Player 5: pink,ai,Crewmate,VOTE_INFLUENCE,
web_bcaec65a95634122aa21966b081c6d0c,78089,11,1,Player 2: cyan,ai,Crewmate,PRE_VOTE,
web_bcaec65a95634122aa21966b081c6d0c,78090,11,1,Player 5: red,ai,Crewmate,PRE_VOTE,
web_bcaec65a95634122aa21966b081c6d0c,78091,11,1,Player 3: lime,ai,Crewmate,PRE_VOTE,Black
web_bcaec65a95634122aa21966b081c6d0c,78101,11,1,Black,human,Impostor,PRE_VOTE,Player 5: red
web_bcaec65a95634122aa21966b081c6d0c,78406,11,1,Player 3: lime,ai,Crewmate,VOTE,Black
web_bcaec65a95634122aa21966b081c6d0c,78410,11,1,Player 5: red,ai,Crewmate,VOTE,
web_bcaec65a95634122aa21966b081c6d0c,78417,11,1,Player 2: cyan,ai,Crewmate,VOTE,Black
web_bcaec65a95634122aa21966b081c6d0c,78421,11,1,Player 3: lime,ai,Crewmate,VOTE_INFLUENCE,
web_bcaec65a95634122aa21966b081c6d0c,78423,11,1,Player 5: red,ai,Crewmate,VOTE_INFLUENCE,
web_bcaec65a95634122aa21966b081c6d0c,78425,11,1,Player 2: cyan,ai,Crewmate,VOTE_INFLUENCE,
web_bcaec65a95634122aa21966b081c6d0c,78431,11,1,Black,human,Impostor,VOTE,Player 5: red
web_bcaec65a95634122aa21966b081c6d0c,78439,11,1,Black,human,Impostor,VOTE_INFLUENCE,
web_be3d18bcd4034f1b8c8a153ecd2e9f93,85425,57,1,White,human,Crewmate,PRE_VOTE,Player 5: cyan
web_be3d18bcd4034f1b8c8a153ecd2e9f93,85429,57,1,Player 2: blue,ai,Crewmate,PRE_VOTE,
web_be3d18bcd4034f1b8c8a153ecd2e9f93,85430,57,1,Player 5: cyan,ai,Impostor,PRE_VOTE,
web_be3d18bcd4034f1b8c8a153ecd2e9f93,85431,57,1,Player 3: red,ai,Crewmate,PRE_VOTE,
web_be3d18bcd4034f1b8c8a153ecd2e9f93,85796,57,1,Player 3: red,ai,Crewmate,VOTE,Player 5: cyan
web_be3d18bcd4034f1b8c8a153ecd2e9f93,85798,57,1,Player 2: blue,ai,Crewmate,VOTE,
web_be3d18bcd4034f1b8c8a153ecd2e9f93,85799,57,1,Player 5: cyan,ai,Impostor,VOTE,
web_be3d18bcd4034f1b8c8a153ecd2e9f93,85801,57,1,Player 3: red,ai,Crewmate,VOTE_INFLUENCE,
web_be3d18bcd4034f1b8c8a153ecd2e9f93,85808,57,1,Player 5: cyan,ai,Impostor,VOTE_INFLUENCE,
web_be3d18bcd4034f1b8c8a153ecd2e9f93,85811,57,1,Player 2: blue,ai,Crewmate,VOTE_INFLUENCE,
web_be3d18bcd4034f1b8c8a153ecd2e9f93,85814,57,1,White,human,Crewmate,VOTE,Player 5: cyan
web_be3d18bcd4034f1b8c8a153ecd2e9f93,85823,57,1,White,human,Crewmate,VOTE_INFLUENCE,
web_bf526dd785d44ac48ff6bbcbc6aad54d,73427,57,1,Player 3: black,ai,Crewmate,PRE_VOTE,Player 4: pink
web_bf526dd785d44ac48ff6bbcbc6aad54d,73429,57,1,Player 2: lime,ai,Crewmate,PRE_VOTE,
web_bf526dd785d44ac48ff6bbcbc6aad54d,73430,57,1,Player 4: pink,ai,Impostor,PRE_VOTE,
web_bf526dd785d44ac48ff6bbcbc6aad54d,73455,57,1,White,human,Crewmate,PRE_VOTE,Player 4: pink
web_bf526dd785d44ac48ff6bbcbc6aad54d,73888,57,1,Player 3: black,ai,Crewmate,VOTE,Player 4: pink
web_bf526dd785d44ac48ff6bbcbc6aad54d,73889,57,1,Player 2: lime,ai,Crewmate,VOTE,
web_bf526dd785d44ac48ff6bbcbc6aad54d,73890,57,1,Player 4: pink,ai,Impostor,VOTE,
web_bf526dd785d44ac48ff6bbcbc6aad54d,73898,57,1,Player 3: black,ai,Crewmate,VOTE_INFLUENCE,
web_bf526dd785d44ac48ff6bbcbc6aad54d,73900,57,1,Player 2: lime,ai,Crewmate,VOTE_INFLUENCE,
web_bf526dd785d44ac48ff6bbcbc6aad54d,73903,57,1,Player 4: pink,ai,Impostor,VOTE_INFLUENCE,
web_bf526dd785d44ac48ff6bbcbc6aad54d,73909,57,1,White,human,Crewmate,VOTE,Player 4: pink
web_bf526dd785d44ac48ff6bbcbc6aad54d,73930,57,1,White,human,Crewmate,VOTE_INFLUENCE,
web_c10c6afd97074ad28c483fab0e406cc2,40098,1,1,Purple,human,Crewmate,PRE_VOTE,Red
web_c10c6afd97074ad28c483fab0e406cc2,40099,1,1,Player 2: pink,ai,Crewmate,PRE_VOTE,
web_c10c6afd97074ad28c483fab0e406cc2,40100,1,1,Black,human,Crewmate,PRE_VOTE,
web_c10c6afd97074ad28c483fab0e406cc2,40101,1,1,White,human,Impostor,PRE_VOTE,
web_c10c6afd97074ad28c483fab0e406cc2,40102,1,1,Red,human,Crewmate,PRE_VOTE,
web_c10c6afd97074ad28c483fab0e406cc2,40130,1,1,Player 2: pink,ai,Crewmate,VOTE,
web_c10c6afd97074ad28c483fab0e406cc2,40131,1,1,Player 2: pink,ai,Crewmate,VOTE_INFLUENCE,
web_c10c6afd97074ad28c483fab0e406cc2,40132,1,1,Black,human,Crewmate,VOTE,
web_c10c6afd97074ad28c483fab0e406cc2,40134,1,1,White,human,Impostor,VOTE,
web_c10c6afd97074ad28c483fab0e406cc2,40136,1,1,Black,human,Crewmate,VOTE_INFLUENCE,
web_c10c6afd97074ad28c483fab0e406cc2,40137,1,1,White,human,Impostor,VOTE_INFLUENCE,
web_c10c6afd97074ad28c483fab0e406cc2,40138,1,1,Purple,human,Crewmate,VOTE,Player 2: pink
web_c10c6afd97074ad28c483fab0e406cc2,40140,1,1,Purple,human,Crewmate,VOTE_INFLUENCE,
web_c10c6afd97074ad28c483fab0e406cc2,40142,1,1,Red,human,Crewmate,VOTE_INFLUENCE,
web_c10c6afd97074ad28c483fab0e406cc2,40143,1,1,Red,human,Crewmate,VOTE,
web_c17f60da33014d0098c75da7dd8b5e1b,83895,89,1,Player 3: white,ai,Crewmate,PRE_VOTE,Player 5: pink
web_c17f60da33014d0098c75da7dd8b5e1b,83896,89,1,Player 2: black,ai,Crewmate,PRE_VOTE,
web_c17f60da33014d0098c75da7dd8b5e1b,83899,89,1,Player 5: pink,ai,Impostor,PRE_VOTE,
web_c17f60da33014d0098c75da7dd8b5e1b,84197,89,1,Player 5: pink,ai,Impostor,VOTE,Player 3: white
web_c17f60da33014d0098c75da7dd8b5e1b,84199,89,1,Player 3: white,ai,Crewmate,VOTE,Player 5: pink
web_c17f60da33014d0098c75da7dd8b5e1b,84201,89,1,Player 2: black,ai,Crewmate,VOTE,
web_c17f60da33014d0098c75da7dd8b5e1b,84204,89,1,Player 5: pink,ai,Impostor,VOTE_INFLUENCE,
web_c17f60da33014d0098c75da7dd8b5e1b,84205,89,1,Player 3: white,ai,Crewmate,VOTE_INFLUENCE,
web_c17f60da33014d0098c75da7dd8b5e1b,84209,89,1,Player 2: black,ai,Crewmate,VOTE_INFLUENCE,
web_c1e668a45a024baeb922f5c3e3151fe1,23845,52,1,Cyan,human,Crewmate,PRE_VOTE,
web_c1e668a45a024baeb922f5c3e3151fe1,23846,52,1,White,human,Impostor,PRE_VOTE,Green
web_c1e668a45a024baeb922f5c3e3151fe1,23847,52,1,Black,human,Crewmate,PRE_VOTE,
web_c1e668a45a024baeb922f5c3e3151fe1,23852,52,1,Green,human,Crewmate,PRE_VOTE,Cyan
web_c1e668a45a024baeb922f5c3e3151fe1,23857,52,1,Brown,human,Crewmate,PRE_VOTE,Green
web_c1e668a45a024baeb922f5c3e3151fe1,24002,52,1,Cyan,human,Crewmate,VOTE,Green
web_c1e668a45a024baeb922f5c3e3151fe1,24004,52,1,Green,human,Crewmate,VOTE,Black
web_c1e668a45a024baeb922f5c3e3151fe1,24008,52,1,Cyan,human,Crewmate,VOTE_INFLUENCE,
web_c1e668a45a024baeb922f5c3e3151fe1,24009,52,1,Black,human,Crewmate,VOTE,Green
web_c1e668a45a024baeb922f5c3e3151fe1,24011,52,1,Black,human,Crewmate,VOTE_INFLUENCE,
web_c1e668a45a024baeb922f5c3e3151fe1,24012,52,1,Brown,human,Crewmate,VOTE,Green
web_c1e668a45a024baeb922f5c3e3151fe1,24018,52,1,White,human,Impostor,VOTE,Black
web_c1e668a45a024baeb922f5c3e3151fe1,24020,52,1,Green,human,Crewmate,VOTE_INFLUENCE,
web_c1e668a45a024baeb922f5c3e3151fe1,24022,52,1,White,human,Impostor,VOTE_INFLUENCE,
web_c1e668a45a024baeb922f5c3e3151fe1,24027,52,1,Brown,human,Crewmate,VOTE_INFLUENCE,
web_c1e668a45a024baeb922f5c3e3151fe1,24275,105,2,Cyan,human,Crewmate,PRE_VOTE,
web_c1e668a45a024baeb922f5c3e3151fe1,24281,105,2,White,human,Impostor,PRE_VOTE,
web_c1e668a45a024baeb922f5c3e3151fe1,24286,105,2,Black,human,Crewmate,PRE_VOTE,Cyan
web_c1e668a45a024baeb922f5c3e3151fe1,24293,105,2,Brown,human,Crewmate,PRE_VOTE,
web_c1e668a45a024baeb922f5c3e3151fe1,24404,105,2,Cyan,human,Crewmate,VOTE,White
web_c1e668a45a024baeb922f5c3e3151fe1,24408,105,2,White,human,Impostor,VOTE,Brown
web_c1e668a45a024baeb922f5c3e3151fe1,24413,105,2,Cyan,human,Crewmate,VOTE_INFLUENCE,
web_c1e668a45a024baeb922f5c3e3151fe1,24419,105,2,White,human,Impostor,VOTE_INFLUENCE,
web_c1e668a45a024baeb922f5c3e3151fe1,24421,105,2,Black,human,Crewmate,VOTE,White
web_c1e668a45a024baeb922f5c3e3151fe1,24425,105,2,Black,human,Crewmate,VOTE_INFLUENCE,
web_c1e668a45a024baeb922f5c3e3151fe1,24430,105,2,Brown,human,Crewmate,VOTE_INFLUENCE,
web_c1e668a45a024baeb922f5c3e3151fe1,24433,105,2,Brown,human,Crewmate,VOTE,
web_c272c3d0572d4495ade1513a2793e147,14774,16,1,Player 5: orange,ai,Crewmate,PRE_VOTE,Red
web_c272c3d0572d4495ade1513a2793e147,14779,16,1,Brown,human,Crewmate,PRE_VOTE,
web_c272c3d0572d4495ade1513a2793e147,14784,16,1,Blue,human,Crewmate,PRE_VOTE,
web_c272c3d0572d4495ade1513a2793e147,14789,16,1,Red,human,Impostor,PRE_VOTE,
web_c272c3d0572d4495ade1513a2793e147,14912,16,1,Player 5: orange,ai,Crewmate,VOTE,Red
web_c272c3d0572d4495ade1513a2793e147,14915,16,1,Player 5: orange,ai,Crewmate,VOTE_INFLUENCE,
web_c272c3d0572d4495ade1513a2793e147,14916,16,1,Brown,human,Crewmate,VOTE,Player 5: orange
web_c272c3d0572d4495ade1513a2793e147,14918,16,1,Red,human,Impostor,VOTE,Player 5: orange
web_c272c3d0572d4495ade1513a2793e147,14920,16,1,Blue,human,Crewmate,VOTE,Player 5: orange
web_c272c3d0572d4495ade1513a2793e147,14922,16,1,Red,human,Impostor,VOTE_INFLUENCE,
web_c272c3d0572d4495ade1513a2793e147,14923,16,1,Brown,human,Crewmate,VOTE_INFLUENCE,
web_c272c3d0572d4495ade1513a2793e147,14926,16,1,Blue,human,Crewmate,VOTE_INFLUENCE,
web_c32ee3f61f6c443e810218a94ff80d47,78737,44,1,Player 2: lime,ai,Crewmate,PRE_VOTE,
web_c32ee3f61f6c443e810218a94ff80d47,78739,44,1,Player 3: green,ai,Crewmate,PRE_VOTE,
web_c32ee3f61f6c443e810218a94ff80d47,78741,44,1,Player 4: orange,ai,Impostor,PRE_VOTE,
web_c32ee3f61f6c443e810218a94ff80d47,78766,44,1,Purple,human,Crewmate,PRE_VOTE,Player 4: orange
web_c32ee3f61f6c443e810218a94ff80d47,79042,44,1,Player 3: green,ai,Crewmate,VOTE,
web_c32ee3f61f6c443e810218a94ff80d47,79044,44,1,Player 2: lime,ai,Crewmate,VOTE,
web_c32ee3f61f6c443e810218a94ff80d47,79045,44,1,Player 4: orange,ai,Impostor,VOTE,
web_c32ee3f61f6c443e810218a94ff80d47,79049,44,1,Player 2: lime,ai,Crewmate,VOTE_INFLUENCE,
web_c32ee3f61f6c443e810218a94ff80d47,79052,44,1,Player 3: green,ai,Crewmate,VOTE_INFLUENCE,
web_c32ee3f61f6c443e810218a94ff80d47,79056,44,1,Player 4: orange,ai,Impostor,VOTE_INFLUENCE,
web_c32ee3f61f6c443e810218a94ff80d47,79059,44,1,Purple,human,Crewmate,VOTE,Player 4: orange
web_c32ee3f61f6c443e810218a94ff80d47,79064,44,1,Purple,human,Crewmate,VOTE_INFLUENCE,
web_c34432f02399402cb13bfcf8440c50fa,46367,14,1,Brown,human,Crewmate,PRE_VOTE,Player 2: blue
web_c34432f02399402cb13bfcf8440c50fa,46369,14,1,Lime,human,Crewmate,PRE_VOTE,
web_c34432f02399402cb13bfcf8440c50fa,46370,14,1,Player 2: blue,ai,Impostor,PRE_VOTE,
web_c34432f02399402cb13bfcf8440c50fa,46373,14,1,Cyan,human,Crewmate,PRE_VOTE,Player 2: blue
web_c34432f02399402cb13bfcf8440c50fa,46394,14,1,White,human,Crewmate,PRE_VOTE,Lime
web_c34432f02399402cb13bfcf8440c50fa,46719,14,1,Player 2: blue,ai,Impostor,VOTE,Brown
web_c34432f02399402cb13bfcf8440c50fa,46727,14,1,Player 2: blue,ai,Impostor,VOTE_INFLUENCE,
web_c34432f02399402cb13bfcf8440c50fa,46735,14,1,Cyan,human,Crewmate,VOTE,Player 2: blue
web_c34432f02399402cb13bfcf8440c50fa,46739,14,1,Brown,human,Crewmate,VOTE,Player 2: blue
web_c34432f02399402cb13bfcf8440c50fa,46743,14,1,Lime,human,Crewmate,VOTE,Player 2: blue
web_c34432f02399402cb13bfcf8440c50fa,46752,14,1,White,human,Crewmate,VOTE,Brown
web_c34432f02399402cb13bfcf8440c50fa,46756,14,1,Brown,human,Crewmate,VOTE_INFLUENCE,
web_c34432f02399402cb13bfcf8440c50fa,46765,14,1,Cyan,human,Crewmate,VOTE_INFLUENCE,
web_c34432f02399402cb13bfcf8440c50fa,46785,14,1,White,human,Crewmate,VOTE_INFLUENCE,
web_c34432f02399402cb13bfcf8440c50fa,46793,14,1,Lime,human,Crewmate,VOTE_INFLUENCE,
web_c36e714ac67945abbb1295dc0344d41b,29386,118,1,Red,human,Impostor,PRE_VOTE,Cyan
web_c36e714ac67945abbb1295dc0344d41b,29387,118,1,Yellow,human,Crewmate,PRE_VOTE,Orange
web_c36e714ac67945abbb1295dc0344d41b,29388,118,1,Orange,human,Crewmate,PRE_VOTE,Red
web_c36e714ac67945abbb1295dc0344d41b,29395,118,1,Cyan,human,Crewmate,PRE_VOTE,Red
web_c3d23b986d2c4d81abecb943b39250fa,44708,17,1,Player 2: orange,ai,Crewmate,PRE_VOTE,Player 4: cyan
web_c3d23b986d2c4d81abecb943b39250fa,44709,17,1,Player 3: yellow,ai,Crewmate,PRE_VOTE,
web_c3d23b986d2c4d81abecb943b39250fa,44710,17,1,Player 4: cyan,ai,Impostor,PRE_VOTE,
web_c3d23b986d2c4d81abecb943b39250fa,44711,17,1,White,human,Crewmate,PRE_VOTE,
web_c3d23b986d2c4d81abecb943b39250fa,44730,17,1,Player 2: orange,ai,Crewmate,VOTE,Player 4: cyan
web_c3d23b986d2c4d81abecb943b39250fa,44731,17,1,Player 4: cyan,ai,Impostor,VOTE,Player 2: orange
web_c3d23b986d2c4d81abecb943b39250fa,44732,17,1,Player 3: yellow,ai,Crewmate,VOTE,
web_c3d23b986d2c4d81abecb943b39250fa,44733,17,1,Player 2: orange,ai,Crewmate,VOTE_INFLUENCE,
web_c3d23b986d2c4d81abecb943b39250fa,44734,17,1,Player 4: cyan,ai,Impostor,VOTE_INFLUENCE,
web_c3d23b986d2c4d81abecb943b39250fa,44735,17,1,Player 3: yellow,ai,Crewmate,VOTE_INFLUENCE,
web_c3d23b986d2c4d81abecb943b39250fa,44736,17,1,White,human,Crewmate,VOTE,Player 4: cyan
web_c3d23b986d2c4d81abecb943b39250fa,44738,17,1,White,human,Crewmate,VOTE_INFLUENCE,
web_c4bf21c0debb4938ba87ae4baf193684,58321,39,1,Black,human,Crewmate,PRE_VOTE,
web_c4bf21c0debb4938ba87ae4baf193684,58322,39,1,Player 4: white,ai,Crewmate,PRE_VOTE,Player 2: purple
web_c4bf21c0debb4938ba87ae4baf193684,58323,39,1,Green,human,Crewmate,PRE_VOTE,
web_c4bf21c0debb4938ba87ae4baf193684,58324,39,1,Pink,human,Crewmate,PRE_VOTE,Black
web_c4bf21c0debb4938ba87ae4baf193684,58327,39,1,Player 2: purple,ai,Impostor,PRE_VOTE,
web_c4bf21c0debb4938ba87ae4baf193684,58490,39,1,Player 4: white,ai,Crewmate,VOTE,Player 2: purple
web_c4bf21c0debb4938ba87ae4baf193684,58491,39,1,Player 2: purple,ai,Impostor,VOTE,Player 4: white
web_c4bf21c0debb4938ba87ae4baf193684,58505,39,1,Player 4: white,ai,Crewmate,VOTE_INFLUENCE,
web_c4bf21c0debb4938ba87ae4baf193684,58506,39,1,Player 2: purple,ai,Impostor,VOTE_INFLUENCE,
web_c4bf21c0debb4938ba87ae4baf193684,58511,39,1,Black,human,Crewmate,VOTE,Player 2: purple
web_c4bf21c0debb4938ba87ae4baf193684,58523,39,1,Pink,human,Crewmate,VOTE,Player 4: white
web_c4bf21c0debb4938ba87ae4baf193684,58526,39,1,Black,human,Crewmate,VOTE_INFLUENCE,
web_c4bf21c0debb4938ba87ae4baf193684,58543,39,1,Pink,human,Crewmate,VOTE_INFLUENCE,
web_c4bf21c0debb4938ba87ae4baf193684,58546,39,1,Green,human,Crewmate,VOTE,Player 4: white
web_c4bf21c0debb4938ba87ae4baf193684,58565,39,1,Green,human,Crewmate,VOTE_INFLUENCE,
web_c4bf21c0debb4938ba87ae4baf193684,58594,42,2,Black,human,Crewmate,PRE_VOTE,
web_c4bf21c0debb4938ba87ae4baf193684,58595,42,2,Player 2: purple,ai,Impostor,PRE_VOTE,
web_c4bf21c0debb4938ba87ae4baf193684,58596,42,2,Pink,human,Crewmate,PRE_VOTE,Player 2: purple
web_c4bf21c0debb4938ba87ae4baf193684,58597,42,2,Green,human,Crewmate,PRE_VOTE,
web_c4bf21c0debb4938ba87ae4baf193684,58902,42,2,Player 2: purple,ai,Impostor,VOTE,
web_c4bf21c0debb4938ba87ae4baf193684,58913,42,2,Player 2: purple,ai,Impostor,VOTE_INFLUENCE,
web_c4bf21c0debb4938ba87ae4baf193684,58915,42,2,Black,human,Crewmate,VOTE,Player 2: purple
web_c4bf21c0debb4938ba87ae4baf193684,58919,42,2,Green,human,Crewmate,VOTE,Player 2: purple
web_c4bf21c0debb4938ba87ae4baf193684,58921,42,2,Pink,human,Crewmate,VOTE,Player 2: purple
web_c4bf21c0debb4938ba87ae4baf193684,58925,42,2,Black,human,Crewmate,VOTE_INFLUENCE,
web_c4bf21c0debb4938ba87ae4baf193684,58931,42,2,Green,human,Crewmate,VOTE_INFLUENCE,
web_c4bf21c0debb4938ba87ae4baf193684,58932,42,2,Pink,human,Crewmate,VOTE_INFLUENCE,
web_c590f81c41fd417980e41981159f92f3,68196,36,1,Player 4: lime,ai,Crewmate,PRE_VOTE,
web_c590f81c41fd417980e41981159f92f3,68199,36,1,Player 3: orange,ai,Crewmate,PRE_VOTE,
web_c590f81c41fd417980e41981159f92f3,68206,36,1,Yellow,human,Impostor,PRE_VOTE,White
web_c590f81c41fd417980e41981159f92f3,68211,36,1,White,human,Crewmate,PRE_VOTE,
web_c590f81c41fd417980e41981159f92f3,68469,36,1,Player 4: lime,ai,Crewmate,VOTE,
web_c590f81c41fd417980e41981159f92f3,68472,36,1,Player 3: orange,ai,Crewmate,VOTE,
web_c590f81c41fd417980e41981159f92f3,68478,36,1,Player 4: lime,ai,Crewmate,VOTE_INFLUENCE,
web_c590f81c41fd417980e41981159f92f3,68482,36,1,Player 3: orange,ai,Crewmate,VOTE_INFLUENCE,
web_c590f81c41fd417980e41981159f92f3,68489,36,1,Yellow,human,Impostor,VOTE,White
web_c590f81c41fd417980e41981159f92f3,68500,36,1,Yellow,human,Impostor,VOTE_INFLUENCE,
web_c590f81c41fd417980e41981159f92f3,68510,36,1,White,human,Crewmate,VOTE,Player 4: lime
web_c590f81c41fd417980e41981159f92f3,68515,36,1,White,human,Crewmate,VOTE_INFLUENCE,
web_c627636f36e24dcab15fedd273ebce44,81604,81,1,Player 5: black,ai,Crewmate,PRE_VOTE,
web_c627636f36e24dcab15fedd273ebce44,81605,81,1,Player 2: red,ai,Impostor,PRE_VOTE,
web_c627636f36e24dcab15fedd273ebce44,81655,81,1,Lime,human,Crewmate,PRE_VOTE,
web_c627636f36e24dcab15fedd273ebce44,81808,81,1,Player 5: black,ai,Crewmate,VOTE,Lime
web_c627636f36e24dcab15fedd273ebce44,81809,81,1,Player 2: red,ai,Impostor,VOTE,
web_c627636f36e24dcab15fedd273ebce44,81811,81,1,Player 5: black,ai,Crewmate,VOTE_INFLUENCE,
web_c627636f36e24dcab15fedd273ebce44,81812,81,1,Player 2: red,ai,Impostor,VOTE_INFLUENCE,
web_c627636f36e24dcab15fedd273ebce44,81813,81,1,Lime,human,Crewmate,VOTE,Player 5: black
web_c627636f36e24dcab15fedd273ebce44,81826,81,1,Lime,human,Crewmate,VOTE_INFLUENCE,
web_c67a8c9818664d55b9bceaac0bfc5ed8,80108,48,1,Player 4: cyan,ai,Impostor,PRE_VOTE,
web_c67a8c9818664d55b9bceaac0bfc5ed8,80109,48,1,Player 5: lime,ai,Crewmate,PRE_VOTE,
web_c67a8c9818664d55b9bceaac0bfc5ed8,80110,48,1,Player 2: red,ai,Crewmate,PRE_VOTE,
web_c67a8c9818664d55b9bceaac0bfc5ed8,80117,48,1,Purple,human,Crewmate,PRE_VOTE,
web_c67a8c9818664d55b9bceaac0bfc5ed8,80326,48,1,Player 2: red,ai,Crewmate,VOTE,
web_c67a8c9818664d55b9bceaac0bfc5ed8,80328,48,1,Player 5: lime,ai,Crewmate,VOTE,
web_c67a8c9818664d55b9bceaac0bfc5ed8,80329,48,1,Player 4: cyan,ai,Impostor,VOTE,
web_c67a8c9818664d55b9bceaac0bfc5ed8,80335,48,1,Player 4: cyan,ai,Impostor,VOTE_INFLUENCE,
web_c67a8c9818664d55b9bceaac0bfc5ed8,80336,48,1,Player 2: red,ai,Crewmate,VOTE_INFLUENCE,
web_c67a8c9818664d55b9bceaac0bfc5ed8,80338,48,1,Player 5: lime,ai,Crewmate,VOTE_INFLUENCE,
web_c67a8c9818664d55b9bceaac0bfc5ed8,80340,48,1,Purple,human,Crewmate,VOTE,Player 5: lime
web_c67a8c9818664d55b9bceaac0bfc5ed8,80349,48,1,Purple,human,Crewmate,VOTE_INFLUENCE,
web_c67a8c9818664d55b9bceaac0bfc5ed8,80626,98,2,Player 2: red,ai,Crewmate,PRE_VOTE,
web_c67a8c9818664d55b9bceaac0bfc5ed8,80627,98,2,Player 4: cyan,ai,Impostor,PRE_VOTE,Player 2: red
web_c67a8c9818664d55b9bceaac0bfc5ed8,80631,98,2,Purple,human,Crewmate,PRE_VOTE,
web_c67a8c9818664d55b9bceaac0bfc5ed8,80842,98,2,Player 4: cyan,ai,Impostor,VOTE,Player 2: red
web_c67a8c9818664d55b9bceaac0bfc5ed8,80844,98,2,Player 2: red,ai,Crewmate,VOTE,
web_c67a8c9818664d55b9bceaac0bfc5ed8,80846,98,2,Player 2: red,ai,Crewmate,VOTE_INFLUENCE,
web_c67a8c9818664d55b9bceaac0bfc5ed8,80847,98,2,Player 4: cyan,ai,Impostor,VOTE_INFLUENCE,
web_c67a8c9818664d55b9bceaac0bfc5ed8,80858,98,2,Purple,human,Crewmate,VOTE,Player 2: red
web_c67a8c9818664d55b9bceaac0bfc5ed8,80866,98,2,Purple,human,Crewmate,VOTE_INFLUENCE,
web_c68bb855d57049cdb30554e902683e26,25474,84,1,White,human,Crewmate,PRE_VOTE,Purple
web_c68bb855d57049cdb30554e902683e26,25475,84,1,Cyan,human,Crewmate,PRE_VOTE,Yellow
web_c68bb855d57049cdb30554e902683e26,25479,84,1,Purple,human,Impostor,PRE_VOTE,
web_c68bb855d57049cdb30554e902683e26,25482,84,1,Orange,human,Crewmate,PRE_VOTE,
web_c68bb855d57049cdb30554e902683e26,25485,84,1,Yellow,human,Crewmate,PRE_VOTE,Orange
web_c68bb855d57049cdb30554e902683e26,25700,84,1,Cyan,human,Crewmate,VOTE,Yellow
web_c68bb855d57049cdb30554e902683e26,25703,84,1,Orange,human,Crewmate,VOTE,
web_c68bb855d57049cdb30554e902683e26,25709,84,1,Yellow,human,Crewmate,VOTE,Orange
web_c68bb855d57049cdb30554e902683e26,25715,84,1,Purple,human,Impostor,VOTE,
web_c68bb855d57049cdb30554e902683e26,25719,84,1,Orange,human,Crewmate,VOTE_INFLUENCE,
web_c68bb855d57049cdb30554e902683e26,25720,84,1,Cyan,human,Crewmate,VOTE_INFLUENCE,
web_c68bb855d57049cdb30554e902683e26,25733,84,1,White,human,Crewmate,VOTE,Orange
web_c68bb855d57049cdb30554e902683e26,25740,84,1,Purple,human,Impostor,VOTE_INFLUENCE,
web_c68bb855d57049cdb30554e902683e26,25743,84,1,Yellow,human,Crewmate,VOTE_INFLUENCE,
web_c68bb855d57049cdb30554e902683e26,25746,84,1,White,human,Crewmate,VOTE_INFLUENCE,
web_c695e62073a0487dba0df7c520ff9506,35052,14,1,Orange,human,Crewmate,PRE_VOTE,Orange
web_c695e62073a0487dba0df7c520ff9506,35059,14,1,Green,human,Impostor,PRE_VOTE,Blue
web_c695e62073a0487dba0df7c520ff9506,35060,14,1,Red,human,Crewmate,PRE_VOTE,
web_c695e62073a0487dba0df7c520ff9506,35061,14,1,Blue,human,Crewmate,PRE_VOTE,Orange
web_c695e62073a0487dba0df7c520ff9506,35191,14,1,Green,human,Impostor,VOTE,Blue
web_c695e62073a0487dba0df7c520ff9506,35193,14,1,Blue,human,Crewmate,VOTE,Green
web_c695e62073a0487dba0df7c520ff9506,35195,14,1,Red,human,Crewmate,VOTE,Blue
web_c695e62073a0487dba0df7c520ff9506,35197,14,1,Orange,human,Crewmate,VOTE,Green
web_c695e62073a0487dba0df7c520ff9506,35199,14,1,Blue,human,Crewmate,VOTE_INFLUENCE,
web_c695e62073a0487dba0df7c520ff9506,35200,14,1,Green,human,Impostor,VOTE_INFLUENCE,
web_c695e62073a0487dba0df7c520ff9506,35208,14,1,Red,human,Crewmate,VOTE_INFLUENCE,
web_c695e62073a0487dba0df7c520ff9506,35218,14,1,Orange,human,Crewmate,VOTE_INFLUENCE,
web_c72e542d50b74d5f84f4a06e788e6cf0,22391,76,1,Lime,human,Crewmate,PRE_VOTE,Green
web_c72e542d50b74d5f84f4a06e788e6cf0,22392,76,1,Orange,human,Crewmate,PRE_VOTE,
web_c72e542d50b74d5f84f4a06e788e6cf0,22395,76,1,Brown,human,Crewmate,PRE_VOTE,Lime
web_c72e542d50b74d5f84f4a06e788e6cf0,22400,76,1,Purple,human,Crewmate,PRE_VOTE,Green
web_c72e542d50b74d5f84f4a06e788e6cf0,22412,76,1,Green,human,Impostor,PRE_VOTE,
web_c72e542d50b74d5f84f4a06e788e6cf0,22539,76,1,Lime,human,Crewmate,VOTE,Green
web_c72e542d50b74d5f84f4a06e788e6cf0,22541,76,1,Brown,human,Crewmate,VOTE,Green
web_c72e542d50b74d5f84f4a06e788e6cf0,22547,76,1,Purple,human,Crewmate,VOTE,Green
web_c72e542d50b74d5f84f4a06e788e6cf0,22553,76,1,Lime,human,Crewmate,VOTE_INFLUENCE,
web_c72e542d50b74d5f84f4a06e788e6cf0,22557,76,1,Orange,human,Crewmate,VOTE,Green
web_c72e542d50b74d5f84f4a06e788e6cf0,22562,76,1,Purple,human,Crewmate,VOTE_INFLUENCE,
web_c72e542d50b74d5f84f4a06e788e6cf0,22569,76,1,Orange,human,Crewmate,VOTE_INFLUENCE,
web_c72e542d50b74d5f84f4a06e788e6cf0,22572,76,1,Brown,human,Crewmate,VOTE_INFLUENCE,
web_c734431f2ac24f3bab68b4417ca6010a,33735,24,1,White,human,Crewmate,PRE_VOTE,Purple
web_c734431f2ac24f3bab68b4417ca6010a,33736,24,1,Cyan,human,Impostor,PRE_VOTE,White
web_c734431f2ac24f3bab68b4417ca6010a,33737,24,1,Purple,human,Crewmate,PRE_VOTE,
web_c734431f2ac24f3bab68b4417ca6010a,33738,24,1,Green,human,Crewmate,PRE_VOTE,
web_c734431f2ac24f3bab68b4417ca6010a,33843,24,1,Purple,human,Crewmate,VOTE,
web_c734431f2ac24f3bab68b4417ca6010a,33849,24,1,White,human,Crewmate,VOTE,Cyan
web_c734431f2ac24f3bab68b4417ca6010a,33851,24,1,Cyan,human,Impostor,VOTE,White
web_c734431f2ac24f3bab68b4417ca6010a,33853,24,1,Purple,human,Crewmate,VOTE_INFLUENCE,
web_c734431f2ac24f3bab68b4417ca6010a,33856,24,1,Cyan,human,Impostor,VOTE_INFLUENCE,
web_c734431f2ac24f3bab68b4417ca6010a,33860,24,1,White,human,Crewmate,VOTE_INFLUENCE,
web_c734431f2ac24f3bab68b4417ca6010a,33861,24,1,Green,human,Crewmate,VOTE,Purple
web_c734431f2ac24f3bab68b4417ca6010a,33874,24,1,Green,human,Crewmate,VOTE_INFLUENCE,
web_c868cc32971147888c8a61101e569129,32090,1,1,Red,human,Crewmate,PRE_VOTE,
web_c868cc32971147888c8a61101e569129,32111,1,1,Orange,human,Crewmate,PRE_VOTE,Lime
web_c868cc32971147888c8a61101e569129,32118,1,1,Lime,human,Crewmate,PRE_VOTE,Lime
web_c868cc32971147888c8a61101e569129,32128,1,1,Yellow,human,Impostor,PRE_VOTE,
web_c868cc32971147888c8a61101e569129,32129,1,1,Blue,human,Crewmate,PRE_VOTE,
web_c868cc32971147888c8a61101e569129,32232,1,1,Red,human,Crewmate,VOTE,Yellow
web_c868cc32971147888c8a61101e569129,32240,1,1,Orange,human,Crewmate,VOTE,Yellow
web_c868cc32971147888c8a61101e569129,32242,1,1,Lime,human,Crewmate,VOTE,Orange
web_c868cc32971147888c8a61101e569129,32244,1,1,Red,human,Crewmate,VOTE_INFLUENCE,
web_c868cc32971147888c8a61101e569129,32246,1,1,Orange,human,Crewmate,VOTE_INFLUENCE,
web_c868cc32971147888c8a61101e569129,32248,1,1,Yellow,human,Impostor,VOTE,Orange
web_c868cc32971147888c8a61101e569129,32256,1,1,Lime,human,Crewmate,VOTE_INFLUENCE,
web_c868cc32971147888c8a61101e569129,32259,1,1,Yellow,human,Impostor,VOTE_INFLUENCE,
web_c868cc32971147888c8a61101e569129,32261,1,1,Blue,human,Crewmate,VOTE_INFLUENCE,
web_c868cc32971147888c8a61101e569129,32266,1,1,Blue,human,Crewmate,VOTE,
web_c868cc32971147888c8a61101e569129,32378,20,2,Orange,human,Crewmate,PRE_VOTE,Yellow
web_c868cc32971147888c8a61101e569129,32381,20,2,Red,human,Crewmate,PRE_VOTE,Orange
web_c868cc32971147888c8a61101e569129,32397,20,2,Yellow,human,Impostor,PRE_VOTE,
web_c868cc32971147888c8a61101e569129,32398,20,2,Blue,human,Crewmate,PRE_VOTE,
web_c868cc32971147888c8a61101e569129,32529,20,2,Yellow,human,Impostor,VOTE,Blue
web_c868cc32971147888c8a61101e569129,32533,20,2,Red,human,Crewmate,VOTE,Blue
web_c868cc32971147888c8a61101e569129,32535,20,2,Orange,human,Crewmate,VOTE,Red
web_c868cc32971147888c8a61101e569129,32542,20,2,Red,human,Crewmate,VOTE_INFLUENCE,
web_c868cc32971147888c8a61101e569129,32550,20,2,Orange,human,Crewmate,VOTE_INFLUENCE,
web_c868cc32971147888c8a61101e569129,32555,20,2,Yellow,human,Impostor,VOTE_INFLUENCE,
web_c868cc32971147888c8a61101e569129,32567,20,2,Blue,human,Crewmate,VOTE_INFLUENCE,
web_c868cc32971147888c8a61101e569129,32571,20,2,Blue,human,Crewmate,VOTE,
web_c948e1adb3a94e429b56f9354e5ac0f3,31838,50,1,Blue,human,Crewmate,PRE_VOTE,Orange
web_c948e1adb3a94e429b56f9354e5ac0f3,31844,50,1,Red,human,Crewmate,PRE_VOTE,
web_c948e1adb3a94e429b56f9354e5ac0f3,31849,50,1,Green,human,Crewmate,PRE_VOTE,
web_c948e1adb3a94e429b56f9354e5ac0f3,31852,50,1,Orange,human,Impostor,PRE_VOTE,Blue
web_c948e1adb3a94e429b56f9354e5ac0f3,32100,50,1,Blue,human,Crewmate,VOTE,Green
web_c948e1adb3a94e429b56f9354e5ac0f3,32106,50,1,Red,human,Crewmate,VOTE,Orange
web_c948e1adb3a94e429b56f9354e5ac0f3,32109,50,1,Green,human,Crewmate,VOTE,Orange
web_c948e1adb3a94e429b56f9354e5ac0f3,32112,50,1,Orange,human,Impostor,VOTE,Red
web_c948e1adb3a94e429b56f9354e5ac0f3,32114,50,1,Blue,human,Crewmate,VOTE_INFLUENCE,
web_c948e1adb3a94e429b56f9354e5ac0f3,32117,50,1,Red,human,Crewmate,VOTE_INFLUENCE,
web_c948e1adb3a94e429b56f9354e5ac0f3,32119,50,1,Green,human,Crewmate,VOTE_INFLUENCE,
web_c948e1adb3a94e429b56f9354e5ac0f3,32133,50,1,Orange,human,Impostor,VOTE_INFLUENCE,
web_c9b2b67673d345bca174d678d066e390,8566,41,1,Yellow,human,Crewmate,PRE_VOTE,Brown
web_c9b2b67673d345bca174d678d066e390,8569,41,1,Pink,human,Crewmate,PRE_VOTE,Yellow
web_c9b2b67673d345bca174d678d066e390,8572,41,1,Purple,human,Crewmate,PRE_VOTE,Yellow
web_c9b2b67673d345bca174d678d066e390,8577,41,1,Brown,human,Impostor,PRE_VOTE,
web_c9b2b67673d345bca174d678d066e390,8807,41,1,Purple,human,Crewmate,VOTE,Yellow
web_c9b2b67673d345bca174d678d066e390,8811,41,1,Yellow,human,Crewmate,VOTE,Purple
web_c9b2b67673d345bca174d678d066e390,8815,41,1,Brown,human,Impostor,VOTE,Yellow
web_c9b2b67673d345bca174d678d066e390,8819,41,1,Pink,human,Crewmate,VOTE,Brown
web_c9b2b67673d345bca174d678d066e390,8821,41,1,Purple,human,Crewmate,VOTE_INFLUENCE,
web_c9b2b67673d345bca174d678d066e390,8822,41,1,Yellow,human,Crewmate,VOTE_INFLUENCE,
web_c9b2b67673d345bca174d678d066e390,8824,41,1,Pink,human,Crewmate,VOTE_INFLUENCE,
web_c9b2b67673d345bca174d678d066e390,8832,41,1,Brown,human,Impostor,VOTE_INFLUENCE,
web_c9b2b67673d345bca174d678d066e390,8877,46,2,Pink,human,Crewmate,PRE_VOTE,
web_c9b2b67673d345bca174d678d066e390,8878,46,2,Brown,human,Impostor,PRE_VOTE,
web_c9b2b67673d345bca174d678d066e390,8880,46,2,Purple,human,Crewmate,PRE_VOTE,Brown
web_c9b2b67673d345bca174d678d066e390,9175,46,2,Pink,human,Crewmate,VOTE,Brown
web_c9b2b67673d345bca174d678d066e390,9179,46,2,Purple,human,Crewmate,VOTE,Brown
web_c9b2b67673d345bca174d678d066e390,9186,46,2,Brown,human,Impostor,VOTE,Purple
web_c9b2b67673d345bca174d678d066e390,9216,46,2,Purple,human,Crewmate,VOTE_INFLUENCE,
web_c9b2b67673d345bca174d678d066e390,9217,46,2,Pink,human,Crewmate,VOTE_INFLUENCE,
web_c9b2b67673d345bca174d678d066e390,9218,46,2,Brown,human,Impostor,VOTE_INFLUENCE,
web_ca08102ca7a544c09b8c5ef1593317bb,9298,1,1,Black,human,Crewmate,PRE_VOTE,Blue
web_ca08102ca7a544c09b8c5ef1593317bb,9301,1,1,Blue,human,Crewmate,PRE_VOTE,
web_ca08102ca7a544c09b8c5ef1593317bb,9306,1,1,Cyan,human,Crewmate,PRE_VOTE,
web_ca08102ca7a544c09b8c5ef1593317bb,9307,1,1,Yellow,human,Crewmate,PRE_VOTE,
web_ca08102ca7a544c09b8c5ef1593317bb,9308,1,1,Red,human,Impostor,PRE_VOTE,
web_ca08102ca7a544c09b8c5ef1593317bb,9486,1,1,Black,human,Crewmate,VOTE,Blue
web_ca08102ca7a544c09b8c5ef1593317bb,9489,1,1,Cyan,human,Crewmate,VOTE,Blue
web_ca08102ca7a544c09b8c5ef1593317bb,9491,1,1,Red,human,Impostor,VOTE,Blue
web_ca08102ca7a544c09b8c5ef1593317bb,9493,1,1,Yellow,human,Crewmate,VOTE,
web_ca08102ca7a544c09b8c5ef1593317bb,9500,1,1,Black,human,Crewmate,VOTE_INFLUENCE,
web_ca08102ca7a544c09b8c5ef1593317bb,9501,1,1,Red,human,Impostor,VOTE_INFLUENCE,
web_ca08102ca7a544c09b8c5ef1593317bb,9502,1,1,Blue,human,Crewmate,VOTE,
web_ca08102ca7a544c09b8c5ef1593317bb,9506,1,1,Yellow,human,Crewmate,VOTE_INFLUENCE,
web_ca08102ca7a544c09b8c5ef1593317bb,9508,1,1,Cyan,human,Crewmate,VOTE_INFLUENCE,
web_ca08102ca7a544c09b8c5ef1593317bb,9511,1,1,Blue,human,Crewmate,VOTE_INFLUENCE,
web_ca08102ca7a544c09b8c5ef1593317bb,9536,3,2,Yellow,human,Crewmate,PRE_VOTE,Black
web_ca08102ca7a544c09b8c5ef1593317bb,9541,3,2,Black,human,Crewmate,PRE_VOTE,
web_ca08102ca7a544c09b8c5ef1593317bb,9542,3,2,Red,human,Impostor,PRE_VOTE,
web_ca08102ca7a544c09b8c5ef1593317bb,9545,3,2,Cyan,human,Crewmate,PRE_VOTE,Black
web_ca08102ca7a544c09b8c5ef1593317bb,9807,3,2,Black,human,Crewmate,VOTE,Yellow
web_ca08102ca7a544c09b8c5ef1593317bb,9814,3,2,Red,human,Impostor,VOTE,Black
web_ca08102ca7a544c09b8c5ef1593317bb,9849,3,2,Black,human,Crewmate,VOTE_INFLUENCE,
web_ca08102ca7a544c09b8c5ef1593317bb,9850,3,2,Red,human,Impostor,VOTE_INFLUENCE,
web_ca08102ca7a544c09b8c5ef1593317bb,9852,3,2,Yellow,human,Crewmate,VOTE_INFLUENCE,
web_ca08102ca7a544c09b8c5ef1593317bb,9854,3,2,Cyan,human,Crewmate,VOTE_INFLUENCE,
web_ca08102ca7a544c09b8c5ef1593317bb,9857,3,2,Yellow,human,Crewmate,VOTE,
web_ca08102ca7a544c09b8c5ef1593317bb,9858,3,2,Cyan,human,Crewmate,VOTE,
web_ca08102ca7a544c09b8c5ef1593317bb,10724,187,3,Black,human,Crewmate,PRE_VOTE,
web_ca08102ca7a544c09b8c5ef1593317bb,10731,187,3,Cyan,human,Crewmate,PRE_VOTE,Black
web_ca08102ca7a544c09b8c5ef1593317bb,10736,187,3,Red,human,Impostor,PRE_VOTE,
web_ca08102ca7a544c09b8c5ef1593317bb,10883,187,3,Cyan,human,Crewmate,VOTE,Red
web_ca08102ca7a544c09b8c5ef1593317bb,10885,187,3,Black,human,Crewmate,VOTE,Red
web_ca08102ca7a544c09b8c5ef1593317bb,10889,187,3,Red,human,Impostor,VOTE,Black
web_ca08102ca7a544c09b8c5ef1593317bb,10897,187,3,Black,human,Crewmate,VOTE_INFLUENCE,
web_ca08102ca7a544c09b8c5ef1593317bb,10898,187,3,Red,human,Impostor,VOTE_INFLUENCE,
web_ca08102ca7a544c09b8c5ef1593317bb,10899,187,3,Cyan,human,Crewmate,VOTE_INFLUENCE,
web_ca41c0d24cfb46f5837c9840e95365bf,15908,107,1,Player 2: red,ai,Impostor,PRE_VOTE,
web_ca41c0d24cfb46f5837c9840e95365bf,15909,107,1,Player 4: purple,ai,Crewmate,PRE_VOTE,Player 4: purple
web_ca41c0d24cfb46f5837c9840e95365bf,15910,107,1,Player 5: green,ai,Crewmate,PRE_VOTE,
web_ca41c0d24cfb46f5837c9840e95365bf,15930,107,1,Player 4: purple,ai,Crewmate,VOTE,
web_ca41c0d24cfb46f5837c9840e95365bf,15931,107,1,Player 5: green,ai,Crewmate,VOTE,
web_ca41c0d24cfb46f5837c9840e95365bf,15932,107,1,Player 2: red,ai,Impostor,VOTE,
web_ca41c0d24cfb46f5837c9840e95365bf,15933,107,1,Player 5: green,ai,Crewmate,VOTE_INFLUENCE,
web_ca41c0d24cfb46f5837c9840e95365bf,15934,107,1,Player 2: red,ai,Impostor,VOTE_INFLUENCE,
web_ca41c0d24cfb46f5837c9840e95365bf,15935,107,1,Player 4: purple,ai,Crewmate,VOTE_INFLUENCE,
web_ca41c0d24cfb46f5837c9840e95365bf,15943,111,2,Player 5: green,ai,Crewmate,PRE_VOTE,
web_ca41c0d24cfb46f5837c9840e95365bf,15944,111,2,Player 4: purple,ai,Crewmate,PRE_VOTE,
web_ca41c0d24cfb46f5837c9840e95365bf,15945,111,2,Player 2: red,ai,Impostor,PRE_VOTE,
web_ca41c0d24cfb46f5837c9840e95365bf,15965,111,2,Player 5: green,ai,Crewmate,VOTE,Player 2: red
web_ca41c0d24cfb46f5837c9840e95365bf,15966,111,2,Player 2: red,ai,Impostor,VOTE,
web_ca41c0d24cfb46f5837c9840e95365bf,15967,111,2,Player 4: purple,ai,Crewmate,VOTE,
web_ca41c0d24cfb46f5837c9840e95365bf,15968,111,2,Player 2: red,ai,Impostor,VOTE_INFLUENCE,
web_ca41c0d24cfb46f5837c9840e95365bf,15969,111,2,Player 5: green,ai,Crewmate,VOTE_INFLUENCE,
web_ca41c0d24cfb46f5837c9840e95365bf,15970,111,2,Player 4: purple,ai,Crewmate,VOTE_INFLUENCE,
web_ca4fe1a4b177481c8f4afaddfe6e272a,17082,12,1,Cyan,human,Impostor,PRE_VOTE,Player 5: white
web_ca4fe1a4b177481c8f4afaddfe6e272a,17085,12,1,Player 5: white,ai,Crewmate,PRE_VOTE,
web_ca4fe1a4b177481c8f4afaddfe6e272a,17091,12,1,Brown,human,Crewmate,PRE_VOTE,Pink
web_ca4fe1a4b177481c8f4afaddfe6e272a,17098,12,1,Pink,human,Crewmate,PRE_VOTE,Pink
web_ca4fe1a4b177481c8f4afaddfe6e272a,17259,12,1,Player 5: white,ai,Crewmate,VOTE,
web_ca4fe1a4b177481c8f4afaddfe6e272a,17262,12,1,Player 5: white,ai,Crewmate,VOTE_INFLUENCE,
web_ca4fe1a4b177481c8f4afaddfe6e272a,17263,12,1,Cyan,human,Impostor,VOTE,Pink
web_ca4fe1a4b177481c8f4afaddfe6e272a,17265,12,1,Brown,human,Crewmate,VOTE,Pink
web_ca4fe1a4b177481c8f4afaddfe6e272a,17269,12,1,Cyan,human,Impostor,VOTE_INFLUENCE,
web_ca4fe1a4b177481c8f4afaddfe6e272a,17272,12,1,Brown,human,Crewmate,VOTE_INFLUENCE,
web_ca4fe1a4b177481c8f4afaddfe6e272a,17278,12,1,Pink,human,Crewmate,VOTE_INFLUENCE,
web_ca4fe1a4b177481c8f4afaddfe6e272a,17280,12,1,Pink,human,Crewmate,VOTE,
web_caa4027019824cbda804b4fcd30c48f4,60585,153,1,Player 5: cyan,ai,Crewmate,PRE_VOTE,Player 4: yellow
web_caa4027019824cbda804b4fcd30c48f4,60586,153,1,Pink,human,Crewmate,PRE_VOTE,Player 4: yellow
web_caa4027019824cbda804b4fcd30c48f4,60591,153,1,Player 4: yellow,ai,Impostor,PRE_VOTE,
web_caa4027019824cbda804b4fcd30c48f4,60592,153,1,Blue,human,Crewmate,PRE_VOTE,Player 4: yellow
web_caa4027019824cbda804b4fcd30c48f4,60766,153,1,Player 5: cyan,ai,Crewmate,VOTE,Player 4: yellow
web_caa4027019824cbda804b4fcd30c48f4,60768,153,1,Player 4: yellow,ai,Impostor,VOTE,
web_caa4027019824cbda804b4fcd30c48f4,60772,153,1,Player 5: cyan,ai,Crewmate,VOTE_INFLUENCE,
web_caa4027019824cbda804b4fcd30c48f4,60778,153,1,Player 4: yellow,ai,Impostor,VOTE_INFLUENCE,
web_caa4027019824cbda804b4fcd30c48f4,60791,153,1,Pink,human,Crewmate,VOTE,Player 4: yellow
web_caa4027019824cbda804b4fcd30c48f4,60802,153,1,Blue,human,Crewmate,VOTE,Player 4: yellow
web_caa4027019824cbda804b4fcd30c48f4,60805,153,1,Pink,human,Crewmate,VOTE_INFLUENCE,
web_caa4027019824cbda804b4fcd30c48f4,60808,153,1,Blue,human,Crewmate,VOTE_INFLUENCE,
web_cadfc470f0c649359cf5bcede6b90738,56541,20,1,Player 4: orange,ai,Crewmate,PRE_VOTE,Player 3: yellow
web_cadfc470f0c649359cf5bcede6b90738,56543,20,1,Player 5: cyan,ai,Crewmate,PRE_VOTE,
web_cadfc470f0c649359cf5bcede6b90738,56544,20,1,Player 3: yellow,ai,Impostor,PRE_VOTE,
web_cadfc470f0c649359cf5bcede6b90738,56555,20,1,Pink,human,Crewmate,PRE_VOTE,Player 5: cyan
web_cadfc470f0c649359cf5bcede6b90738,56679,20,1,Player 3: yellow,ai,Impostor,VOTE,Player 4: orange
web_cadfc470f0c649359cf5bcede6b90738,56680,20,1,Player 4: orange,ai,Crewmate,VOTE,Player 3: yellow
web_cadfc470f0c649359cf5bcede6b90738,56681,20,1,Player 5: cyan,ai,Crewmate,VOTE,
web_cadfc470f0c649359cf5bcede6b90738,56687,20,1,Player 5: cyan,ai,Crewmate,VOTE_INFLUENCE,
web_cadfc470f0c649359cf5bcede6b90738,56688,20,1,Player 4: orange,ai,Crewmate,VOTE_INFLUENCE,
web_cadfc470f0c649359cf5bcede6b90738,56689,20,1,Player 3: yellow,ai,Impostor,VOTE_INFLUENCE,
web_cadfc470f0c649359cf5bcede6b90738,56709,20,1,Pink,human,Crewmate,VOTE_INFLUENCE,
web_cadfc470f0c649359cf5bcede6b90738,56710,20,1,Pink,human,Crewmate,VOTE,
web_cadfc470f0c649359cf5bcede6b90738,56728,22,2,Player 4: orange,ai,Crewmate,PRE_VOTE,Player 3: yellow
web_cadfc470f0c649359cf5bcede6b90738,56729,22,2,Player 5: cyan,ai,Crewmate,PRE_VOTE,Player 3: yellow
web_cadfc470f0c649359cf5bcede6b90738,56732,22,2,Player 3: yellow,ai,Impostor,PRE_VOTE,Player 4: orange
web_cadfc470f0c649359cf5bcede6b90738,56751,22,2,Pink,human,Crewmate,PRE_VOTE,
web_cadfc470f0c649359cf5bcede6b90738,56851,22,2,Player 4: orange,ai,Crewmate,VOTE,
web_cadfc470f0c649359cf5bcede6b90738,56852,22,2,Player 5: cyan,ai,Crewmate,VOTE,
web_cadfc470f0c649359cf5bcede6b90738,56853,22,2,Player 3: yellow,ai,Impostor,VOTE,
web_cadfc470f0c649359cf5bcede6b90738,56854,22,2,Player 4: orange,ai,Crewmate,VOTE_INFLUENCE,
web_cadfc470f0c649359cf5bcede6b90738,56855,22,2,Player 3: yellow,ai,Impostor,VOTE_INFLUENCE,
web_cadfc470f0c649359cf5bcede6b90738,56857,22,2,Player 5: cyan,ai,Crewmate,VOTE_INFLUENCE,
web_cadfc470f0c649359cf5bcede6b90738,56858,22,2,Pink,human,Crewmate,VOTE,Player 4: orange
web_cadfc470f0c649359cf5bcede6b90738,56860,22,2,Pink,human,Crewmate,VOTE_INFLUENCE,
web_cc8c8bb79b6640b0a2feefcd072ca0a7,8081,4,1,Cyan,human,Crewmate,PRE_VOTE,
web_cc8c8bb79b6640b0a2feefcd072ca0a7,8082,4,1,White,human,Crewmate,PRE_VOTE,Brown
web_cc8c8bb79b6640b0a2feefcd072ca0a7,8083,4,1,Green,human,Crewmate,PRE_VOTE,
web_cc8c8bb79b6640b0a2feefcd072ca0a7,8084,4,1,Brown,human,Crewmate,PRE_VOTE,
web_cc8c8bb79b6640b0a2feefcd072ca0a7,8085,4,1,Pink,human,Impostor,PRE_VOTE,
web_cc8c8bb79b6640b0a2feefcd072ca0a7,8224,4,1,Brown,human,Crewmate,VOTE,Cyan
web_cc8c8bb79b6640b0a2feefcd072ca0a7,8226,4,1,Green,human,Crewmate,VOTE,
web_cc8c8bb79b6640b0a2feefcd072ca0a7,8228,4,1,Pink,human,Impostor,VOTE,White
web_cc8c8bb79b6640b0a2feefcd072ca0a7,8230,4,1,Cyan,human,Crewmate,VOTE,
web_cc8c8bb79b6640b0a2feefcd072ca0a7,8233,4,1,Green,human,Crewmate,VOTE_INFLUENCE,
web_cc8c8bb79b6640b0a2feefcd072ca0a7,8234,4,1,White,human,Crewmate,VOTE,Cyan
web_cc8c8bb79b6640b0a2feefcd072ca0a7,8236,4,1,Cyan,human,Crewmate,VOTE_INFLUENCE,
web_cc8c8bb79b6640b0a2feefcd072ca0a7,8237,4,1,Pink,human,Impostor,VOTE_INFLUENCE,
web_cc8c8bb79b6640b0a2feefcd072ca0a7,8239,4,1,Brown,human,Crewmate,VOTE_INFLUENCE,
web_cc8c8bb79b6640b0a2feefcd072ca0a7,8242,4,1,White,human,Crewmate,VOTE_INFLUENCE,
web_cc8c8bb79b6640b0a2feefcd072ca0a7,8273,8,2,White,human,Crewmate,PRE_VOTE,Pink
web_cc8c8bb79b6640b0a2feefcd072ca0a7,8274,8,2,Green,human,Crewmate,PRE_VOTE,Pink
web_cc8c8bb79b6640b0a2feefcd072ca0a7,8275,8,2,Pink,human,Impostor,PRE_VOTE,White
web_cc8c8bb79b6640b0a2feefcd072ca0a7,8281,8,2,Brown,human,Crewmate,PRE_VOTE,White
web_cc8c8bb79b6640b0a2feefcd072ca0a7,8587,8,2,White,human,Crewmate,VOTE,Pink
web_cc8c8bb79b6640b0a2feefcd072ca0a7,8589,8,2,Pink,human,Impostor,VOTE,Brown
web_cc8c8bb79b6640b0a2feefcd072ca0a7,8591,8,2,Brown,human,Crewmate,VOTE,Pink
web_cc8c8bb79b6640b0a2feefcd072ca0a7,8595,8,2,Green,human,Crewmate,VOTE,Pink
web_cc8c8bb79b6640b0a2feefcd072ca0a7,8624,8,2,White,human,Crewmate,VOTE_INFLUENCE,
web_cc8c8bb79b6640b0a2feefcd072ca0a7,8625,8,2,Green,human,Crewmate,VOTE_INFLUENCE,
web_cc8c8bb79b6640b0a2feefcd072ca0a7,8626,8,2,Pink,human,Impostor,VOTE_INFLUENCE,
web_cc8c8bb79b6640b0a2feefcd072ca0a7,8627,8,2,Brown,human,Crewmate,VOTE_INFLUENCE,
web_cd3cbe98b3994bf28a956bdaeb666ff7,64783,11,1,Player 3: orange,ai,Crewmate,PRE_VOTE,
web_cd3cbe98b3994bf28a956bdaeb666ff7,64787,11,1,Player 2: purple,ai,Crewmate,PRE_VOTE,
web_cd3cbe98b3994bf28a956bdaeb666ff7,64788,11,1,Green,human,Crewmate,PRE_VOTE,
web_cd3cbe98b3994bf28a956bdaeb666ff7,64792,11,1,Blue,human,Crewmate,PRE_VOTE,
web_cd3cbe98b3994bf28a956bdaeb666ff7,64820,11,1,Yellow,human,Impostor,PRE_VOTE,
web_cd3cbe98b3994bf28a956bdaeb666ff7,65089,11,1,Player 3: orange,ai,Crewmate,VOTE,
web_cd3cbe98b3994bf28a956bdaeb666ff7,65091,11,1,Player 2: purple,ai,Crewmate,VOTE,
web_cd3cbe98b3994bf28a956bdaeb666ff7,65092,11,1,Player 3: orange,ai,Crewmate,VOTE_INFLUENCE,
web_cd3cbe98b3994bf28a956bdaeb666ff7,65098,11,1,Player 2: purple,ai,Crewmate,VOTE_INFLUENCE,
web_cd3cbe98b3994bf28a956bdaeb666ff7,65104,11,1,Green,human,Crewmate,VOTE,Blue
web_cd3cbe98b3994bf28a956bdaeb666ff7,65107,11,1,Blue,human,Crewmate,VOTE,Green
web_cd3cbe98b3994bf28a956bdaeb666ff7,65109,11,1,Yellow,human,Impostor,VOTE,
web_cd3cbe98b3994bf28a956bdaeb666ff7,65117,11,1,Yellow,human,Impostor,VOTE_INFLUENCE,
web_cd3cbe98b3994bf28a956bdaeb666ff7,65118,11,1,Blue,human,Crewmate,VOTE_INFLUENCE,
web_cd3cbe98b3994bf28a956bdaeb666ff7,65120,11,1,Green,human,Crewmate,VOTE_INFLUENCE,
web_cd3cbe98b3994bf28a956bdaeb666ff7,65281,52,2,Player 2: purple,ai,Crewmate,PRE_VOTE,
web_cd3cbe98b3994bf28a956bdaeb666ff7,65282,52,2,Player 3: orange,ai,Crewmate,PRE_VOTE,
web_cd3cbe98b3994bf28a956bdaeb666ff7,65294,52,2,Yellow,human,Impostor,PRE_VOTE,
web_cd3cbe98b3994bf28a956bdaeb666ff7,65527,52,2,Player 3: orange,ai,Crewmate,VOTE,
web_cd3cbe98b3994bf28a956bdaeb666ff7,65528,52,2,Player 2: purple,ai,Crewmate,VOTE,
web_cd3cbe98b3994bf28a956bdaeb666ff7,65529,52,2,Player 3: orange,ai,Crewmate,VOTE_INFLUENCE,
web_cd3cbe98b3994bf28a956bdaeb666ff7,65530,52,2,Player 2: purple,ai,Crewmate,VOTE_INFLUENCE,
web_cd3cbe98b3994bf28a956bdaeb666ff7,65548,52,2,Yellow,human,Impostor,VOTE,Player 2: purple
web_cd3cbe98b3994bf28a956bdaeb666ff7,65560,52,2,Yellow,human,Impostor,VOTE_INFLUENCE,
web_cd9ec20090c149fdb1c2f4814b57d8a2,16629,9,1,Brown,human,Impostor,PRE_VOTE,
web_cd9ec20090c149fdb1c2f4814b57d8a2,16630,9,1,White,human,Crewmate,PRE_VOTE,
web_cd9ec20090c149fdb1c2f4814b57d8a2,16638,9,1,Red,human,Crewmate,PRE_VOTE,Purple
web_cd9ec20090c149fdb1c2f4814b57d8a2,16639,9,1,Purple,human,Crewmate,PRE_VOTE,Red
web_cd9ec20090c149fdb1c2f4814b57d8a2,16640,9,1,Green,human,Crewmate,PRE_VOTE,
web_cd9ec20090c149fdb1c2f4814b57d8a2,16819,9,1,Brown,human,Impostor,VOTE,Purple
web_cd9ec20090c149fdb1c2f4814b57d8a2,16821,9,1,White,human,Crewmate,VOTE,Purple
web_cd9ec20090c149fdb1c2f4814b57d8a2,16827,9,1,Purple,human,Crewmate,VOTE,Green
web_cd9ec20090c149fdb1c2f4814b57d8a2,16831,9,1,Green,human,Crewmate,VOTE,Purple
web_cd9ec20090c149fdb1c2f4814b57d8a2,16836,9,1,Brown,human,Impostor,VOTE_INFLUENCE,
web_cd9ec20090c149fdb1c2f4814b57d8a2,16840,9,1,Green,human,Crewmate,VOTE_INFLUENCE,
web_cd9ec20090c149fdb1c2f4814b57d8a2,16845,9,1,White,human,Crewmate,VOTE_INFLUENCE,
web_cd9ec20090c149fdb1c2f4814b57d8a2,16853,9,1,Purple,human,Crewmate,VOTE_INFLUENCE,
web_cd9ec20090c149fdb1c2f4814b57d8a2,16863,9,1,Red,human,Crewmate,VOTE_INFLUENCE,
web_cd9ec20090c149fdb1c2f4814b57d8a2,16864,9,1,Red,human,Crewmate,VOTE,
web_cd9ec20090c149fdb1c2f4814b57d8a2,17172,59,2,Green,human,Crewmate,PRE_VOTE,Red
web_cd9ec20090c149fdb1c2f4814b57d8a2,17173,59,2,Brown,human,Impostor,PRE_VOTE,Green
web_cd9ec20090c149fdb1c2f4814b57d8a2,17174,59,2,Red,human,Crewmate,PRE_VOTE,Green
web_cd9ec20090c149fdb1c2f4814b57d8a2,17292,59,2,Brown,human,Impostor,VOTE,Green
web_cd9ec20090c149fdb1c2f4814b57d8a2,17294,59,2,Red,human,Crewmate,VOTE,Green
web_cd9ec20090c149fdb1c2f4814b57d8a2,17296,59,2,Green,human,Crewmate,VOTE,Red
web_cd9ec20090c149fdb1c2f4814b57d8a2,17300,59,2,Brown,human,Impostor,VOTE_INFLUENCE,
web_cd9ec20090c149fdb1c2f4814b57d8a2,17302,59,2,Green,human,Crewmate,VOTE_INFLUENCE,
web_cd9ec20090c149fdb1c2f4814b57d8a2,17306,59,2,Red,human,Crewmate,VOTE_INFLUENCE,
web_ce58be17655a4fa2b61234a560cd4808,13455,2,1,Red,human,Impostor,PRE_VOTE,
web_ce58be17655a4fa2b61234a560cd4808,13456,2,1,Green,human,Crewmate,PRE_VOTE,
web_ce58be17655a4fa2b61234a560cd4808,13457,2,1,Pink,human,Crewmate,PRE_VOTE,
web_ce58be17655a4fa2b61234a560cd4808,13458,2,1,Orange,human,Crewmate,PRE_VOTE,
web_d00d96aef4a645ca9f9012848afe09fd,52333,28,1,White,human,Impostor,PRE_VOTE,Player 4: orange
web_d00d96aef4a645ca9f9012848afe09fd,52341,28,1,Player 4: orange,ai,Crewmate,PRE_VOTE,
web_d00d96aef4a645ca9f9012848afe09fd,52351,28,1,Cyan,human,Crewmate,PRE_VOTE,
web_d00d96aef4a645ca9f9012848afe09fd,52353,28,1,Blue,human,Crewmate,PRE_VOTE,White
web_d00d96aef4a645ca9f9012848afe09fd,52708,28,1,Player 4: orange,ai,Crewmate,VOTE,
web_d00d96aef4a645ca9f9012848afe09fd,52715,28,1,Player 4: orange,ai,Crewmate,VOTE_INFLUENCE,
web_d00d96aef4a645ca9f9012848afe09fd,52720,28,1,White,human,Impostor,VOTE,Blue
web_d00d96aef4a645ca9f9012848afe09fd,52724,28,1,Blue,human,Crewmate,VOTE,White
web_d00d96aef4a645ca9f9012848afe09fd,52726,28,1,Cyan,human,Crewmate,VOTE,White
web_d00d96aef4a645ca9f9012848afe09fd,52729,28,1,White,human,Impostor,VOTE_INFLUENCE,
web_d00d96aef4a645ca9f9012848afe09fd,52737,28,1,Cyan,human,Crewmate,VOTE_INFLUENCE,
web_d00d96aef4a645ca9f9012848afe09fd,52747,28,1,Blue,human,Crewmate,VOTE_INFLUENCE,
web_d01d30b805244e408708b6a9949cefc0,57056,34,1,Player 4: white,ai,Impostor,PRE_VOTE,
web_d01d30b805244e408708b6a9949cefc0,57057,34,1,Player 3: orange,ai,Crewmate,PRE_VOTE,
web_d01d30b805244e408708b6a9949cefc0,57058,34,1,Player 5: yellow,ai,Crewmate,PRE_VOTE,
web_d01d30b805244e408708b6a9949cefc0,57059,34,1,Blue,human,Crewmate,PRE_VOTE,Player 3: orange
web_d01d30b805244e408708b6a9949cefc0,57077,34,1,Player 5: yellow,ai,Crewmate,VOTE,
web_d01d30b805244e408708b6a9949cefc0,57078,34,1,Player 4: white,ai,Impostor,VOTE,
web_d01d30b805244e408708b6a9949cefc0,57079,34,1,Player 3: orange,ai,Crewmate,VOTE,
web_d01d30b805244e408708b6a9949cefc0,57080,34,1,Player 5: yellow,ai,Crewmate,VOTE_INFLUENCE,
web_d01d30b805244e408708b6a9949cefc0,57081,34,1,Player 3: orange,ai,Crewmate,VOTE_INFLUENCE,
web_d01d30b805244e408708b6a9949cefc0,57082,34,1,Player 4: white,ai,Impostor,VOTE_INFLUENCE,
web_d01d30b805244e408708b6a9949cefc0,57083,34,1,Blue,human,Crewmate,VOTE,Player 4: white
web_d01d30b805244e408708b6a9949cefc0,57085,34,1,Blue,human,Crewmate,VOTE_INFLUENCE,
web_d05af35bf31e4824a16f5245148d7c54,32695,33,1,Blue,human,Crewmate,PRE_VOTE,Blue
web_d05af35bf31e4824a16f5245148d7c54,32702,33,1,Black,human,Impostor,PRE_VOTE,Purple
web_d05af35bf31e4824a16f5245148d7c54,32712,33,1,Purple,human,Crewmate,PRE_VOTE,Blue
web_d05af35bf31e4824a16f5245148d7c54,32841,33,1,Blue,human,Crewmate,VOTE,Purple
web_d05af35bf31e4824a16f5245148d7c54,32843,33,1,Blue,human,Crewmate,VOTE_INFLUENCE,
web_d05af35bf31e4824a16f5245148d7c54,32846,33,1,Purple,human,Crewmate,VOTE,Blue
web_d05af35bf31e4824a16f5245148d7c54,32854,33,1,Black,human,Impostor,VOTE,Purple
web_d05af35bf31e4824a16f5245148d7c54,32864,33,1,Purple,human,Crewmate,VOTE_INFLUENCE,
web_d05af35bf31e4824a16f5245148d7c54,32871,33,1,Black,human,Impostor,VOTE_INFLUENCE,
web_d0775cfdaf6f4db9b6fcfad68ea09862,64050,71,1,Player 3: orange,ai,Crewmate,PRE_VOTE,
web_d0775cfdaf6f4db9b6fcfad68ea09862,64056,71,1,Cyan,human,Impostor,PRE_VOTE,
web_d0775cfdaf6f4db9b6fcfad68ea09862,64082,71,1,Brown,human,Crewmate,PRE_VOTE,
web_d0775cfdaf6f4db9b6fcfad68ea09862,64083,71,1,Pink,human,Crewmate,PRE_VOTE,
web_d0775cfdaf6f4db9b6fcfad68ea09862,64394,71,1,Player 3: orange,ai,Crewmate,VOTE,
web_d0775cfdaf6f4db9b6fcfad68ea09862,64406,71,1,Player 3: orange,ai,Crewmate,VOTE_INFLUENCE,
web_d0775cfdaf6f4db9b6fcfad68ea09862,64420,71,1,Brown,human,Crewmate,VOTE,Pink
web_d0775cfdaf6f4db9b6fcfad68ea09862,64425,71,1,Pink,human,Crewmate,VOTE,Brown
web_d0775cfdaf6f4db9b6fcfad68ea09862,64434,71,1,Pink,human,Crewmate,VOTE_INFLUENCE,
web_d0775cfdaf6f4db9b6fcfad68ea09862,64435,71,1,Brown,human,Crewmate,VOTE_INFLUENCE,
web_d0775cfdaf6f4db9b6fcfad68ea09862,64467,71,1,Cyan,human,Impostor,VOTE,Brown
web_d0775cfdaf6f4db9b6fcfad68ea09862,64508,71,1,Cyan,human,Impostor,VOTE_INFLUENCE,
web_d14c89dc616442029d83a6ddec13250e,89198,54,1,Purple,human,Crewmate,PRE_VOTE,Player 5: black
web_d14c89dc616442029d83a6ddec13250e,89199,54,1,Player 3: blue,ai,Crewmate,PRE_VOTE,
web_d14c89dc616442029d83a6ddec13250e,89200,54,1,Player 5: black,ai,Crewmate,PRE_VOTE,
web_d14c89dc616442029d83a6ddec13250e,89211,54,1,Green,human,Impostor,PRE_VOTE,Purple
web_d14c89dc616442029d83a6ddec13250e,89245,54,1,Player 5: black,ai,Crewmate,VOTE,
web_d14c89dc616442029d83a6ddec13250e,89246,54,1,Player 3: blue,ai,Crewmate,VOTE,
web_d14c89dc616442029d83a6ddec13250e,89247,54,1,Player 5: black,ai,Crewmate,VOTE_INFLUENCE,
web_d14c89dc616442029d83a6ddec13250e,89248,54,1,Player 3: blue,ai,Crewmate,VOTE_INFLUENCE,
web_d14c89dc616442029d83a6ddec13250e,89249,54,1,Green,human,Impostor,VOTE,Player 3: blue
web_d14c89dc616442029d83a6ddec13250e,89251,54,1,Purple,human,Crewmate,VOTE,Player 5: black
web_d14c89dc616442029d83a6ddec13250e,89253,54,1,Purple,human,Crewmate,VOTE_INFLUENCE,
web_d14c89dc616442029d83a6ddec13250e,89255,54,1,Green,human,Impostor,VOTE_INFLUENCE,
web_d14c89dc616442029d83a6ddec13250e,89329,82,2,Green,human,Impostor,PRE_VOTE,Player 3: blue
web_d14c89dc616442029d83a6ddec13250e,89330,82,2,Player 5: black,ai,Crewmate,PRE_VOTE,
web_d14c89dc616442029d83a6ddec13250e,89331,82,2,Player 3: blue,ai,Crewmate,PRE_VOTE,
web_d14c89dc616442029d83a6ddec13250e,89351,82,2,Player 5: black,ai,Crewmate,VOTE,
web_d14c89dc616442029d83a6ddec13250e,89352,82,2,Player 3: blue,ai,Crewmate,VOTE,
web_d14c89dc616442029d83a6ddec13250e,89353,82,2,Player 5: black,ai,Crewmate,VOTE_INFLUENCE,
web_d14c89dc616442029d83a6ddec13250e,89354,82,2,Player 3: blue,ai,Crewmate,VOTE_INFLUENCE,
web_d14c89dc616442029d83a6ddec13250e,89355,82,2,Green,human,Impostor,VOTE,Player 3: blue
web_d14c89dc616442029d83a6ddec13250e,89357,82,2,Green,human,Impostor,VOTE_INFLUENCE,
web_d16a1f2f7f9f4464afadc8d601bb30ae,45166,6,1,Player 3: brown,ai,Crewmate,PRE_VOTE,
web_d16a1f2f7f9f4464afadc8d601bb30ae,45167,6,1,Yellow,human,Impostor,PRE_VOTE,Purple
web_d16a1f2f7f9f4464afadc8d601bb30ae,45168,6,1,Pink,human,Crewmate,PRE_VOTE,
web_d16a1f2f7f9f4464afadc8d601bb30ae,45169,6,1,Purple,human,Crewmate,PRE_VOTE,Player 3: brown
web_d16a1f2f7f9f4464afadc8d601bb30ae,45369,6,1,Player 3: brown,ai,Crewmate,VOTE,
web_d16a1f2f7f9f4464afadc8d601bb30ae,45386,6,1,Player 3: brown,ai,Crewmate,VOTE_INFLUENCE,
web_d16a1f2f7f9f4464afadc8d601bb30ae,45392,6,1,Purple,human,Crewmate,VOTE,Yellow
web_d16a1f2f7f9f4464afadc8d601bb30ae,45394,6,1,Yellow,human,Impostor,VOTE,Player 3: brown
web_d16a1f2f7f9f4464afadc8d601bb30ae,45399,6,1,Pink,human,Crewmate,VOTE,Purple
web_d16a1f2f7f9f4464afadc8d601bb30ae,45408,6,1,Purple,human,Crewmate,VOTE_INFLUENCE,
web_d16a1f2f7f9f4464afadc8d601bb30ae,45413,6,1,Pink,human,Crewmate,VOTE_INFLUENCE,
web_d16a1f2f7f9f4464afadc8d601bb30ae,45414,6,1,Yellow,human,Impostor,VOTE_INFLUENCE,
web_d1c85a827aea45ae916a98664a59bc95,76959,32,1,Player 4: white,ai,Crewmate,PRE_VOTE,
web_d1c85a827aea45ae916a98664a59bc95,76961,32,1,Player 3: purple,ai,Impostor,PRE_VOTE,
web_d1c85a827aea45ae916a98664a59bc95,76962,32,1,Blue,human,Crewmate,PRE_VOTE,Player 3: purple
web_d1c85a827aea45ae916a98664a59bc95,76970,32,1,Black,human,Crewmate,PRE_VOTE,
web_d1c85a827aea45ae916a98664a59bc95,77394,32,1,Player 3: purple,ai,Impostor,VOTE,Black
web_d1c85a827aea45ae916a98664a59bc95,77398,32,1,Player 4: white,ai,Crewmate,VOTE,
web_d1c85a827aea45ae916a98664a59bc95,77400,32,1,Player 3: purple,ai,Impostor,VOTE_INFLUENCE,
web_d1c85a827aea45ae916a98664a59bc95,77407,32,1,Player 4: white,ai,Crewmate,VOTE_INFLUENCE,
web_d1c85a827aea45ae916a98664a59bc95,77412,32,1,Blue,human,Crewmate,VOTE,Black
web_d1c85a827aea45ae916a98664a59bc95,77420,32,1,Blue,human,Crewmate,VOTE_INFLUENCE,
web_d1c85a827aea45ae916a98664a59bc95,77435,32,1,Black,human,Crewmate,VOTE,Player 3: purple
web_d1c85a827aea45ae916a98664a59bc95,77444,32,1,Black,human,Crewmate,VOTE_INFLUENCE,
web_d1c85a827aea45ae916a98664a59bc95,77483,34,2,Blue,human,Crewmate,PRE_VOTE,Player 3: purple
web_d1c85a827aea45ae916a98664a59bc95,77492,34,2,Player 3: purple,ai,Impostor,PRE_VOTE,
web_d1c85a827aea45ae916a98664a59bc95,77497,34,2,Player 4: white,ai,Crewmate,PRE_VOTE,
web_d1c85a827aea45ae916a98664a59bc95,77900,34,2,Player 3: purple,ai,Impostor,VOTE,Blue
web_d1c85a827aea45ae916a98664a59bc95,77902,34,2,Player 4: white,ai,Crewmate,VOTE,
web_d1c85a827aea45ae916a98664a59bc95,77908,34,2,Player 3: purple,ai,Impostor,VOTE_INFLUENCE,
web_d1c85a827aea45ae916a98664a59bc95,77916,34,2,Player 4: white,ai,Crewmate,VOTE_INFLUENCE,
web_d1c85a827aea45ae916a98664a59bc95,77920,34,2,Blue,human,Crewmate,VOTE,Player 3: purple
web_d1c85a827aea45ae916a98664a59bc95,77924,34,2,Blue,human,Crewmate,VOTE_INFLUENCE,
web_d253b3790a56498eb61e6506c9c131ad,69868,54,1,Player 3: white,ai,Crewmate,PRE_VOTE,
web_d253b3790a56498eb61e6506c9c131ad,69875,54,1,Brown,human,Crewmate,PRE_VOTE,Player 3: white
web_d253b3790a56498eb61e6506c9c131ad,69879,54,1,Player 5: orange,ai,Impostor,PRE_VOTE,
web_d253b3790a56498eb61e6506c9c131ad,69920,54,1,Red,human,Crewmate,PRE_VOTE,Player 3: white
web_d253b3790a56498eb61e6506c9c131ad,70351,54,1,Player 3: white,ai,Crewmate,VOTE,
web_d253b3790a56498eb61e6506c9c131ad,70352,54,1,Player 5: orange,ai,Impostor,VOTE,
web_d253b3790a56498eb61e6506c9c131ad,70360,54,1,Player 3: white,ai,Crewmate,VOTE_INFLUENCE,
web_d253b3790a56498eb61e6506c9c131ad,70362,54,1,Player 5: orange,ai,Impostor,VOTE_INFLUENCE,
web_d253b3790a56498eb61e6506c9c131ad,70377,54,1,Brown,human,Crewmate,VOTE,Red
web_d253b3790a56498eb61e6506c9c131ad,70383,54,1,Red,human,Crewmate,VOTE,Player 3: white
web_d253b3790a56498eb61e6506c9c131ad,70389,54,1,Brown,human,Crewmate,VOTE_INFLUENCE,
web_d253b3790a56498eb61e6506c9c131ad,70400,54,1,Red,human,Crewmate,VOTE_INFLUENCE,
web_d253b3790a56498eb61e6506c9c131ad,70954,128,2,Brown,human,Crewmate,PRE_VOTE,Player 5: orange
web_d253b3790a56498eb61e6506c9c131ad,70955,128,2,Player 5: orange,ai,Impostor,PRE_VOTE,
web_d253b3790a56498eb61e6506c9c131ad,70958,128,2,Red,human,Crewmate,PRE_VOTE,
web_d253b3790a56498eb61e6506c9c131ad,71388,128,2,Player 5: orange,ai,Impostor,VOTE,
web_d253b3790a56498eb61e6506c9c131ad,71396,128,2,Player 5: orange,ai,Impostor,VOTE_INFLUENCE,
web_d253b3790a56498eb61e6506c9c131ad,71408,128,2,Brown,human,Crewmate,VOTE,Red
web_d253b3790a56498eb61e6506c9c131ad,71418,128,2,Brown,human,Crewmate,VOTE_INFLUENCE,
web_d253b3790a56498eb61e6506c9c131ad,71456,128,2,Red,human,Crewmate,VOTE_INFLUENCE,
web_d253b3790a56498eb61e6506c9c131ad,71459,128,2,Red,human,Crewmate,VOTE,
web_d4f783f8572c4953a0cb9059331f9250,81701,21,1,Player 4: orange,ai,Crewmate,PRE_VOTE,Black
web_d4f783f8572c4953a0cb9059331f9250,81703,21,1,Player 3: purple,ai,Crewmate,PRE_VOTE,Black
web_d4f783f8572c4953a0cb9059331f9250,81706,21,1,Black,human,Impostor,PRE_VOTE,Player 2: lime
web_d4f783f8572c4953a0cb9059331f9250,81707,21,1,Player 2: lime,ai,Crewmate,PRE_VOTE,Black
web_d4f783f8572c4953a0cb9059331f9250,81848,21,1,Player 2: lime,ai,Crewmate,VOTE,Black
web_d4f783f8572c4953a0cb9059331f9250,81849,21,1,Player 3: purple,ai,Crewmate,VOTE,Black
web_d4f783f8572c4953a0cb9059331f9250,81851,21,1,Player 4: orange,ai,Crewmate,VOTE,Black
web_d4f783f8572c4953a0cb9059331f9250,81856,21,1,Player 2: lime,ai,Crewmate,VOTE_INFLUENCE,
web_d4f783f8572c4953a0cb9059331f9250,81857,21,1,Player 3: purple,ai,Crewmate,VOTE_INFLUENCE,
web_d4f783f8572c4953a0cb9059331f9250,81860,21,1,Player 4: orange,ai,Crewmate,VOTE_INFLUENCE,
web_d4f783f8572c4953a0cb9059331f9250,81868,21,1,Black,human,Impostor,VOTE,Player 3: purple
web_d4f783f8572c4953a0cb9059331f9250,81880,21,1,Black,human,Impostor,VOTE_INFLUENCE,
web_d57a6bc9f62c4b7ba20481e7614d40ca,33812,1,1,Black,human,Crewmate,PRE_VOTE,White
web_d57a6bc9f62c4b7ba20481e7614d40ca,33815,1,1,Orange,human,Impostor,PRE_VOTE,Black
web_d57a6bc9f62c4b7ba20481e7614d40ca,33816,1,1,Blue,human,Crewmate,PRE_VOTE,Orange
web_d57a6bc9f62c4b7ba20481e7614d40ca,33817,1,1,Purple,human,Crewmate,PRE_VOTE,
web_d57a6bc9f62c4b7ba20481e7614d40ca,33826,1,1,White,human,Crewmate,PRE_VOTE,White
web_d57a6bc9f62c4b7ba20481e7614d40ca,34047,1,1,Orange,human,Impostor,VOTE,Black
web_d57a6bc9f62c4b7ba20481e7614d40ca,34051,1,1,Purple,human,Crewmate,VOTE,Orange
web_d57a6bc9f62c4b7ba20481e7614d40ca,34053,1,1,Black,human,Crewmate,VOTE,Orange
web_d57a6bc9f62c4b7ba20481e7614d40ca,34057,1,1,Blue,human,Crewmate,VOTE,Orange
web_d57a6bc9f62c4b7ba20481e7614d40ca,34064,1,1,Purple,human,Crewmate,VOTE_INFLUENCE,
web_d57a6bc9f62c4b7ba20481e7614d40ca,34066,1,1,Orange,human,Impostor,VOTE_INFLUENCE,
web_d57a6bc9f62c4b7ba20481e7614d40ca,34069,1,1,Black,human,Crewmate,VOTE_INFLUENCE,
web_d57a6bc9f62c4b7ba20481e7614d40ca,34070,1,1,Blue,human,Crewmate,VOTE_INFLUENCE,
web_d5964fa847cc451589e490af4111af18,12535,113,1,Player 4: cyan,ai,Crewmate,PRE_VOTE,Player 2: red
web_d5964fa847cc451589e490af4111af18,12536,113,1,Player 5: pink,ai,Impostor,PRE_VOTE,
web_d5964fa847cc451589e490af4111af18,12537,113,1,Player 2: red,ai,Crewmate,PRE_VOTE,
web_d5964fa847cc451589e490af4111af18,12596,113,1,Player 2: red,ai,Crewmate,VOTE,
web_d5964fa847cc451589e490af4111af18,12598,113,1,Player 4: cyan,ai,Crewmate,VOTE,
web_d5964fa847cc451589e490af4111af18,12599,113,1,Player 5: pink,ai,Impostor,VOTE,
web_d5964fa847cc451589e490af4111af18,12601,113,1,Player 2: red,ai,Crewmate,VOTE_INFLUENCE,
web_d5964fa847cc451589e490af4111af18,12602,113,1,Player 4: cyan,ai,Crewmate,VOTE_INFLUENCE,
web_d5964fa847cc451589e490af4111af18,12603,113,1,Player 5: pink,ai,Impostor,VOTE_INFLUENCE,
web_d60176a47d444508aaed52aa3742ca02,87734,30,1,Player 4: pink,ai,Crewmate,PRE_VOTE,Player 3: blue
web_d60176a47d444508aaed52aa3742ca02,87736,30,1,Player 2: orange,ai,Crewmate,PRE_VOTE,Player 3: blue
web_d60176a47d444508aaed52aa3742ca02,87740,30,1,Player 3: blue,ai,Impostor,PRE_VOTE,
web_d60176a47d444508aaed52aa3742ca02,87759,30,1,Black,human,Crewmate,PRE_VOTE,
web_d60176a47d444508aaed52aa3742ca02,88007,30,1,Player 3: blue,ai,Impostor,VOTE,Player 2: orange
web_d60176a47d444508aaed52aa3742ca02,88009,30,1,Player 2: orange,ai,Crewmate,VOTE,
web_d60176a47d444508aaed52aa3742ca02,88010,30,1,Player 4: pink,ai,Crewmate,VOTE,
web_d60176a47d444508aaed52aa3742ca02,88017,30,1,Player 3: blue,ai,Impostor,VOTE_INFLUENCE,
web_d60176a47d444508aaed52aa3742ca02,88022,30,1,Player 4: pink,ai,Crewmate,VOTE_INFLUENCE,
web_d60176a47d444508aaed52aa3742ca02,88023,30,1,Player 2: orange,ai,Crewmate,VOTE_INFLUENCE,
web_d60176a47d444508aaed52aa3742ca02,88033,30,1,Black,human,Crewmate,VOTE,Player 3: blue
web_d60176a47d444508aaed52aa3742ca02,88051,30,1,Black,human,Crewmate,VOTE_INFLUENCE,
web_d60176a47d444508aaed52aa3742ca02,88072,32,2,Black,human,Crewmate,PRE_VOTE,Player 3: blue
web_d60176a47d444508aaed52aa3742ca02,88074,32,2,Player 2: orange,ai,Crewmate,PRE_VOTE,Player 3: blue
web_d60176a47d444508aaed52aa3742ca02,88075,32,2,Player 4: pink,ai,Crewmate,PRE_VOTE,Player 3: blue
web_d60176a47d444508aaed52aa3742ca02,88076,32,2,Player 3: blue,ai,Impostor,PRE_VOTE,Player 2: orange
web_d60176a47d444508aaed52aa3742ca02,88296,32,2,Player 4: pink,ai,Crewmate,VOTE,Player 3: blue
web_d60176a47d444508aaed52aa3742ca02,88298,32,2,Player 2: orange,ai,Crewmate,VOTE,Player 3: blue
web_d60176a47d444508aaed52aa3742ca02,88300,32,2,Player 3: blue,ai,Impostor,VOTE,
web_d60176a47d444508aaed52aa3742ca02,88301,32,2,Player 4: pink,ai,Crewmate,VOTE_INFLUENCE,
web_d60176a47d444508aaed52aa3742ca02,88302,32,2,Player 2: orange,ai,Crewmate,VOTE_INFLUENCE,
web_d60176a47d444508aaed52aa3742ca02,88303,32,2,Player 3: blue,ai,Impostor,VOTE_INFLUENCE,
web_d60176a47d444508aaed52aa3742ca02,88305,32,2,Black,human,Crewmate,VOTE,Player 3: blue
web_d60176a47d444508aaed52aa3742ca02,88309,32,2,Black,human,Crewmate,VOTE_INFLUENCE,
web_d63889175f0b49be87b6c2ce23c94088,62213,15,1,Red,human,Crewmate,PRE_VOTE,
web_d63889175f0b49be87b6c2ce23c94088,62216,15,1,Player 2: yellow,ai,Crewmate,PRE_VOTE,
web_d63889175f0b49be87b6c2ce23c94088,62220,15,1,Player 3: orange,ai,Crewmate,PRE_VOTE,
web_d63889175f0b49be87b6c2ce23c94088,62224,15,1,Blue,human,Impostor,PRE_VOTE,
web_d63889175f0b49be87b6c2ce23c94088,62232,15,1,Purple,human,Crewmate,PRE_VOTE,Player 2: yellow
web_d63889175f0b49be87b6c2ce23c94088,62476,15,1,Player 2: yellow,ai,Crewmate,VOTE,
web_d63889175f0b49be87b6c2ce23c94088,62477,15,1,Player 3: orange,ai,Crewmate,VOTE,
web_d63889175f0b49be87b6c2ce23c94088,62478,15,1,Player 2: yellow,ai,Crewmate,VOTE_INFLUENCE,
web_d63889175f0b49be87b6c2ce23c94088,62484,15,1,Player 3: orange,ai,Crewmate,VOTE_INFLUENCE,
web_d63889175f0b49be87b6c2ce23c94088,62491,15,1,Purple,human,Crewmate,VOTE,
web_d63889175f0b49be87b6c2ce23c94088,62500,15,1,Red,human,Crewmate,VOTE,
web_d63889175f0b49be87b6c2ce23c94088,62502,15,1,Purple,human,Crewmate,VOTE_INFLUENCE,
web_d63889175f0b49be87b6c2ce23c94088,62504,15,1,Red,human,Crewmate,VOTE_INFLUENCE,
web_d63889175f0b49be87b6c2ce23c94088,62522,15,1,Blue,human,Impostor,VOTE,
web_d63889175f0b49be87b6c2ce23c94088,62530,15,1,Blue,human,Impostor,VOTE_INFLUENCE,
web_d63889175f0b49be87b6c2ce23c94088,63063,99,2,Blue,human,Impostor,PRE_VOTE,Player 2: yellow
web_d63889175f0b49be87b6c2ce23c94088,63064,99,2,Player 3: orange,ai,Crewmate,PRE_VOTE,
web_d63889175f0b49be87b6c2ce23c94088,63068,99,2,Player 2: yellow,ai,Crewmate,PRE_VOTE,
web_d63889175f0b49be87b6c2ce23c94088,63075,99,2,Purple,human,Crewmate,PRE_VOTE,Blue
web_d63889175f0b49be87b6c2ce23c94088,63253,99,2,Player 2: yellow,ai,Crewmate,VOTE,Blue
web_d63889175f0b49be87b6c2ce23c94088,63257,99,2,Player 3: orange,ai,Crewmate,VOTE,
web_d63889175f0b49be87b6c2ce23c94088,63259,99,2,Player 2: yellow,ai,Crewmate,VOTE_INFLUENCE,
web_d63889175f0b49be87b6c2ce23c94088,63260,99,2,Player 3: orange,ai,Crewmate,VOTE_INFLUENCE,
web_d63889175f0b49be87b6c2ce23c94088,63265,99,2,Purple,human,Crewmate,VOTE,Blue
web_d63889175f0b49be87b6c2ce23c94088,63269,99,2,Blue,human,Impostor,VOTE,Player 2: yellow
web_d63889175f0b49be87b6c2ce23c94088,63272,99,2,Purple,human,Crewmate,VOTE_INFLUENCE,
web_d63889175f0b49be87b6c2ce23c94088,63277,99,2,Blue,human,Impostor,VOTE_INFLUENCE,
web_d6cc4cef03254942a2f397812f74f98c,54625,52,1,Lime,human,Crewmate,PRE_VOTE,Brown
web_d6cc4cef03254942a2f397812f74f98c,54626,52,1,Yellow,human,Crewmate,PRE_VOTE,Brown
web_d6cc4cef03254942a2f397812f74f98c,54634,52,1,Player 2: purple,ai,Crewmate,PRE_VOTE,
web_d6cc4cef03254942a2f397812f74f98c,54666,52,1,White,human,Impostor,PRE_VOTE,
web_d6cc4cef03254942a2f397812f74f98c,54667,52,1,Brown,human,Crewmate,PRE_VOTE,Lime
web_d6cc4cef03254942a2f397812f74f98c,55130,52,1,Player 2: purple,ai,Crewmate,VOTE,
web_d6cc4cef03254942a2f397812f74f98c,55139,52,1,Player 2: purple,ai,Crewmate,VOTE_INFLUENCE,
web_d6cc4cef03254942a2f397812f74f98c,55153,52,1,Yellow,human,Crewmate,VOTE,Brown
web_d6cc4cef03254942a2f397812f74f98c,55158,52,1,Lime,human,Crewmate,VOTE,Brown
web_d6cc4cef03254942a2f397812f74f98c,55161,52,1,Brown,human,Crewmate,VOTE,Lime
web_d6cc4cef03254942a2f397812f74f98c,55171,52,1,White,human,Impostor,VOTE,Yellow
web_d6cc4cef03254942a2f397812f74f98c,55178,52,1,Yellow,human,Crewmate,VOTE_INFLUENCE,
web_d6cc4cef03254942a2f397812f74f98c,55187,52,1,Lime,human,Crewmate,VOTE_INFLUENCE,
web_d6cc4cef03254942a2f397812f74f98c,55193,52,1,White,human,Impostor,VOTE_INFLUENCE,
web_d6cc4cef03254942a2f397812f74f98c,55202,52,1,Brown,human,Crewmate,VOTE_INFLUENCE,
web_d6cc4cef03254942a2f397812f74f98c,55834,104,2,Player 2: purple,ai,Crewmate,PRE_VOTE,
web_d6cc4cef03254942a2f397812f74f98c,55853,104,2,White,human,Impostor,PRE_VOTE,
web_d6cc4cef03254942a2f397812f74f98c,55864,104,2,Yellow,human,Crewmate,PRE_VOTE,Player 2: purple
web_d6cc4cef03254942a2f397812f74f98c,56226,104,2,Player 2: purple,ai,Crewmate,VOTE,
web_d6cc4cef03254942a2f397812f74f98c,56229,104,2,Player 2: purple,ai,Crewmate,VOTE_INFLUENCE,
web_d6cc4cef03254942a2f397812f74f98c,56233,104,2,Yellow,human,Crewmate,VOTE,Player 2: purple
web_d6cc4cef03254942a2f397812f74f98c,56237,104,2,White,human,Impostor,VOTE,Player 2: purple
web_d6cc4cef03254942a2f397812f74f98c,56242,104,2,Yellow,human,Crewmate,VOTE_INFLUENCE,
web_d6cc4cef03254942a2f397812f74f98c,56255,104,2,White,human,Impostor,VOTE_INFLUENCE,
web_d6ea8b40a29845c5babc46dd9dff5ff3,52050,21,1,Player 3: green,ai,Impostor,PRE_VOTE,
web_d6ea8b40a29845c5babc46dd9dff5ff3,52064,21,1,Black,human,Crewmate,PRE_VOTE,
web_d6ea8b40a29845c5babc46dd9dff5ff3,52068,21,1,Purple,human,Crewmate,PRE_VOTE,Player 3: green
web_d6ea8b40a29845c5babc46dd9dff5ff3,52076,21,1,Blue,human,Crewmate,PRE_VOTE,Purple
web_d6ea8b40a29845c5babc46dd9dff5ff3,52538,21,1,Player 3: green,ai,Impostor,VOTE,
web_d6ea8b40a29845c5babc46dd9dff5ff3,52547,21,1,Player 3: green,ai,Impostor,VOTE_INFLUENCE,
web_d6ea8b40a29845c5babc46dd9dff5ff3,52552,21,1,Blue,human,Crewmate,VOTE,Player 3: green
web_d6ea8b40a29845c5babc46dd9dff5ff3,52554,21,1,Black,human,Crewmate,VOTE,Player 3: green
web_d6ea8b40a29845c5babc46dd9dff5ff3,52563,21,1,Black,human,Crewmate,VOTE_INFLUENCE,
web_d6ea8b40a29845c5babc46dd9dff5ff3,52565,21,1,Purple,human,Crewmate,VOTE,Blue
web_d6ea8b40a29845c5babc46dd9dff5ff3,52572,21,1,Blue,human,Crewmate,VOTE_INFLUENCE,
web_d6ea8b40a29845c5babc46dd9dff5ff3,52603,21,1,Purple,human,Crewmate,VOTE_INFLUENCE,
web_d6f9d8b9de504f12996e757a177d2606,67006,96,1,Player 2: pink,ai,Crewmate,PRE_VOTE,White
web_d6f9d8b9de504f12996e757a177d2606,67008,96,1,Player 3: lime,ai,Crewmate,PRE_VOTE,
web_d6f9d8b9de504f12996e757a177d2606,67011,96,1,Brown,human,Crewmate,PRE_VOTE,
web_d6f9d8b9de504f12996e757a177d2606,67019,96,1,White,human,Impostor,PRE_VOTE,Player 3: lime
web_d6f9d8b9de504f12996e757a177d2606,67020,96,1,Green,human,Crewmate,PRE_VOTE,Player 2: pink
web_d6f9d8b9de504f12996e757a177d2606,67211,96,1,Player 2: pink,ai,Crewmate,VOTE,White
web_d6f9d8b9de504f12996e757a177d2606,67212,96,1,Player 3: lime,ai,Crewmate,VOTE,White
web_d6f9d8b9de504f12996e757a177d2606,67216,96,1,Player 2: pink,ai,Crewmate,VOTE_INFLUENCE,
web_d6f9d8b9de504f12996e757a177d2606,67219,96,1,Player 3: lime,ai,Crewmate,VOTE_INFLUENCE,
web_d6f9d8b9de504f12996e757a177d2606,67222,96,1,White,human,Impostor,VOTE,Player 2: pink
web_d6f9d8b9de504f12996e757a177d2606,67224,96,1,Green,human,Crewmate,VOTE,White
web_d6f9d8b9de504f12996e757a177d2606,67230,96,1,White,human,Impostor,VOTE_INFLUENCE,
web_d6f9d8b9de504f12996e757a177d2606,67239,96,1,Green,human,Crewmate,VOTE_INFLUENCE,
web_d6f9d8b9de504f12996e757a177d2606,67240,96,1,Brown,human,Crewmate,VOTE,White
web_d6f9d8b9de504f12996e757a177d2606,67249,96,1,Brown,human,Crewmate,VOTE_INFLUENCE,
web_d80dbdfaed2940ac80b30ccf02ba4c38,49914,19,1,Player 2: green,ai,Crewmate,PRE_VOTE,Pink
web_d80dbdfaed2940ac80b30ccf02ba4c38,49917,19,1,Black,human,Crewmate,PRE_VOTE,
web_d80dbdfaed2940ac80b30ccf02ba4c38,49924,19,1,Purple,human,Crewmate,PRE_VOTE,
web_d80dbdfaed2940ac80b30ccf02ba4c38,49926,19,1,Brown,human,Crewmate,PRE_VOTE,Purple
web_d89af2b4f4aa44aea5b64e84ba0022a3,55049,45,1,Player 5: orange,ai,Crewmate,PRE_VOTE,
web_d89af2b4f4aa44aea5b64e84ba0022a3,55051,45,1,Player 2: brown,ai,Crewmate,PRE_VOTE,
web_d89af2b4f4aa44aea5b64e84ba0022a3,55061,45,1,Red,human,Impostor,PRE_VOTE,
web_d89af2b4f4aa44aea5b64e84ba0022a3,55541,45,1,Player 5: orange,ai,Crewmate,VOTE,
web_d89af2b4f4aa44aea5b64e84ba0022a3,55549,45,1,Player 2: brown,ai,Crewmate,VOTE,
web_d89af2b4f4aa44aea5b64e84ba0022a3,55556,45,1,Player 5: orange,ai,Crewmate,VOTE_INFLUENCE,
web_d89af2b4f4aa44aea5b64e84ba0022a3,55570,45,1,Player 2: brown,ai,Crewmate,VOTE_INFLUENCE,
web_d89af2b4f4aa44aea5b64e84ba0022a3,55587,45,1,Red,human,Impostor,VOTE,
web_d89af2b4f4aa44aea5b64e84ba0022a3,55628,45,1,Red,human,Impostor,VOTE_INFLUENCE,
web_d8c95511d041491482d53b0691f97036,17408,25,1,Lime,human,Crewmate,PRE_VOTE,White
web_d8c95511d041491482d53b0691f97036,17415,25,1,Purple,human,Crewmate,PRE_VOTE,
web_d8c95511d041491482d53b0691f97036,17416,25,1,White,human,Impostor,PRE_VOTE,
web_d8c95511d041491482d53b0691f97036,17417,25,1,Green,human,Crewmate,PRE_VOTE,White
web_d8c95511d041491482d53b0691f97036,17623,25,1,White,human,Impostor,VOTE,Lime
web_d8c95511d041491482d53b0691f97036,17625,25,1,Lime,human,Crewmate,VOTE,White
web_d8c95511d041491482d53b0691f97036,17630,25,1,Purple,human,Crewmate,VOTE,Lime
web_d8c95511d041491482d53b0691f97036,17632,25,1,White,human,Impostor,VOTE_INFLUENCE,
web_d8c95511d041491482d53b0691f97036,17641,25,1,Green,human,Crewmate,VOTE,White
web_d8c95511d041491482d53b0691f97036,17647,25,1,Purple,human,Crewmate,VOTE_INFLUENCE,
web_d8c95511d041491482d53b0691f97036,17648,25,1,Lime,human,Crewmate,VOTE_INFLUENCE,
web_d8c95511d041491482d53b0691f97036,17655,25,1,Green,human,Crewmate,VOTE_INFLUENCE,
web_d8c95511d041491482d53b0691f97036,17702,33,2,White,human,Impostor,PRE_VOTE,Lime
web_d8c95511d041491482d53b0691f97036,17703,33,2,Lime,human,Crewmate,PRE_VOTE,White
web_d8c95511d041491482d53b0691f97036,17704,33,2,Purple,human,Crewmate,PRE_VOTE,White
web_d8c95511d041491482d53b0691f97036,17861,33,2,Purple,human,Crewmate,VOTE,White
web_d8c95511d041491482d53b0691f97036,17863,33,2,Lime,human,Crewmate,VOTE,White
web_d8c95511d041491482d53b0691f97036,17869,33,2,White,human,Impostor,VOTE,Lime
web_d8c95511d041491482d53b0691f97036,17872,33,2,Purple,human,Crewmate,VOTE_INFLUENCE,
web_d8c95511d041491482d53b0691f97036,17873,33,2,White,human,Impostor,VOTE_INFLUENCE,
web_d8c95511d041491482d53b0691f97036,17876,33,2,Lime,human,Crewmate,VOTE_INFLUENCE,
web_d9d7ef656cd44853a264a04ce89cc2d4,48063,12,1,Player 4: cyan,ai,Crewmate,PRE_VOTE,Blue
web_d9d7ef656cd44853a264a04ce89cc2d4,48064,12,1,Blue,human,Impostor,PRE_VOTE,Black
web_d9d7ef656cd44853a264a04ce89cc2d4,48071,12,1,Purple,human,Crewmate,PRE_VOTE,Blue
web_d9d7ef656cd44853a264a04ce89cc2d4,48072,12,1,Black,human,Crewmate,PRE_VOTE,Blue
web_d9d7ef656cd44853a264a04ce89cc2d4,48279,12,1,Player 4: cyan,ai,Crewmate,VOTE,Blue
web_d9d7ef656cd44853a264a04ce89cc2d4,48282,12,1,Player 4: cyan,ai,Crewmate,VOTE_INFLUENCE,
web_d9d7ef656cd44853a264a04ce89cc2d4,48289,12,1,Blue,human,Impostor,VOTE,Black
web_d9d7ef656cd44853a264a04ce89cc2d4,48294,12,1,Purple,human,Crewmate,VOTE,Blue
web_d9d7ef656cd44853a264a04ce89cc2d4,48297,12,1,Blue,human,Impostor,VOTE_INFLUENCE,
web_d9d7ef656cd44853a264a04ce89cc2d4,48303,12,1,Purple,human,Crewmate,VOTE_INFLUENCE,
web_d9d7ef656cd44853a264a04ce89cc2d4,48320,12,1,Black,human,Crewmate,VOTE_INFLUENCE,
web_d9d7ef656cd44853a264a04ce89cc2d4,48322,12,1,Black,human,Crewmate,VOTE,
web_d9ed0e2d251a4ab69000093a945d9394,43781,1,1,Blue,human,Crewmate,PRE_VOTE,Blue
web_d9ed0e2d251a4ab69000093a945d9394,43783,1,1,Player 3: yellow,ai,Crewmate,PRE_VOTE,
web_d9ed0e2d251a4ab69000093a945d9394,43785,1,1,Player 5: red,ai,Impostor,PRE_VOTE,
web_d9ed0e2d251a4ab69000093a945d9394,43786,1,1,Player 4: green,ai,Crewmate,PRE_VOTE,
web_d9ed0e2d251a4ab69000093a945d9394,43787,1,1,Pink,human,Crewmate,PRE_VOTE,
web_d9ed0e2d251a4ab69000093a945d9394,43848,1,1,Player 3: yellow,ai,Crewmate,VOTE,
web_d9ed0e2d251a4ab69000093a945d9394,43851,1,1,Player 4: green,ai,Crewmate,VOTE,
web_d9ed0e2d251a4ab69000093a945d9394,43852,1,1,Player 5: red,ai,Impostor,VOTE,
web_d9ed0e2d251a4ab69000093a945d9394,43854,1,1,Player 3: yellow,ai,Crewmate,VOTE_INFLUENCE,
web_d9ed0e2d251a4ab69000093a945d9394,43855,1,1,Player 4: green,ai,Crewmate,VOTE_INFLUENCE,
web_d9ed0e2d251a4ab69000093a945d9394,43857,1,1,Player 5: red,ai,Impostor,VOTE_INFLUENCE,
web_d9ed0e2d251a4ab69000093a945d9394,43861,1,1,Blue,human,Crewmate,VOTE,Player 4: green
web_d9ed0e2d251a4ab69000093a945d9394,43864,1,1,Blue,human,Crewmate,VOTE_INFLUENCE,
web_d9ed0e2d251a4ab69000093a945d9394,43882,3,2,Blue,human,Crewmate,PRE_VOTE,
web_d9ed0e2d251a4ab69000093a945d9394,43884,3,2,Player 3: yellow,ai,Crewmate,PRE_VOTE,Blue
web_d9ed0e2d251a4ab69000093a945d9394,43886,3,2,Player 5: red,ai,Impostor,PRE_VOTE,
web_d9ed0e2d251a4ab69000093a945d9394,43987,3,2,Player 5: red,ai,Impostor,VOTE,
web_d9ed0e2d251a4ab69000093a945d9394,43988,3,2,Player 3: yellow,ai,Crewmate,VOTE,
web_d9ed0e2d251a4ab69000093a945d9394,43991,3,2,Player 5: red,ai,Impostor,VOTE_INFLUENCE,
web_d9ed0e2d251a4ab69000093a945d9394,43993,3,2,Player 3: yellow,ai,Crewmate,VOTE_INFLUENCE,
web_d9ed0e2d251a4ab69000093a945d9394,43996,3,2,Blue,human,Crewmate,VOTE,Player 5: red
web_d9ed0e2d251a4ab69000093a945d9394,43999,3,2,Blue,human,Crewmate,VOTE_INFLUENCE,
web_da6728d3329c485e80c7aecab0a8d85d,26846,37,1,Black,human,Crewmate,PRE_VOTE,White
web_da6728d3329c485e80c7aecab0a8d85d,26865,37,1,Brown,human,Impostor,PRE_VOTE,Black
web_da6728d3329c485e80c7aecab0a8d85d,26884,37,1,Pink,human,Crewmate,PRE_VOTE,
web_da6728d3329c485e80c7aecab0a8d85d,26885,37,1,White,human,Crewmate,PRE_VOTE,
web_da6728d3329c485e80c7aecab0a8d85d,27087,37,1,Black,human,Crewmate,VOTE,Brown
web_da6728d3329c485e80c7aecab0a8d85d,27092,37,1,Black,human,Crewmate,VOTE_INFLUENCE,
web_da6728d3329c485e80c7aecab0a8d85d,27098,37,1,Brown,human,Impostor,VOTE,Black
web_da6728d3329c485e80c7aecab0a8d85d,27116,37,1,Brown,human,Impostor,VOTE_INFLUENCE,
web_da6c152043f0426e9362106a525dad43,65359,27,1,Purple,human,Crewmate,PRE_VOTE,Orange
web_da6c152043f0426e9362106a525dad43,65364,27,1,Player 3: yellow,ai,Crewmate,PRE_VOTE,
web_da6c152043f0426e9362106a525dad43,65365,27,1,Player 5: pink,ai,Crewmate,PRE_VOTE,
web_da6c152043f0426e9362106a525dad43,65366,27,1,Orange,human,Impostor,PRE_VOTE,Purple
web_da6c152043f0426e9362106a525dad43,65610,27,1,Player 5: pink,ai,Crewmate,VOTE,Orange
web_da6c152043f0426e9362106a525dad43,65611,27,1,Player 3: yellow,ai,Crewmate,VOTE,Orange
web_da6c152043f0426e9362106a525dad43,65622,27,1,Player 5: pink,ai,Crewmate,VOTE_INFLUENCE,
web_da6c152043f0426e9362106a525dad43,65627,27,1,Player 3: yellow,ai,Crewmate,VOTE_INFLUENCE,
web_da6c152043f0426e9362106a525dad43,65632,27,1,Purple,human,Crewmate,VOTE,Orange
web_da6c152043f0426e9362106a525dad43,65634,27,1,Orange,human,Impostor,VOTE,Purple
web_da6c152043f0426e9362106a525dad43,65641,27,1,Orange,human,Impostor,VOTE_INFLUENCE,
web_da6c152043f0426e9362106a525dad43,65648,27,1,Purple,human,Crewmate,VOTE_INFLUENCE,
web_dac7de6b4d344037993d3a5d09d1f0d5,61321,52,1,Blue,human,Crewmate,PRE_VOTE,Player 2: green
web_dac7de6b4d344037993d3a5d09d1f0d5,61322,52,1,Player 5: lime,ai,Crewmate,PRE_VOTE,Player 2: green
web_dac7de6b4d344037993d3a5d09d1f0d5,61323,52,1,Player 2: green,ai,Impostor,PRE_VOTE,
web_dac7de6b4d344037993d3a5d09d1f0d5,61325,52,1,Brown,human,Crewmate,PRE_VOTE,Player 5: lime
web_dac7de6b4d344037993d3a5d09d1f0d5,61472,52,1,Player 5: lime,ai,Crewmate,VOTE,
web_dac7de6b4d344037993d3a5d09d1f0d5,61480,52,1,Player 2: green,ai,Impostor,VOTE,
web_dac7de6b4d344037993d3a5d09d1f0d5,61484,52,1,Player 5: lime,ai,Crewmate,VOTE_INFLUENCE,
web_dac7de6b4d344037993d3a5d09d1f0d5,61489,52,1,Player 2: green,ai,Impostor,VOTE_INFLUENCE,
web_dac7de6b4d344037993d3a5d09d1f0d5,61492,52,1,Blue,human,Crewmate,VOTE,Player 5: lime
web_dac7de6b4d344037993d3a5d09d1f0d5,61498,52,1,Blue,human,Crewmate,VOTE_INFLUENCE,
web_dac7de6b4d344037993d3a5d09d1f0d5,61525,52,1,Brown,human,Crewmate,VOTE_INFLUENCE,
web_dac7de6b4d344037993d3a5d09d1f0d5,61526,52,1,Brown,human,Crewmate,VOTE,
web_dca1cc242be34241996066ca9169a3bf,12143,25,1,Pink,human,Crewmate,PRE_VOTE,
web_dca1cc242be34241996066ca9169a3bf,12144,25,1,Player 3: brown,ai,Crewmate,PRE_VOTE,Player 4: green
web_dca1cc242be34241996066ca9169a3bf,12145,25,1,Player 2: white,ai,Crewmate,PRE_VOTE,Player 4: green
web_dca1cc242be34241996066ca9169a3bf,12146,25,1,Player 4: green,ai,Impostor,PRE_VOTE,
web_dca1cc242be34241996066ca9169a3bf,12165,25,1,Player 3: brown,ai,Crewmate,VOTE,Player 4: green
web_dca1cc242be34241996066ca9169a3bf,12166,25,1,Player 2: white,ai,Crewmate,VOTE,
web_dca1cc242be34241996066ca9169a3bf,12167,25,1,Player 4: green,ai,Impostor,VOTE,Pink
web_dca1cc242be34241996066ca9169a3bf,12168,25,1,Player 3: brown,ai,Crewmate,VOTE_INFLUENCE,
web_dca1cc242be34241996066ca9169a3bf,12169,25,1,Player 4: green,ai,Impostor,VOTE_INFLUENCE,
web_dca1cc242be34241996066ca9169a3bf,12170,25,1,Player 2: white,ai,Crewmate,VOTE_INFLUENCE,
web_dca1cc242be34241996066ca9169a3bf,12171,25,1,Pink,human,Crewmate,VOTE,Player 4: green
web_dca1cc242be34241996066ca9169a3bf,12173,25,1,Pink,human,Crewmate,VOTE_INFLUENCE,
web_dd7882265b1145e0b54ef73141736c6e,35928,4,1,Player 5: pink,ai,Crewmate,PRE_VOTE,Brown
web_dd7882265b1145e0b54ef73141736c6e,35931,4,1,Brown,human,Impostor,PRE_VOTE,White
web_dd7882265b1145e0b54ef73141736c6e,35936,4,1,Purple,human,Crewmate,PRE_VOTE,Purple
web_dd7882265b1145e0b54ef73141736c6e,35937,4,1,Lime,human,Crewmate,PRE_VOTE,Player 5: pink
web_dd7882265b1145e0b54ef73141736c6e,35977,4,1,White,human,Crewmate,PRE_VOTE,
web_dd7882265b1145e0b54ef73141736c6e,36230,4,1,Player 5: pink,ai,Crewmate,VOTE,Brown
web_dd7882265b1145e0b54ef73141736c6e,36238,4,1,Player 5: pink,ai,Crewmate,VOTE_INFLUENCE,
web_dd7882265b1145e0b54ef73141736c6e,36241,4,1,Lime,human,Crewmate,VOTE,Brown
web_dd7882265b1145e0b54ef73141736c6e,36250,4,1,Purple,human,Crewmate,VOTE,Lime
web_dd7882265b1145e0b54ef73141736c6e,36252,4,1,Brown,human,Impostor,VOTE,
web_dd7882265b1145e0b54ef73141736c6e,36267,4,1,Purple,human,Crewmate,VOTE_INFLUENCE,
web_dd7882265b1145e0b54ef73141736c6e,36269,4,1,Lime,human,Crewmate,VOTE_INFLUENCE,
web_dd7882265b1145e0b54ef73141736c6e,36271,4,1,White,human,Crewmate,VOTE,Player 5: pink
web_dd7882265b1145e0b54ef73141736c6e,36284,4,1,Brown,human,Impostor,VOTE_INFLUENCE,
web_dd7882265b1145e0b54ef73141736c6e,36303,4,1,White,human,Crewmate,VOTE_INFLUENCE,
web_dd87ee2566a846d786af2aaa051568d5,62886,161,1,Red,human,Crewmate,PRE_VOTE,Player 5: yellow
web_dd87ee2566a846d786af2aaa051568d5,62890,161,1,Player 5: yellow,ai,Impostor,PRE_VOTE,
web_dd87ee2566a846d786af2aaa051568d5,62892,161,1,Pink,human,Crewmate,PRE_VOTE,Player 5: yellow
web_dd87ee2566a846d786af2aaa051568d5,62929,161,1,White,human,Crewmate,PRE_VOTE,
web_dd87ee2566a846d786af2aaa051568d5,63160,161,1,Player 5: yellow,ai,Impostor,VOTE,
web_dd87ee2566a846d786af2aaa051568d5,63164,161,1,Player 5: yellow,ai,Impostor,VOTE_INFLUENCE,
web_dd87ee2566a846d786af2aaa051568d5,63168,161,1,Red,human,Crewmate,VOTE,Player 5: yellow
web_dd87ee2566a846d786af2aaa051568d5,63172,161,1,White,human,Crewmate,VOTE,Player 5: yellow
web_dd87ee2566a846d786af2aaa051568d5,63174,161,1,Pink,human,Crewmate,VOTE,Player 5: yellow
web_dd87ee2566a846d786af2aaa051568d5,63180,161,1,Red,human,Crewmate,VOTE_INFLUENCE,
web_dd87ee2566a846d786af2aaa051568d5,63187,161,1,White,human,Crewmate,VOTE_INFLUENCE,
web_dd87ee2566a846d786af2aaa051568d5,63195,161,1,Pink,human,Crewmate,VOTE_INFLUENCE,
web_def1a64d21254482ae3dcf4ede361bca,69455,17,1,Player 5: purple,ai,Crewmate,PRE_VOTE,
web_def1a64d21254482ae3dcf4ede361bca,69458,17,1,Player 3: lime,ai,Crewmate,PRE_VOTE,
web_def1a64d21254482ae3dcf4ede361bca,69470,17,1,Pink,human,Impostor,PRE_VOTE,Player 3: lime
web_def1a64d21254482ae3dcf4ede361bca,69946,17,1,Player 3: lime,ai,Crewmate,VOTE,
web_def1a64d21254482ae3dcf4ede361bca,69948,17,1,Player 5: purple,ai,Crewmate,VOTE,
web_def1a64d21254482ae3dcf4ede361bca,69964,17,1,Player 3: lime,ai,Crewmate,VOTE_INFLUENCE,
web_def1a64d21254482ae3dcf4ede361bca,69972,17,1,Player 5: purple,ai,Crewmate,VOTE_INFLUENCE,
web_def1a64d21254482ae3dcf4ede361bca,69994,17,1,Pink,human,Impostor,VOTE,Player 3: lime
web_def1a64d21254482ae3dcf4ede361bca,70025,17,1,Pink,human,Impostor,VOTE_INFLUENCE,
web_df821046c2c845709f0eb2fc3272e2f8,41501,18,1,Player 5: black,ai,Impostor,PRE_VOTE,
web_df821046c2c845709f0eb2fc3272e2f8,41502,18,1,Brown,human,Crewmate,PRE_VOTE,Player 5: black
web_df821046c2c845709f0eb2fc3272e2f8,41508,18,1,Green,human,Crewmate,PRE_VOTE,
web_df821046c2c845709f0eb2fc3272e2f8,41510,18,1,Orange,human,Crewmate,PRE_VOTE,Green
web_df821046c2c845709f0eb2fc3272e2f8,41608,18,1,Player 5: black,ai,Impostor,VOTE,
web_df821046c2c845709f0eb2fc3272e2f8,41611,18,1,Player 5: black,ai,Impostor,VOTE_INFLUENCE,
web_df821046c2c845709f0eb2fc3272e2f8,41617,18,1,Brown,human,Crewmate,VOTE,Green
web_df821046c2c845709f0eb2fc3272e2f8,41623,18,1,Green,human,Crewmate,VOTE,
web_df821046c2c845709f0eb2fc3272e2f8,41625,18,1,Brown,human,Crewmate,VOTE_INFLUENCE,
web_df821046c2c845709f0eb2fc3272e2f8,41627,18,1,Orange,human,Crewmate,VOTE,Player 5: black
web_df821046c2c845709f0eb2fc3272e2f8,41638,18,1,Orange,human,Crewmate,VOTE_INFLUENCE,
web_df821046c2c845709f0eb2fc3272e2f8,41639,18,1,Green,human,Crewmate,VOTE_INFLUENCE,
web_df86272ce53e427f88a16d8b5b8b2417,59413,28,1,Player 4: yellow,ai,Impostor,PRE_VOTE,
web_df86272ce53e427f88a16d8b5b8b2417,59415,28,1,Orange,human,Crewmate,PRE_VOTE,White
web_df86272ce53e427f88a16d8b5b8b2417,59416,28,1,Player 3: brown,ai,Crewmate,PRE_VOTE,
web_df86272ce53e427f88a16d8b5b8b2417,59418,28,1,Black,human,Crewmate,PRE_VOTE,
web_df86272ce53e427f88a16d8b5b8b2417,59419,28,1,White,human,Crewmate,PRE_VOTE,White
web_df86272ce53e427f88a16d8b5b8b2417,59621,28,1,Player 4: yellow,ai,Impostor,VOTE,
web_df86272ce53e427f88a16d8b5b8b2417,59624,28,1,Player 3: brown,ai,Crewmate,VOTE,
web_df86272ce53e427f88a16d8b5b8b2417,59627,28,1,Player 4: yellow,ai,Impostor,VOTE_INFLUENCE,
web_df86272ce53e427f88a16d8b5b8b2417,59629,28,1,Player 3: brown,ai,Crewmate,VOTE_INFLUENCE,
web_df86272ce53e427f88a16d8b5b8b2417,59634,28,1,Black,human,Crewmate,VOTE,Player 4: yellow
web_df86272ce53e427f88a16d8b5b8b2417,59637,28,1,Orange,human,Crewmate,VOTE,Player 3: brown
web_df86272ce53e427f88a16d8b5b8b2417,59641,28,1,Black,human,Crewmate,VOTE_INFLUENCE,
web_df86272ce53e427f88a16d8b5b8b2417,59642,28,1,Orange,human,Crewmate,VOTE_INFLUENCE,
web_df86272ce53e427f88a16d8b5b8b2417,59646,28,1,White,human,Crewmate,VOTE_INFLUENCE,
web_df86272ce53e427f88a16d8b5b8b2417,59647,28,1,White,human,Crewmate,VOTE,
web_df86272ce53e427f88a16d8b5b8b2417,59663,32,2,Player 3: brown,ai,Crewmate,PRE_VOTE,Player 4: yellow
web_df86272ce53e427f88a16d8b5b8b2417,59665,32,2,White,human,Crewmate,PRE_VOTE,White
web_df86272ce53e427f88a16d8b5b8b2417,59666,32,2,Player 4: yellow,ai,Impostor,PRE_VOTE,Player 3: brown
web_df86272ce53e427f88a16d8b5b8b2417,59669,32,2,Orange,human,Crewmate,PRE_VOTE,Player 3: brown
web_df86272ce53e427f88a16d8b5b8b2417,59671,32,2,Black,human,Crewmate,PRE_VOTE,Player 4: yellow
web_df86272ce53e427f88a16d8b5b8b2417,59857,32,2,Player 3: brown,ai,Crewmate,VOTE,Player 4: yellow
web_df86272ce53e427f88a16d8b5b8b2417,59860,32,2,Player 4: yellow,ai,Impostor,VOTE,
web_df86272ce53e427f88a16d8b5b8b2417,59862,32,2,Player 3: brown,ai,Crewmate,VOTE_INFLUENCE,
web_df86272ce53e427f88a16d8b5b8b2417,59872,32,2,Player 4: yellow,ai,Impostor,VOTE_INFLUENCE,
web_df86272ce53e427f88a16d8b5b8b2417,59884,32,2,Black,human,Crewmate,VOTE,Player 3: brown
web_df86272ce53e427f88a16d8b5b8b2417,59887,32,2,Orange,human,Crewmate,VOTE,Player 3: brown
web_df86272ce53e427f88a16d8b5b8b2417,59898,32,2,Orange,human,Crewmate,VOTE_INFLUENCE,
web_df86272ce53e427f88a16d8b5b8b2417,59905,32,2,Black,human,Crewmate,VOTE_INFLUENCE,
web_df86272ce53e427f88a16d8b5b8b2417,59908,32,2,White,human,Crewmate,VOTE_INFLUENCE,
web_df86272ce53e427f88a16d8b5b8b2417,59909,32,2,White,human,Crewmate,VOTE,
web_df86272ce53e427f88a16d8b5b8b2417,60049,44,3,Black,human,Crewmate,PRE_VOTE,
web_df86272ce53e427f88a16d8b5b8b2417,60060,44,3,Player 4: yellow,ai,Impostor,PRE_VOTE,
web_df86272ce53e427f88a16d8b5b8b2417,60063,44,3,Orange,human,Crewmate,PRE_VOTE,
web_df86272ce53e427f88a16d8b5b8b2417,60376,44,3,Player 4: yellow,ai,Impostor,VOTE,Black
web_df86272ce53e427f88a16d8b5b8b2417,60385,44,3,Player 4: yellow,ai,Impostor,VOTE_INFLUENCE,
web_df86272ce53e427f88a16d8b5b8b2417,60391,44,3,Black,human,Crewmate,VOTE,Player 4: yellow
web_df86272ce53e427f88a16d8b5b8b2417,60393,44,3,Orange,human,Crewmate,VOTE,Black
web_df86272ce53e427f88a16d8b5b8b2417,60412,44,3,Black,human,Crewmate,VOTE_INFLUENCE,
web_df86272ce53e427f88a16d8b5b8b2417,60414,44,3,Orange,human,Crewmate,VOTE_INFLUENCE,
web_dff7862d9d7b407b8809d5a1b932e4ce,67588,14,1,Player 4: pink,ai,Crewmate,PRE_VOTE,
web_dff7862d9d7b407b8809d5a1b932e4ce,67589,14,1,Player 3: white,ai,Crewmate,PRE_VOTE,
web_dff7862d9d7b407b8809d5a1b932e4ce,67592,14,1,Blue,human,Impostor,PRE_VOTE,
web_dff7862d9d7b407b8809d5a1b932e4ce,67620,14,1,Cyan,human,Crewmate,PRE_VOTE,
web_dff7862d9d7b407b8809d5a1b932e4ce,67807,14,1,Player 4: pink,ai,Crewmate,VOTE,
web_dff7862d9d7b407b8809d5a1b932e4ce,67808,14,1,Player 3: white,ai,Crewmate,VOTE,
web_dff7862d9d7b407b8809d5a1b932e4ce,67819,14,1,Player 3: white,ai,Crewmate,VOTE_INFLUENCE,
web_dff7862d9d7b407b8809d5a1b932e4ce,67822,14,1,Player 4: pink,ai,Crewmate,VOTE_INFLUENCE,
web_dff7862d9d7b407b8809d5a1b932e4ce,67830,14,1,Blue,human,Impostor,VOTE,Player 4: pink
web_dff7862d9d7b407b8809d5a1b932e4ce,67839,14,1,Cyan,human,Crewmate,VOTE,Player 3: white
web_dff7862d9d7b407b8809d5a1b932e4ce,67847,14,1,Cyan,human,Crewmate,VOTE_INFLUENCE,
web_dff7862d9d7b407b8809d5a1b932e4ce,67849,14,1,Blue,human,Impostor,VOTE_INFLUENCE,
web_dff7862d9d7b407b8809d5a1b932e4ce,68268,86,2,Player 4: pink,ai,Crewmate,PRE_VOTE,Blue
web_dff7862d9d7b407b8809d5a1b932e4ce,68270,86,2,Cyan,human,Crewmate,PRE_VOTE,
web_dff7862d9d7b407b8809d5a1b932e4ce,68278,86,2,Blue,human,Impostor,PRE_VOTE,Player 4: pink
web_dff7862d9d7b407b8809d5a1b932e4ce,68523,86,2,Player 4: pink,ai,Crewmate,VOTE,
web_dff7862d9d7b407b8809d5a1b932e4ce,68532,86,2,Player 4: pink,ai,Crewmate,VOTE_INFLUENCE,
web_dff7862d9d7b407b8809d5a1b932e4ce,68535,86,2,Blue,human,Impostor,VOTE,Player 4: pink
web_dff7862d9d7b407b8809d5a1b932e4ce,68545,86,2,Blue,human,Impostor,VOTE_INFLUENCE,
web_dff7862d9d7b407b8809d5a1b932e4ce,68548,86,2,Cyan,human,Crewmate,VOTE,Player 4: pink
web_dff7862d9d7b407b8809d5a1b932e4ce,68557,86,2,Cyan,human,Crewmate,VOTE_INFLUENCE,
web_e03de0921ec048b089ca3b391ed5f287,43029,1,1,Yellow,human,Crewmate,PRE_VOTE,
web_e03de0921ec048b089ca3b391ed5f287,43030,1,1,Player 2: red,ai,Impostor,PRE_VOTE,
web_e03de0921ec048b089ca3b391ed5f287,43031,1,1,Brown,human,Crewmate,PRE_VOTE,
web_e03de0921ec048b089ca3b391ed5f287,43032,1,1,Purple,human,Crewmate,PRE_VOTE,Player 2: red
web_e03de0921ec048b089ca3b391ed5f287,43033,1,1,Black,human,Crewmate,PRE_VOTE,
web_e03de0921ec048b089ca3b391ed5f287,43079,1,1,Player 2: red,ai,Impostor,VOTE,
web_e03de0921ec048b089ca3b391ed5f287,43082,1,1,Player 2: red,ai,Impostor,VOTE_INFLUENCE,
web_e03de0921ec048b089ca3b391ed5f287,43083,1,1,Yellow,human,Crewmate,VOTE,Black
web_e03de0921ec048b089ca3b391ed5f287,43086,1,1,Yellow,human,Crewmate,VOTE_INFLUENCE,
web_e03de0921ec048b089ca3b391ed5f287,43088,1,1,Black,human,Crewmate,VOTE,Brown
web_e03de0921ec048b089ca3b391ed5f287,43090,1,1,Brown,human,Crewmate,VOTE,Black
web_e03de0921ec048b089ca3b391ed5f287,43092,1,1,Purple,human,Crewmate,VOTE,Yellow
web_e03de0921ec048b089ca3b391ed5f287,43094,1,1,Black,human,Crewmate,VOTE_INFLUENCE,
web_e03de0921ec048b089ca3b391ed5f287,43099,1,1,Brown,human,Crewmate,VOTE_INFLUENCE,
web_e03de0921ec048b089ca3b391ed5f287,43100,1,1,Purple,human,Crewmate,VOTE_INFLUENCE,
web_e03de0921ec048b089ca3b391ed5f287,43128,7,2,Yellow,human,Crewmate,PRE_VOTE,Player 2: red
web_e03de0921ec048b089ca3b391ed5f287,43129,7,2,Player 2: red,ai,Impostor,PRE_VOTE,
web_e03de0921ec048b089ca3b391ed5f287,43131,7,2,Purple,human,Crewmate,PRE_VOTE,
web_e03de0921ec048b089ca3b391ed5f287,43132,7,2,Brown,human,Crewmate,PRE_VOTE,
web_e03de0921ec048b089ca3b391ed5f287,43197,7,2,Player 2: red,ai,Impostor,VOTE,
web_e03de0921ec048b089ca3b391ed5f287,43200,7,2,Player 2: red,ai,Impostor,VOTE_INFLUENCE,
web_e03de0921ec048b089ca3b391ed5f287,43201,7,2,Yellow,human,Crewmate,VOTE,Brown
web_e03de0921ec048b089ca3b391ed5f287,43203,7,2,Brown,human,Crewmate,VOTE,Yellow
web_e03de0921ec048b089ca3b391ed5f287,43206,7,2,Yellow,human,Crewmate,VOTE_INFLUENCE,
web_e03de0921ec048b089ca3b391ed5f287,43207,7,2,Brown,human,Crewmate,VOTE_INFLUENCE,
web_e03de0921ec048b089ca3b391ed5f287,43223,7,2,Purple,human,Crewmate,VOTE_INFLUENCE,
web_e03de0921ec048b089ca3b391ed5f287,43224,7,2,Purple,human,Crewmate,VOTE,
web_e03de0921ec048b089ca3b391ed5f287,43307,22,3,Yellow,human,Crewmate,PRE_VOTE,Player 2: red
web_e03de0921ec048b089ca3b391ed5f287,43312,22,3,Player 2: red,ai,Impostor,PRE_VOTE,
web_e03de0921ec048b089ca3b391ed5f287,43322,22,3,Purple,human,Crewmate,PRE_VOTE,Yellow
web_e03de0921ec048b089ca3b391ed5f287,43478,22,3,Player 2: red,ai,Impostor,VOTE,
web_e03de0921ec048b089ca3b391ed5f287,43484,22,3,Player 2: red,ai,Impostor,VOTE_INFLUENCE,
web_e03de0921ec048b089ca3b391ed5f287,43490,22,3,Yellow,human,Crewmate,VOTE,Player 2: red
web_e03de0921ec048b089ca3b391ed5f287,43494,22,3,Yellow,human,Crewmate,VOTE_INFLUENCE,
web_e03de0921ec048b089ca3b391ed5f287,43509,22,3,Purple,human,Crewmate,VOTE_INFLUENCE,
web_e03de0921ec048b089ca3b391ed5f287,43510,22,3,Purple,human,Crewmate,VOTE,
web_e0de846d5e1d45e393f2691b601123cf,32926,18,1,Purple,human,Crewmate,PRE_VOTE,
web_e0de846d5e1d45e393f2691b601123cf,32929,18,1,Cyan,human,Crewmate,PRE_VOTE,Brown
web_e0de846d5e1d45e393f2691b601123cf,32935,18,1,Brown,human,Crewmate,PRE_VOTE,Green
web_e0de846d5e1d45e393f2691b601123cf,32938,18,1,Green,human,Impostor,PRE_VOTE,Purple
web_e0de846d5e1d45e393f2691b601123cf,33069,18,1,Purple,human,Crewmate,VOTE,Green
web_e0de846d5e1d45e393f2691b601123cf,33071,18,1,Cyan,human,Crewmate,VOTE,Brown
web_e0de846d5e1d45e393f2691b601123cf,33073,18,1,Purple,human,Crewmate,VOTE_INFLUENCE,
web_e0de846d5e1d45e393f2691b601123cf,33076,18,1,Green,human,Impostor,VOTE,Purple
web_e0de846d5e1d45e393f2691b601123cf,33078,18,1,Cyan,human,Crewmate,VOTE_INFLUENCE,
web_e0de846d5e1d45e393f2691b601123cf,33085,18,1,Green,human,Impostor,VOTE_INFLUENCE,
web_e0de846d5e1d45e393f2691b601123cf,33089,18,1,Brown,human,Crewmate,VOTE_INFLUENCE,
web_e0de846d5e1d45e393f2691b601123cf,33090,18,1,Brown,human,Crewmate,VOTE,
web_e0dede66add84338afe4b410b1092f13,33056,7,1,Cyan,human,Impostor,PRE_VOTE,Purple
web_e0dede66add84338afe4b410b1092f13,33057,7,1,Purple,human,Crewmate,PRE_VOTE,Pink
web_e0dede66add84338afe4b410b1092f13,33058,7,1,Green,human,Crewmate,PRE_VOTE,
web_e0dede66add84338afe4b410b1092f13,33059,7,1,Brown,human,Crewmate,PRE_VOTE,Purple
web_e0dede66add84338afe4b410b1092f13,33068,7,1,Pink,human,Crewmate,PRE_VOTE,
web_e0dede66add84338afe4b410b1092f13,33251,7,1,Brown,human,Crewmate,VOTE,Cyan
web_e0dede66add84338afe4b410b1092f13,33255,7,1,Green,human,Crewmate,VOTE,Cyan
web_e0dede66add84338afe4b410b1092f13,33269,7,1,Pink,human,Crewmate,VOTE,Cyan
web_e0dede66add84338afe4b410b1092f13,33271,7,1,Purple,human,Crewmate,VOTE,Cyan
web_e0dede66add84338afe4b410b1092f13,33276,7,1,Brown,human,Crewmate,VOTE_INFLUENCE,
web_e0dede66add84338afe4b410b1092f13,33279,7,1,Cyan,human,Impostor,VOTE,Green
web_e0dede66add84338afe4b410b1092f13,33287,7,1,Green,human,Crewmate,VOTE_INFLUENCE,
web_e0dede66add84338afe4b410b1092f13,33294,7,1,Cyan,human,Impostor,VOTE_INFLUENCE,
web_e0dede66add84338afe4b410b1092f13,33305,7,1,Purple,human,Crewmate,VOTE_INFLUENCE,
web_e0e074f00ce24300b32c00d137c00f94,34504,1,1,Pink,human,Crewmate,PRE_VOTE,
web_e0e074f00ce24300b32c00d137c00f94,34505,1,1,Green,human,Crewmate,PRE_VOTE,
web_e0e074f00ce24300b32c00d137c00f94,34506,1,1,Brown,human,Crewmate,PRE_VOTE,
web_e0e074f00ce24300b32c00d137c00f94,34507,1,1,Purple,human,Crewmate,PRE_VOTE,
web_e0e074f00ce24300b32c00d137c00f94,34508,1,1,Cyan,human,Impostor,PRE_VOTE,Cyan
web_e0e074f00ce24300b32c00d137c00f94,34635,1,1,Brown,human,Crewmate,VOTE,
web_e0e074f00ce24300b32c00d137c00f94,34644,1,1,Purple,human,Crewmate,VOTE,Pink
web_e0e074f00ce24300b32c00d137c00f94,34646,1,1,Pink,human,Crewmate,VOTE,
web_e0e074f00ce24300b32c00d137c00f94,34649,1,1,Green,human,Crewmate,VOTE,
web_e0e074f00ce24300b32c00d137c00f94,34651,1,1,Brown,human,Crewmate,VOTE_INFLUENCE,
web_e0e074f00ce24300b32c00d137c00f94,34652,1,1,Pink,human,Crewmate,VOTE_INFLUENCE,
web_e0e074f00ce24300b32c00d137c00f94,34653,1,1,Green,human,Crewmate,VOTE_INFLUENCE,
web_e0e074f00ce24300b32c00d137c00f94,34654,1,1,Cyan,human,Impostor,VOTE,Brown
web_e0e074f00ce24300b32c00d137c00f94,34656,1,1,Purple,human,Crewmate,VOTE_INFLUENCE,
web_e0e074f00ce24300b32c00d137c00f94,34663,1,1,Cyan,human,Impostor,VOTE_INFLUENCE,
web_e0e074f00ce24300b32c00d137c00f94,35129,89,2,Purple,human,Crewmate,PRE_VOTE,Cyan
web_e0e074f00ce24300b32c00d137c00f94,35130,89,2,Pink,human,Crewmate,PRE_VOTE,
web_e0e074f00ce24300b32c00d137c00f94,35131,89,2,Green,human,Crewmate,PRE_VOTE,
web_e0e074f00ce24300b32c00d137c00f94,35137,89,2,Brown,human,Crewmate,PRE_VOTE,Purple
web_e0e074f00ce24300b32c00d137c00f94,35138,89,2,Cyan,human,Impostor,PRE_VOTE,Brown
web_e0e074f00ce24300b32c00d137c00f94,35296,89,2,Pink,human,Crewmate,VOTE,Cyan
web_e0e074f00ce24300b32c00d137c00f94,35307,89,2,Brown,human,Crewmate,VOTE,Cyan
web_e0e074f00ce24300b32c00d137c00f94,35312,89,2,Pink,human,Crewmate,VOTE_INFLUENCE,
web_e0e074f00ce24300b32c00d137c00f94,35315,89,2,Cyan,human,Impostor,VOTE,Purple
web_e0e074f00ce24300b32c00d137c00f94,35317,89,2,Brown,human,Crewmate,VOTE_INFLUENCE,
web_e0e074f00ce24300b32c00d137c00f94,35328,89,2,Cyan,human,Impostor,VOTE_INFLUENCE,
web_e0e074f00ce24300b32c00d137c00f94,35329,89,2,Purple,human,Crewmate,VOTE,Cyan
web_e0e074f00ce24300b32c00d137c00f94,35350,89,2,Green,human,Crewmate,VOTE_INFLUENCE,
web_e0e074f00ce24300b32c00d137c00f94,35351,89,2,Purple,human,Crewmate,VOTE_INFLUENCE,
web_e0e074f00ce24300b32c00d137c00f94,35356,89,2,Green,human,Crewmate,VOTE,
web_e17abc4ca70f450f95c5118d4d67c917,11451,24,1,Player 5: lime,ai,Crewmate,PRE_VOTE,Player 3: orange
web_e17abc4ca70f450f95c5118d4d67c917,11452,24,1,Player 4: pink,ai,Crewmate,PRE_VOTE,Player 3: orange
web_e17abc4ca70f450f95c5118d4d67c917,11455,24,1,Player 3: orange,ai,Impostor,PRE_VOTE,
web_e17abc4ca70f450f95c5118d4d67c917,11456,24,1,Player 2: red,ai,Crewmate,PRE_VOTE,
web_e17abc4ca70f450f95c5118d4d67c917,11517,24,1,Player 4: pink,ai,Crewmate,VOTE,Player 3: orange
web_e17abc4ca70f450f95c5118d4d67c917,11518,24,1,Player 2: red,ai,Crewmate,VOTE,Player 3: orange
web_e17abc4ca70f450f95c5118d4d67c917,11519,24,1,Player 3: orange,ai,Impostor,VOTE,Player 5: lime
web_e17abc4ca70f450f95c5118d4d67c917,11520,24,1,Player 5: lime,ai,Crewmate,VOTE,
web_e17abc4ca70f450f95c5118d4d67c917,11521,24,1,Player 3: orange,ai,Impostor,VOTE_INFLUENCE,
web_e17abc4ca70f450f95c5118d4d67c917,11522,24,1,Player 5: lime,ai,Crewmate,VOTE_INFLUENCE,
web_e17abc4ca70f450f95c5118d4d67c917,11523,24,1,Player 2: red,ai,Crewmate,VOTE_INFLUENCE,
web_e17abc4ca70f450f95c5118d4d67c917,11524,24,1,Player 4: pink,ai,Crewmate,VOTE_INFLUENCE,
web_e275b4d5168148d5b7a45aceb3391f5e,7274,5,1,Blue,human,Crewmate,PRE_VOTE,
web_e275b4d5168148d5b7a45aceb3391f5e,7275,5,1,Black,human,Impostor,PRE_VOTE,
web_e275b4d5168148d5b7a45aceb3391f5e,7276,5,1,Yellow,human,Crewmate,PRE_VOTE,Blue
web_e275b4d5168148d5b7a45aceb3391f5e,7278,5,1,Orange,human,Crewmate,PRE_VOTE,
web_e275b4d5168148d5b7a45aceb3391f5e,7280,5,1,Green,human,Crewmate,PRE_VOTE,
web_e275b4d5168148d5b7a45aceb3391f5e,7348,5,1,Orange,human,Crewmate,VOTE,
web_e275b4d5168148d5b7a45aceb3391f5e,7350,5,1,Yellow,human,Crewmate,VOTE,Blue
web_e275b4d5168148d5b7a45aceb3391f5e,7356,5,1,Blue,human,Crewmate,VOTE,
web_e275b4d5168148d5b7a45aceb3391f5e,7364,5,1,Black,human,Impostor,VOTE,
web_e275b4d5168148d5b7a45aceb3391f5e,7366,5,1,Yellow,human,Crewmate,VOTE_INFLUENCE,
web_e275b4d5168148d5b7a45aceb3391f5e,7367,5,1,Orange,human,Crewmate,VOTE_INFLUENCE,
web_e275b4d5168148d5b7a45aceb3391f5e,7368,5,1,Green,human,Crewmate,VOTE,Black
web_e275b4d5168148d5b7a45aceb3391f5e,7376,5,1,Blue,human,Crewmate,VOTE_INFLUENCE,
web_e275b4d5168148d5b7a45aceb3391f5e,7385,5,1,Black,human,Impostor,VOTE_INFLUENCE,
web_e275b4d5168148d5b7a45aceb3391f5e,7389,5,1,Green,human,Crewmate,VOTE_INFLUENCE,
web_e275b4d5168148d5b7a45aceb3391f5e,7744,85,2,Black,human,Impostor,PRE_VOTE,
web_e275b4d5168148d5b7a45aceb3391f5e,7746,85,2,Yellow,human,Crewmate,PRE_VOTE,Orange
web_e275b4d5168148d5b7a45aceb3391f5e,7752,85,2,Orange,human,Crewmate,PRE_VOTE,Black
web_e275b4d5168148d5b7a45aceb3391f5e,7908,85,2,Orange,human,Crewmate,VOTE,Yellow
web_e275b4d5168148d5b7a45aceb3391f5e,7915,85,2,Yellow,human,Crewmate,VOTE,Orange
web_e275b4d5168148d5b7a45aceb3391f5e,7918,85,2,Black,human,Impostor,VOTE,Orange
web_e275b4d5168148d5b7a45aceb3391f5e,7939,85,2,Black,human,Impostor,VOTE_INFLUENCE,
web_e275b4d5168148d5b7a45aceb3391f5e,7940,85,2,Yellow,human,Crewmate,VOTE_INFLUENCE,
web_e275b4d5168148d5b7a45aceb3391f5e,7941,85,2,Orange,human,Crewmate,VOTE_INFLUENCE,
web_e2a90069ccae478789035fec0734be0e,19511,10,1,Orange,human,Crewmate,PRE_VOTE,Blue
web_e2a90069ccae478789035fec0734be0e,19512,10,1,Lime,human,Crewmate,PRE_VOTE,Blue
web_e2a90069ccae478789035fec0734be0e,19513,10,1,Red,human,Impostor,PRE_VOTE,Orange
web_e2a90069ccae478789035fec0734be0e,19514,10,1,Blue,human,Crewmate,PRE_VOTE,Orange
web_e2a90069ccae478789035fec0734be0e,19710,10,1,Lime,human,Crewmate,VOTE,Red
web_e2a90069ccae478789035fec0734be0e,19714,10,1,Red,human,Impostor,VOTE,Lime
web_e2a90069ccae478789035fec0734be0e,19717,10,1,Lime,human,Crewmate,VOTE_INFLUENCE,
web_e2a90069ccae478789035fec0734be0e,19722,10,1,Red,human,Impostor,VOTE_INFLUENCE,
web_e2a90069ccae478789035fec0734be0e,19737,10,1,Blue,human,Crewmate,VOTE_INFLUENCE,
web_e2a90069ccae478789035fec0734be0e,19741,10,1,Blue,human,Crewmate,VOTE,
web_e3a0c87cb44b4ca6ad9aa53f826843f4,18735,38,1,Player 3: brown,ai,Impostor,PRE_VOTE,
web_e3a0c87cb44b4ca6ad9aa53f826843f4,18736,38,1,White,human,Crewmate,PRE_VOTE,
web_e3a0c87cb44b4ca6ad9aa53f826843f4,18737,38,1,Player 2: purple,ai,Crewmate,PRE_VOTE,
web_e3a0c87cb44b4ca6ad9aa53f826843f4,18738,38,1,Player 5: blue,ai,Crewmate,PRE_VOTE,
web_e3a0c87cb44b4ca6ad9aa53f826843f4,18799,38,1,Player 3: brown,ai,Impostor,VOTE,
web_e3a0c87cb44b4ca6ad9aa53f826843f4,18800,38,1,Player 5: blue,ai,Crewmate,VOTE,
web_e3a0c87cb44b4ca6ad9aa53f826843f4,18801,38,1,Player 2: purple,ai,Crewmate,VOTE,
web_e3a0c87cb44b4ca6ad9aa53f826843f4,18803,38,1,Player 3: brown,ai,Impostor,VOTE_INFLUENCE,
web_e3a0c87cb44b4ca6ad9aa53f826843f4,18804,38,1,Player 5: blue,ai,Crewmate,VOTE_INFLUENCE,
web_e3a0c87cb44b4ca6ad9aa53f826843f4,18807,38,1,Player 2: purple,ai,Crewmate,VOTE_INFLUENCE,
web_e3a0c87cb44b4ca6ad9aa53f826843f4,18811,38,1,White,human,Crewmate,VOTE,Player 3: brown
web_e3a0c87cb44b4ca6ad9aa53f826843f4,18817,38,1,White,human,Crewmate,VOTE_INFLUENCE,
web_e4a227102b4d4337bcbadd3785fd543a,55710,70,1,Blue,human,Crewmate,PRE_VOTE,
web_e4a227102b4d4337bcbadd3785fd543a,55714,70,1,Player 5: yellow,ai,Impostor,PRE_VOTE,
web_e4a227102b4d4337bcbadd3785fd543a,55729,70,1,Cyan,human,Crewmate,PRE_VOTE,Player 5: yellow
web_e4a227102b4d4337bcbadd3785fd543a,55739,70,1,White,human,Crewmate,PRE_VOTE,Player 5: yellow
web_e4a227102b4d4337bcbadd3785fd543a,56145,70,1,Player 5: yellow,ai,Impostor,VOTE,
web_e4a227102b4d4337bcbadd3785fd543a,56154,70,1,Player 5: yellow,ai,Impostor,VOTE_INFLUENCE,
web_e4a227102b4d4337bcbadd3785fd543a,56159,70,1,Blue,human,Crewmate,VOTE,Player 5: yellow
web_e4a227102b4d4337bcbadd3785fd543a,56162,70,1,Cyan,human,Crewmate,VOTE,Player 5: yellow
web_e4a227102b4d4337bcbadd3785fd543a,56169,70,1,White,human,Crewmate,VOTE,Player 5: yellow
web_e4a227102b4d4337bcbadd3785fd543a,56174,70,1,Blue,human,Crewmate,VOTE_INFLUENCE,
web_e4a227102b4d4337bcbadd3785fd543a,56177,70,1,Cyan,human,Crewmate,VOTE_INFLUENCE,
web_e4a227102b4d4337bcbadd3785fd543a,56192,70,1,White,human,Crewmate,VOTE_INFLUENCE,
web_e507365e860549ee9313bb944da7a999,21215,19,1,Yellow,human,Crewmate,PRE_VOTE,Green
web_e507365e860549ee9313bb944da7a999,21219,19,1,Lime,human,Crewmate,PRE_VOTE,
web_e507365e860549ee9313bb944da7a999,21226,19,1,Red,human,Crewmate,PRE_VOTE,Lime
web_e507365e860549ee9313bb944da7a999,21233,19,1,Green,human,Impostor,PRE_VOTE,
web_e507365e860549ee9313bb944da7a999,21240,19,1,Purple,human,Crewmate,PRE_VOTE,
web_e507365e860549ee9313bb944da7a999,21394,19,1,Yellow,human,Crewmate,VOTE,Green
web_e507365e860549ee9313bb944da7a999,21401,19,1,Red,human,Crewmate,VOTE,Green
web_e507365e860549ee9313bb944da7a999,21403,19,1,Lime,human,Crewmate,VOTE,Purple
web_e507365e860549ee9313bb944da7a999,21407,19,1,Green,human,Impostor,VOTE,Lime
web_e507365e860549ee9313bb944da7a999,21409,19,1,Lime,human,Crewmate,VOTE_INFLUENCE,
web_e507365e860549ee9313bb944da7a999,21414,19,1,Yellow,human,Crewmate,VOTE_INFLUENCE,
web_e507365e860549ee9313bb944da7a999,21415,19,1,Red,human,Crewmate,VOTE_INFLUENCE,
web_e507365e860549ee9313bb944da7a999,21419,19,1,Green,human,Impostor,VOTE_INFLUENCE,
web_e507365e860549ee9313bb944da7a999,21431,19,1,Purple,human,Crewmate,VOTE_INFLUENCE,
web_e507365e860549ee9313bb944da7a999,21435,19,1,Purple,human,Crewmate,VOTE,
web_e5480897f3d54c9c994b9e920df89c50,63245,116,1,Player 5: cyan,ai,Impostor,PRE_VOTE,
web_e5480897f3d54c9c994b9e920df89c50,63246,116,1,Player 4: yellow,ai,Crewmate,PRE_VOTE,
web_e5480897f3d54c9c994b9e920df89c50,63248,116,1,Purple,human,Crewmate,PRE_VOTE,
web_e5480897f3d54c9c994b9e920df89c50,63425,116,1,Player 5: cyan,ai,Impostor,VOTE,
web_e5480897f3d54c9c994b9e920df89c50,63426,116,1,Player 4: yellow,ai,Crewmate,VOTE,
web_e5480897f3d54c9c994b9e920df89c50,63433,116,1,Player 5: cyan,ai,Impostor,VOTE_INFLUENCE,
web_e5480897f3d54c9c994b9e920df89c50,63434,116,1,Player 4: yellow,ai,Crewmate,VOTE_INFLUENCE,
web_e5480897f3d54c9c994b9e920df89c50,63447,116,1,Purple,human,Crewmate,VOTE,
web_e5480897f3d54c9c994b9e920df89c50,63467,116,1,Purple,human,Crewmate,VOTE_INFLUENCE,
web_e5b328cfd28d4a088f9ffd71768c4424,48977,8,1,Player 3: green,ai,Crewmate,PRE_VOTE,Cyan
web_e5b328cfd28d4a088f9ffd71768c4424,48988,8,1,Pink,human,Crewmate,PRE_VOTE,Player 3: green
web_e5b328cfd28d4a088f9ffd71768c4424,48993,8,1,Cyan,human,Impostor,PRE_VOTE,
web_e5b328cfd28d4a088f9ffd71768c4424,49310,8,1,Player 3: green,ai,Crewmate,VOTE,Cyan
web_e5b328cfd28d4a088f9ffd71768c4424,49315,8,1,Player 3: green,ai,Crewmate,VOTE_INFLUENCE,
web_e5b328cfd28d4a088f9ffd71768c4424,49327,8,1,Pink,human,Crewmate,VOTE,Player 3: green
web_e5b328cfd28d4a088f9ffd71768c4424,49339,8,1,Cyan,human,Impostor,VOTE,
web_e5b328cfd28d4a088f9ffd71768c4424,49348,8,1,Pink,human,Crewmate,VOTE_INFLUENCE,
web_e5b328cfd28d4a088f9ffd71768c4424,49360,8,1,Cyan,human,Impostor,VOTE_INFLUENCE,
web_e5b328cfd28d4a088f9ffd71768c4424,49541,30,2,Cyan,human,Impostor,PRE_VOTE,
web_e5b328cfd28d4a088f9ffd71768c4424,49543,30,2,Player 3: green,ai,Crewmate,PRE_VOTE,
web_e5b328cfd28d4a088f9ffd71768c4424,49544,30,2,Pink,human,Crewmate,PRE_VOTE,Player 3: green
web_e5b328cfd28d4a088f9ffd71768c4424,49790,30,2,Player 3: green,ai,Crewmate,VOTE,Cyan
web_e5b328cfd28d4a088f9ffd71768c4424,49798,30,2,Player 3: green,ai,Crewmate,VOTE_INFLUENCE,
web_e5b328cfd28d4a088f9ffd71768c4424,49805,30,2,Cyan,human,Impostor,VOTE,Player 3: green
web_e5b328cfd28d4a088f9ffd71768c4424,49807,30,2,Pink,human,Crewmate,VOTE,Player 3: green
web_e5b328cfd28d4a088f9ffd71768c4424,49821,30,2,Pink,human,Crewmate,VOTE_INFLUENCE,
web_e5b328cfd28d4a088f9ffd71768c4424,49822,30,2,Cyan,human,Impostor,VOTE_INFLUENCE,
web_e5d56a9e04e24f118af5ea4cab13ae0f,23614,29,1,Brown,human,Crewmate,PRE_VOTE,Cyan
web_e5d56a9e04e24f118af5ea4cab13ae0f,23615,29,1,Cyan,human,Impostor,PRE_VOTE,
web_e5d56a9e04e24f118af5ea4cab13ae0f,23616,29,1,Lime,human,Crewmate,PRE_VOTE,Lime
web_e5d56a9e04e24f118af5ea4cab13ae0f,23619,29,1,Yellow,human,Crewmate,PRE_VOTE,Lime
web_e5d56a9e04e24f118af5ea4cab13ae0f,23620,29,1,Orange,human,Crewmate,PRE_VOTE,
web_e5d56a9e04e24f118af5ea4cab13ae0f,23801,29,1,Brown,human,Crewmate,VOTE,Cyan
web_e5d56a9e04e24f118af5ea4cab13ae0f,23804,29,1,Cyan,human,Impostor,VOTE,Lime
web_e5d56a9e04e24f118af5ea4cab13ae0f,23816,29,1,Lime,human,Crewmate,VOTE,
web_e5d56a9e04e24f118af5ea4cab13ae0f,23820,29,1,Brown,human,Crewmate,VOTE_INFLUENCE,
web_e5d56a9e04e24f118af5ea4cab13ae0f,23823,29,1,Yellow,human,Crewmate,VOTE,Orange
web_e5d56a9e04e24f118af5ea4cab13ae0f,23827,29,1,Lime,human,Crewmate,VOTE_INFLUENCE,
web_e5d56a9e04e24f118af5ea4cab13ae0f,23832,29,1,Orange,human,Crewmate,VOTE,Lime
web_e5d56a9e04e24f118af5ea4cab13ae0f,23836,29,1,Cyan,human,Impostor,VOTE_INFLUENCE,
web_e5d56a9e04e24f118af5ea4cab13ae0f,23844,29,1,Yellow,human,Crewmate,VOTE_INFLUENCE,
web_e5d56a9e04e24f118af5ea4cab13ae0f,23865,29,1,Orange,human,Crewmate,VOTE_INFLUENCE,
web_e5d56a9e04e24f118af5ea4cab13ae0f,23891,31,2,Brown,human,Crewmate,PRE_VOTE,Cyan
web_e5d56a9e04e24f118af5ea4cab13ae0f,23901,31,2,Orange,human,Crewmate,PRE_VOTE,Yellow
web_e5d56a9e04e24f118af5ea4cab13ae0f,23905,31,2,Cyan,human,Impostor,PRE_VOTE,Orange
web_e5d56a9e04e24f118af5ea4cab13ae0f,23913,31,2,Yellow,human,Crewmate,PRE_VOTE,Orange
web_e5d56a9e04e24f118af5ea4cab13ae0f,24046,31,2,Brown,human,Crewmate,VOTE,Cyan
web_e5d56a9e04e24f118af5ea4cab13ae0f,24048,31,2,Cyan,human,Impostor,VOTE,Brown
web_e5d56a9e04e24f118af5ea4cab13ae0f,24054,31,2,Brown,human,Crewmate,VOTE_INFLUENCE,
web_e5d56a9e04e24f118af5ea4cab13ae0f,24055,31,2,Cyan,human,Impostor,VOTE_INFLUENCE,
web_e5d56a9e04e24f118af5ea4cab13ae0f,24060,31,2,Yellow,human,Crewmate,VOTE,Cyan
web_e5d56a9e04e24f118af5ea4cab13ae0f,24071,31,2,Yellow,human,Crewmate,VOTE_INFLUENCE,
web_e5d56a9e04e24f118af5ea4cab13ae0f,24076,31,2,Orange,human,Crewmate,VOTE_INFLUENCE,
web_e5d56a9e04e24f118af5ea4cab13ae0f,24080,31,2,Orange,human,Crewmate,VOTE,
web_e615b2a2d1884a76a4c1741585642569,58897,38,1,Player 4: blue,ai,Crewmate,PRE_VOTE,
web_e615b2a2d1884a76a4c1741585642569,58898,38,1,Lime,human,Crewmate,PRE_VOTE,Black
web_e615b2a2d1884a76a4c1741585642569,58899,38,1,Player 2: purple,ai,Crewmate,PRE_VOTE,
web_e615b2a2d1884a76a4c1741585642569,58900,38,1,Black,human,Impostor,PRE_VOTE,Player 2: purple
web_e615b2a2d1884a76a4c1741585642569,59043,38,1,Player 2: purple,ai,Crewmate,VOTE,
web_e615b2a2d1884a76a4c1741585642569,59044,38,1,Player 4: blue,ai,Crewmate,VOTE,
web_e615b2a2d1884a76a4c1741585642569,59045,38,1,Player 2: purple,ai,Crewmate,VOTE_INFLUENCE,
web_e615b2a2d1884a76a4c1741585642569,59048,38,1,Player 4: blue,ai,Crewmate,VOTE_INFLUENCE,
web_e615b2a2d1884a76a4c1741585642569,59052,38,1,Black,human,Impostor,VOTE,Lime
web_e615b2a2d1884a76a4c1741585642569,59054,38,1,Lime,human,Crewmate,VOTE,Black
web_e615b2a2d1884a76a4c1741585642569,59058,38,1,Black,human,Impostor,VOTE_INFLUENCE,
web_e615b2a2d1884a76a4c1741585642569,59059,38,1,Lime,human,Crewmate,VOTE_INFLUENCE,
web_e615b2a2d1884a76a4c1741585642569,59154,60,2,Player 2: purple,ai,Crewmate,PRE_VOTE,Black
web_e615b2a2d1884a76a4c1741585642569,59156,60,2,Black,human,Impostor,PRE_VOTE,Player 4: blue
web_e615b2a2d1884a76a4c1741585642569,59157,60,2,Player 4: blue,ai,Crewmate,PRE_VOTE,
web_e615b2a2d1884a76a4c1741585642569,59305,60,2,Player 4: blue,ai,Crewmate,VOTE,Black
web_e615b2a2d1884a76a4c1741585642569,59312,60,2,Player 2: purple,ai,Crewmate,VOTE,
web_e615b2a2d1884a76a4c1741585642569,59316,60,2,Player 4: blue,ai,Crewmate,VOTE_INFLUENCE,
web_e615b2a2d1884a76a4c1741585642569,59320,60,2,Player 2: purple,ai,Crewmate,VOTE_INFLUENCE,
web_e615b2a2d1884a76a4c1741585642569,59328,60,2,Black,human,Impostor,VOTE,Player 4: blue
web_e615b2a2d1884a76a4c1741585642569,59335,60,2,Black,human,Impostor,VOTE_INFLUENCE,
web_e64ba96e01c440d0b5679770b9fb17ab,31334,6,1,Player 5: purple,ai,Crewmate,PRE_VOTE,Brown
web_e64ba96e01c440d0b5679770b9fb17ab,31335,6,1,Blue,human,Crewmate,PRE_VOTE,Player 5: purple
web_e64ba96e01c440d0b5679770b9fb17ab,31348,6,1,Brown,human,Impostor,PRE_VOTE,
web_e64ba96e01c440d0b5679770b9fb17ab,31349,6,1,White,human,Crewmate,PRE_VOTE,
web_e64ba96e01c440d0b5679770b9fb17ab,31350,6,1,Orange,human,Crewmate,PRE_VOTE,
web_e64ba96e01c440d0b5679770b9fb17ab,31499,6,1,Player 5: purple,ai,Crewmate,VOTE,Brown
web_e64ba96e01c440d0b5679770b9fb17ab,31500,6,1,Player 5: purple,ai,Crewmate,VOTE_INFLUENCE,
web_e64ba96e01c440d0b5679770b9fb17ab,31503,6,1,Blue,human,Crewmate,VOTE,Brown
web_e64ba96e01c440d0b5679770b9fb17ab,31509,6,1,Brown,human,Impostor,VOTE,Player 5: purple
web_e64ba96e01c440d0b5679770b9fb17ab,31511,6,1,Blue,human,Crewmate,VOTE_INFLUENCE,
web_e64ba96e01c440d0b5679770b9fb17ab,31519,6,1,Brown,human,Impostor,VOTE_INFLUENCE,
web_e6f12268d3a14f41836a48f94428e2ce,27640,106,1,Black,human,Crewmate,PRE_VOTE,
web_e6f12268d3a14f41836a48f94428e2ce,27641,106,1,White,human,Crewmate,PRE_VOTE,
web_e6f12268d3a14f41836a48f94428e2ce,27642,106,1,Purple,human,Crewmate,PRE_VOTE,
web_e6f12268d3a14f41836a48f94428e2ce,27650,106,1,Orange,human,Crewmate,PRE_VOTE,White
web_e6f12268d3a14f41836a48f94428e2ce,27657,106,1,Red,human,Impostor,PRE_VOTE,Red
web_e6f12268d3a14f41836a48f94428e2ce,27923,106,1,Black,human,Crewmate,VOTE,White
web_e6f12268d3a14f41836a48f94428e2ce,27930,106,1,Purple,human,Crewmate,VOTE,
web_e6f12268d3a14f41836a48f94428e2ce,27946,106,1,Purple,human,Crewmate,VOTE_INFLUENCE,
web_e6f12268d3a14f41836a48f94428e2ce,27948,106,1,Red,human,Impostor,VOTE,
web_e6f12268d3a14f41836a48f94428e2ce,27950,106,1,Orange,human,Crewmate,VOTE,White
web_e6f12268d3a14f41836a48f94428e2ce,27954,106,1,White,human,Crewmate,VOTE,Orange
web_e6f12268d3a14f41836a48f94428e2ce,27958,106,1,Black,human,Crewmate,VOTE_INFLUENCE,
web_e6f12268d3a14f41836a48f94428e2ce,27970,106,1,White,human,Crewmate,VOTE_INFLUENCE,
web_e6f12268d3a14f41836a48f94428e2ce,27976,106,1,Red,human,Impostor,VOTE_INFLUENCE,
web_e6f12268d3a14f41836a48f94428e2ce,27981,106,1,Orange,human,Crewmate,VOTE_INFLUENCE,
web_e7960eeba00c49c995b17521214e57f6,22844,12,1,Blue,human,Crewmate,PRE_VOTE,Black
web_e7960eeba00c49c995b17521214e57f6,22852,12,1,Yellow,human,Crewmate,PRE_VOTE,Yellow
web_e7960eeba00c49c995b17521214e57f6,22853,12,1,Green,human,Impostor,PRE_VOTE,Yellow
web_e7960eeba00c49c995b17521214e57f6,22868,12,1,Black,human,Crewmate,PRE_VOTE,
web_e7960eeba00c49c995b17521214e57f6,23081,12,1,Green,human,Impostor,VOTE,Black
web_e7960eeba00c49c995b17521214e57f6,23085,12,1,Blue,human,Crewmate,VOTE,Black
web_e7960eeba00c49c995b17521214e57f6,23090,12,1,Yellow,human,Crewmate,VOTE,Black
web_e7960eeba00c49c995b17521214e57f6,23101,12,1,Green,human,Impostor,VOTE_INFLUENCE,
web_e7960eeba00c49c995b17521214e57f6,23104,12,1,Blue,human,Crewmate,VOTE_INFLUENCE,
web_e7960eeba00c49c995b17521214e57f6,23114,12,1,Yellow,human,Crewmate,VOTE_INFLUENCE,
web_e881af8632434ffe9a396d465abeaa7b,52521,45,1,Player 5: purple,ai,Crewmate,PRE_VOTE,
web_e881af8632434ffe9a396d465abeaa7b,52529,45,1,Brown,human,Impostor,PRE_VOTE,Yellow
web_e881af8632434ffe9a396d465abeaa7b,52542,45,1,Yellow,human,Crewmate,PRE_VOTE,Player 5: purple
web_e881af8632434ffe9a396d465abeaa7b,52569,45,1,Orange,human,Crewmate,PRE_VOTE,
web_e881af8632434ffe9a396d465abeaa7b,52831,45,1,Player 5: purple,ai,Crewmate,VOTE,
web_e881af8632434ffe9a396d465abeaa7b,52838,45,1,Player 5: purple,ai,Crewmate,VOTE_INFLUENCE,
web_e881af8632434ffe9a396d465abeaa7b,52844,45,1,Brown,human,Impostor,VOTE,Player 5: purple
web_e881af8632434ffe9a396d465abeaa7b,52847,45,1,Yellow,human,Crewmate,VOTE,Player 5: purple
web_e881af8632434ffe9a396d465abeaa7b,52857,45,1,Yellow,human,Crewmate,VOTE_INFLUENCE,
web_e881af8632434ffe9a396d465abeaa7b,52866,45,1,Brown,human,Impostor,VOTE_INFLUENCE,
web_e881af8632434ffe9a396d465abeaa7b,52886,45,1,Orange,human,Crewmate,VOTE_INFLUENCE,
web_e881af8632434ffe9a396d465abeaa7b,52888,45,1,Orange,human,Crewmate,VOTE,
web_e881af8632434ffe9a396d465abeaa7b,52943,48,2,Yellow,human,Crewmate,PRE_VOTE,Brown
web_e881af8632434ffe9a396d465abeaa7b,52948,48,2,Brown,human,Impostor,PRE_VOTE,Orange
web_e881af8632434ffe9a396d465abeaa7b,53005,48,2,Orange,human,Crewmate,PRE_VOTE,
web_e881af8632434ffe9a396d465abeaa7b,53404,48,2,Yellow,human,Crewmate,VOTE,Brown
web_e881af8632434ffe9a396d465abeaa7b,53406,48,2,Orange,human,Crewmate,VOTE,Brown
web_e881af8632434ffe9a396d465abeaa7b,53418,48,2,Brown,human,Impostor,VOTE,Orange
web_e881af8632434ffe9a396d465abeaa7b,53420,48,2,Yellow,human,Crewmate,VOTE_INFLUENCE,
web_e881af8632434ffe9a396d465abeaa7b,53421,48,2,Orange,human,Crewmate,VOTE_INFLUENCE,
web_e881af8632434ffe9a396d465abeaa7b,53425,48,2,Brown,human,Impostor,VOTE_INFLUENCE,
web_e9d2a9ae4db347e597a614cddd533fd6,86511,41,1,Player 5: pink,ai,Crewmate,PRE_VOTE,Player 4: blue
web_e9d2a9ae4db347e597a614cddd533fd6,86512,41,1,Player 2: red,ai,Crewmate,PRE_VOTE,
web_e9d2a9ae4db347e597a614cddd533fd6,86514,41,1,Player 4: blue,ai,Impostor,PRE_VOTE,
web_e9d2a9ae4db347e597a614cddd533fd6,86837,41,1,Player 5: pink,ai,Crewmate,VOTE,Player 4: blue
web_e9d2a9ae4db347e597a614cddd533fd6,86840,41,1,Player 4: blue,ai,Impostor,VOTE,Player 5: pink
web_e9d2a9ae4db347e597a614cddd533fd6,86843,41,1,Player 2: red,ai,Crewmate,VOTE,
web_e9d2a9ae4db347e597a614cddd533fd6,86845,41,1,Player 5: pink,ai,Crewmate,VOTE_INFLUENCE,
web_e9d2a9ae4db347e597a614cddd533fd6,86846,41,1,Player 4: blue,ai,Impostor,VOTE_INFLUENCE,
web_e9d2a9ae4db347e597a614cddd533fd6,86853,41,1,Player 2: red,ai,Crewmate,VOTE_INFLUENCE,
web_ea284926d587497996cd5fcb947f1526,46685,14,1,Cyan,human,Crewmate,PRE_VOTE,Cyan
web_ea284926d587497996cd5fcb947f1526,46690,14,1,Player 5: lime,ai,Crewmate,PRE_VOTE,
web_ea284926d587497996cd5fcb947f1526,46692,14,1,Pink,human,Crewmate,PRE_VOTE,
web_ea284926d587497996cd5fcb947f1526,46694,14,1,Orange,human,Crewmate,PRE_VOTE,Player 5: lime
web_ea284926d587497996cd5fcb947f1526,46718,14,1,Blue,human,Impostor,PRE_VOTE,Orange
web_ea284926d587497996cd5fcb947f1526,47006,14,1,Player 5: lime,ai,Crewmate,VOTE,
web_ea284926d587497996cd5fcb947f1526,47011,14,1,Player 5: lime,ai,Crewmate,VOTE_INFLUENCE,
web_ea284926d587497996cd5fcb947f1526,47023,14,1,Pink,human,Crewmate,VOTE,
web_ea284926d587497996cd5fcb947f1526,47030,14,1,Pink,human,Crewmate,VOTE_INFLUENCE,
web_ea284926d587497996cd5fcb947f1526,47060,14,1,Orange,human,Crewmate,VOTE_INFLUENCE,
web_ea284926d587497996cd5fcb947f1526,47062,14,1,Blue,human,Impostor,VOTE_INFLUENCE,
web_ea284926d587497996cd5fcb947f1526,47064,14,1,Orange,human,Crewmate,VOTE,
web_ea284926d587497996cd5fcb947f1526,47065,14,1,Blue,human,Impostor,VOTE,
web_ea284926d587497996cd5fcb947f1526,47181,31,2,Player 5: lime,ai,Crewmate,PRE_VOTE,Blue
web_ea284926d587497996cd5fcb947f1526,47183,31,2,Pink,human,Crewmate,PRE_VOTE,
web_ea284926d587497996cd5fcb947f1526,47209,31,2,Orange,human,Crewmate,PRE_VOTE,Player 5: lime
web_ea284926d587497996cd5fcb947f1526,47222,31,2,Blue,human,Impostor,PRE_VOTE,
web_ea284926d587497996cd5fcb947f1526,47506,31,2,Player 5: lime,ai,Crewmate,VOTE,Blue
web_ea284926d587497996cd5fcb947f1526,47511,31,2,Player 5: lime,ai,Crewmate,VOTE_INFLUENCE,
web_ea284926d587497996cd5fcb947f1526,47516,31,2,Blue,human,Impostor,VOTE,Player 5: lime
web_ea284926d587497996cd5fcb947f1526,47529,31,2,Blue,human,Impostor,VOTE_INFLUENCE,
web_ea284926d587497996cd5fcb947f1526,47538,31,2,Pink,human,Crewmate,VOTE,Player 5: lime
web_ea284926d587497996cd5fcb947f1526,47546,31,2,Orange,human,Crewmate,VOTE_INFLUENCE,
web_ea284926d587497996cd5fcb947f1526,47559,31,2,Pink,human,Crewmate,VOTE_INFLUENCE,
web_ea284926d587497996cd5fcb947f1526,47561,31,2,Orange,human,Crewmate,VOTE,
web_ea945cf400564df987e3e87fbe3ce85b,32897,36,1,Orange,human,Crewmate,PRE_VOTE,Yellow
web_ea945cf400564df987e3e87fbe3ce85b,32900,36,1,Cyan,human,Crewmate,PRE_VOTE,Black
web_ea945cf400564df987e3e87fbe3ce85b,32909,36,1,Yellow,human,Impostor,PRE_VOTE,
web_ea945cf400564df987e3e87fbe3ce85b,32911,36,1,Black,human,Crewmate,PRE_VOTE,
web_ea945cf400564df987e3e87fbe3ce85b,33035,36,1,Cyan,human,Crewmate,VOTE,Yellow
web_ea945cf400564df987e3e87fbe3ce85b,33037,36,1,Orange,human,Crewmate,VOTE,Yellow
web_ea945cf400564df987e3e87fbe3ce85b,33041,36,1,Yellow,human,Impostor,VOTE,
web_ea945cf400564df987e3e87fbe3ce85b,33049,36,1,Orange,human,Crewmate,VOTE_INFLUENCE,
web_ea945cf400564df987e3e87fbe3ce85b,33052,36,1,Cyan,human,Crewmate,VOTE_INFLUENCE,
web_ea945cf400564df987e3e87fbe3ce85b,33055,36,1,Yellow,human,Impostor,VOTE_INFLUENCE,
web_ea945cf400564df987e3e87fbe3ce85b,33061,36,1,Black,human,Crewmate,VOTE_INFLUENCE,
web_ea945cf400564df987e3e87fbe3ce85b,33062,36,1,Black,human,Crewmate,VOTE,
web_eabfd7187c804221a880b1bc41742e32,18905,73,1,Player 5: black,ai,Crewmate,PRE_VOTE,
web_eabfd7187c804221a880b1bc41742e32,18906,73,1,Blue,human,Crewmate,PRE_VOTE,Red
web_eabfd7187c804221a880b1bc41742e32,18907,73,1,Red,human,Impostor,PRE_VOTE,Player 5: black
web_eabfd7187c804221a880b1bc41742e32,18941,73,1,Player 5: black,ai,Crewmate,VOTE,
web_eabfd7187c804221a880b1bc41742e32,18947,73,1,Player 5: black,ai,Crewmate,VOTE_INFLUENCE,
web_eabfd7187c804221a880b1bc41742e32,18949,73,1,Blue,human,Crewmate,VOTE,Red
web_eabfd7187c804221a880b1bc41742e32,18951,73,1,Red,human,Impostor,VOTE,Player 5: black
web_eabfd7187c804221a880b1bc41742e32,18959,73,1,Red,human,Impostor,VOTE_INFLUENCE,
web_eabfd7187c804221a880b1bc41742e32,18961,73,1,Blue,human,Crewmate,VOTE_INFLUENCE,
web_eabfd7187c804221a880b1bc41742e32,19016,84,2,Blue,human,Crewmate,PRE_VOTE,Red
web_eabfd7187c804221a880b1bc41742e32,19017,84,2,Player 5: black,ai,Crewmate,PRE_VOTE,
web_eabfd7187c804221a880b1bc41742e32,19020,84,2,Red,human,Impostor,PRE_VOTE,Player 5: black
web_eabfd7187c804221a880b1bc41742e32,19054,84,2,Player 5: black,ai,Crewmate,VOTE,
web_eabfd7187c804221a880b1bc41742e32,19057,84,2,Player 5: black,ai,Crewmate,VOTE_INFLUENCE,
web_eabfd7187c804221a880b1bc41742e32,19060,84,2,Blue,human,Crewmate,VOTE,Red
web_eabfd7187c804221a880b1bc41742e32,19062,84,2,Red,human,Impostor,VOTE,Player 5: black
web_eabfd7187c804221a880b1bc41742e32,19066,84,2,Blue,human,Crewmate,VOTE_INFLUENCE,
web_eabfd7187c804221a880b1bc41742e32,19067,84,2,Red,human,Impostor,VOTE_INFLUENCE,
web_eb843db5f0934639a48ee601679f67f4,13828,25,1,Player 4: red,ai,Crewmate,PRE_VOTE,Player 3: black
web_eb843db5f0934639a48ee601679f67f4,13829,25,1,Player 5: green,ai,Crewmate,PRE_VOTE,
web_eb843db5f0934639a48ee601679f67f4,13830,25,1,Player 2: lime,ai,Crewmate,PRE_VOTE,
web_eb843db5f0934639a48ee601679f67f4,13831,25,1,Player 3: black,ai,Impostor,PRE_VOTE,
web_eb843db5f0934639a48ee601679f67f4,13852,25,1,Player 5: green,ai,Crewmate,VOTE,Player 3: black
web_eb843db5f0934639a48ee601679f67f4,13853,25,1,Player 3: black,ai,Impostor,VOTE,Player 5: green
web_eb843db5f0934639a48ee601679f67f4,13854,25,1,Player 2: lime,ai,Crewmate,VOTE,Player 3: black
web_eb843db5f0934639a48ee601679f67f4,13855,25,1,Player 4: red,ai,Crewmate,VOTE,
web_eb843db5f0934639a48ee601679f67f4,13856,25,1,Player 3: black,ai,Impostor,VOTE_INFLUENCE,
web_eb843db5f0934639a48ee601679f67f4,13857,25,1,Player 2: lime,ai,Crewmate,VOTE_INFLUENCE,
web_eb843db5f0934639a48ee601679f67f4,13858,25,1,Player 5: green,ai,Crewmate,VOTE_INFLUENCE,
web_eb843db5f0934639a48ee601679f67f4,13859,25,1,Player 4: red,ai,Crewmate,VOTE_INFLUENCE,
web_eba29bed8d594ecf8c1423431a07abd7,40390,39,1,Player 5: lime,ai,Crewmate,PRE_VOTE,
web_eba29bed8d594ecf8c1423431a07abd7,40391,39,1,Player 2: orange,ai,Crewmate,PRE_VOTE,
web_eba29bed8d594ecf8c1423431a07abd7,40392,39,1,Yellow,human,Impostor,PRE_VOTE,Player 2: orange
web_eba29bed8d594ecf8c1423431a07abd7,40423,39,1,Player 2: orange,ai,Crewmate,VOTE,Yellow
web_eba29bed8d594ecf8c1423431a07abd7,40424,39,1,Player 5: lime,ai,Crewmate,VOTE,
web_eba29bed8d594ecf8c1423431a07abd7,40425,39,1,Player 2: orange,ai,Crewmate,VOTE_INFLUENCE,
web_eba29bed8d594ecf8c1423431a07abd7,40426,39,1,Player 5: lime,ai,Crewmate,VOTE_INFLUENCE,
web_eba29bed8d594ecf8c1423431a07abd7,40427,39,1,Yellow,human,Impostor,VOTE,Player 2: orange
web_eba29bed8d594ecf8c1423431a07abd7,40429,39,1,Yellow,human,Impostor,VOTE_INFLUENCE,
web_ebcf203e8f3d4de3847d1161e4372d17,35953,92,1,Pink,human,Crewmate,PRE_VOTE,
web_ebcf203e8f3d4de3847d1161e4372d17,35961,92,1,White,human,Impostor,PRE_VOTE,
web_ebcf203e8f3d4de3847d1161e4372d17,35973,92,1,Red,human,Crewmate,PRE_VOTE,Brown
web_ebcf203e8f3d4de3847d1161e4372d17,35983,92,1,Brown,human,Crewmate,PRE_VOTE,
web_ebcf203e8f3d4de3847d1161e4372d17,36243,92,1,Red,human,Crewmate,VOTE,Brown
web_ebcf203e8f3d4de3847d1161e4372d17,36248,92,1,White,human,Impostor,VOTE,
web_ebcf203e8f3d4de3847d1161e4372d17,36256,92,1,Brown,human,Crewmate,VOTE,Pink
web_ebcf203e8f3d4de3847d1161e4372d17,36268,92,1,White,human,Impostor,VOTE_INFLUENCE,
web_ebcf203e8f3d4de3847d1161e4372d17,36273,92,1,Brown,human,Crewmate,VOTE_INFLUENCE,
web_ebcf203e8f3d4de3847d1161e4372d17,36276,92,1,Red,human,Crewmate,VOTE_INFLUENCE,
web_ebcf203e8f3d4de3847d1161e4372d17,36277,92,1,Pink,human,Crewmate,VOTE,
web_ebcf203e8f3d4de3847d1161e4372d17,36285,92,1,Pink,human,Crewmate,VOTE_INFLUENCE,
web_ebcf203e8f3d4de3847d1161e4372d17,36643,138,2,White,human,Impostor,PRE_VOTE,
web_ebcf203e8f3d4de3847d1161e4372d17,36647,138,2,Red,human,Crewmate,PRE_VOTE,Brown
web_ebcf203e8f3d4de3847d1161e4372d17,36657,138,2,Pink,human,Crewmate,PRE_VOTE,
web_ebcf203e8f3d4de3847d1161e4372d17,36702,138,2,Brown,human,Crewmate,PRE_VOTE,
web_ebcf203e8f3d4de3847d1161e4372d17,36946,138,2,Red,human,Crewmate,VOTE,Brown
web_ebcf203e8f3d4de3847d1161e4372d17,36948,138,2,White,human,Impostor,VOTE,Red
web_ebcf203e8f3d4de3847d1161e4372d17,36950,138,2,Brown,human,Crewmate,VOTE,Red
web_ebcf203e8f3d4de3847d1161e4372d17,36956,138,2,White,human,Impostor,VOTE_INFLUENCE,
web_ebcf203e8f3d4de3847d1161e4372d17,36959,138,2,Red,human,Crewmate,VOTE_INFLUENCE,
web_ebcf203e8f3d4de3847d1161e4372d17,36962,138,2,Brown,human,Crewmate,VOTE_INFLUENCE,
web_ebcf203e8f3d4de3847d1161e4372d17,36979,138,2,Pink,human,Crewmate,VOTE_INFLUENCE,
web_ebcf203e8f3d4de3847d1161e4372d17,36983,138,2,Pink,human,Crewmate,VOTE,
web_ec18069330764393b8838c5e066f32c3,34254,2,1,Purple,human,Crewmate,PRE_VOTE,Yellow
web_ec18069330764393b8838c5e066f32c3,34257,2,1,Green,human,Impostor,PRE_VOTE,Orange
web_ec18069330764393b8838c5e066f32c3,34258,2,1,Yellow,human,Crewmate,PRE_VOTE,
web_ec18069330764393b8838c5e066f32c3,34261,2,1,Orange,human,Crewmate,PRE_VOTE,
web_ec18069330764393b8838c5e066f32c3,34264,2,1,Red,human,Crewmate,PRE_VOTE,
web_ec18069330764393b8838c5e066f32c3,34374,2,1,Green,human,Impostor,VOTE,Orange
web_ec18069330764393b8838c5e066f32c3,34376,2,1,Orange,human,Crewmate,VOTE,Green
web_ec18069330764393b8838c5e066f32c3,34379,2,1,Yellow,human,Crewmate,VOTE,Orange
web_ec18069330764393b8838c5e066f32c3,34381,2,1,Orange,human,Crewmate,VOTE_INFLUENCE,
web_ec18069330764393b8838c5e066f32c3,34384,2,1,Green,human,Impostor,VOTE_INFLUENCE,
web_ec18069330764393b8838c5e066f32c3,34385,2,1,Purple,human,Crewmate,VOTE,Red
web_ec18069330764393b8838c5e066f32c3,34387,2,1,Yellow,human,Crewmate,VOTE_INFLUENCE,
web_ec18069330764393b8838c5e066f32c3,34388,2,1,Purple,human,Crewmate,VOTE_INFLUENCE,
web_ec18069330764393b8838c5e066f32c3,34389,2,1,Red,human,Crewmate,VOTE,Green
web_ec18069330764393b8838c5e066f32c3,34393,2,1,Red,human,Crewmate,VOTE_INFLUENCE,
web_ec18069330764393b8838c5e066f32c3,34410,4,2,Orange,human,Crewmate,PRE_VOTE,
web_ec18069330764393b8838c5e066f32c3,34413,4,2,Green,human,Impostor,PRE_VOTE,Orange
web_ec18069330764393b8838c5e066f32c3,34419,4,2,Purple,human,Crewmate,PRE_VOTE,Red
web_ec18069330764393b8838c5e066f32c3,34424,4,2,Red,human,Crewmate,PRE_VOTE,
web_ec18069330764393b8838c5e066f32c3,34427,4,2,Yellow,human,Crewmate,PRE_VOTE,
web_ec18069330764393b8838c5e066f32c3,34573,4,2,Orange,human,Crewmate,VOTE,Green
web_ec18069330764393b8838c5e066f32c3,34575,4,2,Green,human,Impostor,VOTE,Purple
web_ec18069330764393b8838c5e066f32c3,34577,4,2,Green,human,Impostor,VOTE_INFLUENCE,
web_ec18069330764393b8838c5e066f32c3,34578,4,2,Orange,human,Crewmate,VOTE_INFLUENCE,
web_ec18069330764393b8838c5e066f32c3,34579,4,2,Red,human,Crewmate,VOTE,Green
web_ec18069330764393b8838c5e066f32c3,34585,4,2,Purple,human,Crewmate,VOTE,Orange
web_ec18069330764393b8838c5e066f32c3,34587,4,2,Red,human,Crewmate,VOTE_INFLUENCE,
web_ec18069330764393b8838c5e066f32c3,34590,4,2,Purple,human,Crewmate,VOTE_INFLUENCE,
web_ec6675b556db4961b2b456a5d9713f78,83231,35,1,Player 3: green,ai,Crewmate,PRE_VOTE,
web_ec6675b556db4961b2b456a5d9713f78,83233,35,1,Player 4: black,ai,Crewmate,PRE_VOTE,
web_ec6675b556db4961b2b456a5d9713f78,83235,35,1,Player 5: yellow,ai,Crewmate,PRE_VOTE,
web_ec6675b556db4961b2b456a5d9713f78,83238,35,1,Player 2: pink,ai,Impostor,PRE_VOTE,
web_ec6675b556db4961b2b456a5d9713f78,83249,35,1,Orange,human,Crewmate,PRE_VOTE,Player 2: pink
web_ec6675b556db4961b2b456a5d9713f78,83457,35,1,Player 2: pink,ai,Impostor,VOTE,
web_ec6675b556db4961b2b456a5d9713f78,83461,35,1,Player 4: black,ai,Crewmate,VOTE,
web_ec6675b556db4961b2b456a5d9713f78,83462,35,1,Player 5: yellow,ai,Crewmate,VOTE,
web_ec6675b556db4961b2b456a5d9713f78,83463,35,1,Player 3: green,ai,Crewmate,VOTE,
web_ec6675b556db4961b2b456a5d9713f78,83465,35,1,Player 2: pink,ai,Impostor,VOTE_INFLUENCE,
web_ec6675b556db4961b2b456a5d9713f78,83468,35,1,Player 5: yellow,ai,Crewmate,VOTE_INFLUENCE,
web_ec6675b556db4961b2b456a5d9713f78,83469,35,1,Player 4: black,ai,Crewmate,VOTE_INFLUENCE,
web_ec6675b556db4961b2b456a5d9713f78,83474,35,1,Player 3: green,ai,Crewmate,VOTE_INFLUENCE,
web_ecbb327c36e040bdae992e7090ff2f2c,19838,18,1,Player 5: orange,ai,Crewmate,PRE_VOTE,
web_ecbb327c36e040bdae992e7090ff2f2c,19839,18,1,Player 4: brown,ai,Impostor,PRE_VOTE,
web_ecbb327c36e040bdae992e7090ff2f2c,19840,18,1,Cyan,human,Crewmate,PRE_VOTE,
web_ecbb327c36e040bdae992e7090ff2f2c,19841,18,1,Red,human,Crewmate,PRE_VOTE,Player 5: orange
web_ecbb327c36e040bdae992e7090ff2f2c,19842,18,1,Pink,human,Crewmate,PRE_VOTE,Red
web_ecbb327c36e040bdae992e7090ff2f2c,19988,18,1,Player 4: brown,ai,Impostor,VOTE,
web_ecbb327c36e040bdae992e7090ff2f2c,19989,18,1,Player 5: orange,ai,Crewmate,VOTE,
web_ecbb327c36e040bdae992e7090ff2f2c,19998,18,1,Player 4: brown,ai,Impostor,VOTE_INFLUENCE,
web_ecbb327c36e040bdae992e7090ff2f2c,20001,18,1,Player 5: orange,ai,Crewmate,VOTE_INFLUENCE,
web_ecbb327c36e040bdae992e7090ff2f2c,20005,18,1,Cyan,human,Crewmate,VOTE,
web_ecbb327c36e040bdae992e7090ff2f2c,20016,18,1,Pink,human,Crewmate,VOTE,Red
web_ecbb327c36e040bdae992e7090ff2f2c,20020,18,1,Cyan,human,Crewmate,VOTE_INFLUENCE,
web_ecbb327c36e040bdae992e7090ff2f2c,20036,18,1,Pink,human,Crewmate,VOTE_INFLUENCE,
web_ecbb327c36e040bdae992e7090ff2f2c,20037,18,1,Red,human,Crewmate,VOTE,Pink
web_ecbb327c36e040bdae992e7090ff2f2c,20050,18,1,Red,human,Crewmate,VOTE_INFLUENCE,
web_ecbb327c36e040bdae992e7090ff2f2c,20229,49,2,Cyan,human,Crewmate,PRE_VOTE,
web_ecbb327c36e040bdae992e7090ff2f2c,20232,49,2,Player 4: brown,ai,Impostor,PRE_VOTE,
web_ecbb327c36e040bdae992e7090ff2f2c,20233,49,2,Player 5: orange,ai,Crewmate,PRE_VOTE,
web_ecbb327c36e040bdae992e7090ff2f2c,20243,49,2,Pink,human,Crewmate,PRE_VOTE,
web_ecbb327c36e040bdae992e7090ff2f2c,20553,49,2,Player 5: orange,ai,Crewmate,VOTE,
web_ecbb327c36e040bdae992e7090ff2f2c,20560,49,2,Player 4: brown,ai,Impostor,VOTE,
web_ecbb327c36e040bdae992e7090ff2f2c,20575,49,2,Player 4: brown,ai,Impostor,VOTE_INFLUENCE,
web_ecbb327c36e040bdae992e7090ff2f2c,20579,49,2,Player 5: orange,ai,Crewmate,VOTE_INFLUENCE,
web_ecbb327c36e040bdae992e7090ff2f2c,20588,49,2,Cyan,human,Crewmate,VOTE,Player 4: brown
web_ecbb327c36e040bdae992e7090ff2f2c,20599,49,2,Cyan,human,Crewmate,VOTE_INFLUENCE,
web_ecbb327c36e040bdae992e7090ff2f2c,20606,49,2,Pink,human,Crewmate,VOTE,Player 4: brown
web_ecbb327c36e040bdae992e7090ff2f2c,20638,49,2,Pink,human,Crewmate,VOTE_INFLUENCE,
web_ed84b4ca4916468ebcd6242a80267e2e,37685,33,1,Player 3: white,ai,Crewmate,PRE_VOTE,
web_ed84b4ca4916468ebcd6242a80267e2e,37686,33,1,Player 5: yellow,ai,Crewmate,PRE_VOTE,
web_ed84b4ca4916468ebcd6242a80267e2e,37687,33,1,Player 4: orange,ai,Impostor,PRE_VOTE,
web_ed84b4ca4916468ebcd6242a80267e2e,37695,33,1,Green,human,Crewmate,PRE_VOTE,Red
web_ed84b4ca4916468ebcd6242a80267e2e,37708,33,1,Red,human,Crewmate,PRE_VOTE,
web_ed84b4ca4916468ebcd6242a80267e2e,37896,33,1,Player 4: orange,ai,Impostor,VOTE,Red
web_ed84b4ca4916468ebcd6242a80267e2e,37900,33,1,Player 3: white,ai,Crewmate,VOTE,
web_ed84b4ca4916468ebcd6242a80267e2e,37901,33,1,Player 5: yellow,ai,Crewmate,VOTE,Red
web_ed84b4ca4916468ebcd6242a80267e2e,37902,33,1,Player 4: orange,ai,Impostor,VOTE_INFLUENCE,
web_ed84b4ca4916468ebcd6242a80267e2e,37905,33,1,Player 3: white,ai,Crewmate,VOTE_INFLUENCE,
web_ed84b4ca4916468ebcd6242a80267e2e,37907,33,1,Player 5: yellow,ai,Crewmate,VOTE_INFLUENCE,
web_ed84b4ca4916468ebcd6242a80267e2e,37916,33,1,Red,human,Crewmate,VOTE,Player 5: yellow
web_ed84b4ca4916468ebcd6242a80267e2e,37918,33,1,Green,human,Crewmate,VOTE,Red
web_ed84b4ca4916468ebcd6242a80267e2e,37929,33,1,Red,human,Crewmate,VOTE_INFLUENCE,
web_ed84b4ca4916468ebcd6242a80267e2e,37930,33,1,Green,human,Crewmate,VOTE_INFLUENCE,
web_ed84b4ca4916468ebcd6242a80267e2e,38144,54,2,Player 5: yellow,ai,Crewmate,PRE_VOTE,Player 4: orange
web_ed84b4ca4916468ebcd6242a80267e2e,38150,54,2,Player 4: orange,ai,Impostor,PRE_VOTE,
web_ed84b4ca4916468ebcd6242a80267e2e,38171,54,2,Green,human,Crewmate,PRE_VOTE,Player 4: orange
web_ed84b4ca4916468ebcd6242a80267e2e,38670,54,2,Player 5: yellow,ai,Crewmate,VOTE,
web_ed84b4ca4916468ebcd6242a80267e2e,38671,54,2,Player 4: orange,ai,Impostor,VOTE,Player 5: yellow
web_ed84b4ca4916468ebcd6242a80267e2e,38680,54,2,Player 5: yellow,ai,Crewmate,VOTE_INFLUENCE,
web_ed84b4ca4916468ebcd6242a80267e2e,38687,54,2,Player 4: orange,ai,Impostor,VOTE_INFLUENCE,
web_ed84b4ca4916468ebcd6242a80267e2e,38693,54,2,Green,human,Crewmate,VOTE,Player 4: orange
web_ed84b4ca4916468ebcd6242a80267e2e,38709,54,2,Green,human,Crewmate,VOTE_INFLUENCE,
web_ee5c8f3aae574a4dacb494702f0ebaca,19778,68,1,Orange,human,Impostor,PRE_VOTE,Green
web_ee5c8f3aae574a4dacb494702f0ebaca,19779,68,1,White,human,Crewmate,PRE_VOTE,
web_ee5c8f3aae574a4dacb494702f0ebaca,19783,68,1,Pink,human,Crewmate,PRE_VOTE,
web_ee5c8f3aae574a4dacb494702f0ebaca,19786,68,1,Green,human,Crewmate,PRE_VOTE,Pink
web_ee5c8f3aae574a4dacb494702f0ebaca,19907,68,1,Green,human,Crewmate,VOTE,Pink
web_ee5c8f3aae574a4dacb494702f0ebaca,19909,68,1,Orange,human,Impostor,VOTE,Green
web_ee5c8f3aae574a4dacb494702f0ebaca,19917,68,1,Orange,human,Impostor,VOTE_INFLUENCE,
web_ee5c8f3aae574a4dacb494702f0ebaca,19918,68,1,Green,human,Crewmate,VOTE_INFLUENCE,
web_ee5c8f3aae574a4dacb494702f0ebaca,19919,68,1,White,human,Crewmate,VOTE,
web_ee5c8f3aae574a4dacb494702f0ebaca,19921,68,1,Pink,human,Crewmate,VOTE,
web_ee5c8f3aae574a4dacb494702f0ebaca,19924,68,1,White,human,Crewmate,VOTE_INFLUENCE,
web_ee5c8f3aae574a4dacb494702f0ebaca,19932,68,1,Pink,human,Crewmate,VOTE_INFLUENCE,
web_eefbba67f10a4a538b1eeaa1d4a719e6,84521,65,1,Player 5: white,ai,Crewmate,PRE_VOTE,Player 3: yellow
web_eefbba67f10a4a538b1eeaa1d4a719e6,84524,65,1,Player 3: yellow,ai,Impostor,PRE_VOTE,
web_eefbba67f10a4a538b1eeaa1d4a719e6,84525,65,1,Player 2: lime,ai,Crewmate,PRE_VOTE,Player 3: yellow
web_eefbba67f10a4a538b1eeaa1d4a719e6,84533,65,1,Black,human,Crewmate,PRE_VOTE,Player 5: white
web_eefbba67f10a4a538b1eeaa1d4a719e6,84666,65,1,Player 2: lime,ai,Crewmate,VOTE,Player 3: yellow
web_eefbba67f10a4a538b1eeaa1d4a719e6,84667,65,1,Player 5: white,ai,Crewmate,VOTE,
web_eefbba67f10a4a538b1eeaa1d4a719e6,84668,65,1,Player 3: yellow,ai,Impostor,VOTE,
web_eefbba67f10a4a538b1eeaa1d4a719e6,84677,65,1,Player 2: lime,ai,Crewmate,VOTE_INFLUENCE,
web_eefbba67f10a4a538b1eeaa1d4a719e6,84678,65,1,Player 3: yellow,ai,Impostor,VOTE_INFLUENCE,
web_eefbba67f10a4a538b1eeaa1d4a719e6,84679,65,1,Player 5: white,ai,Crewmate,VOTE_INFLUENCE,
web_eefbba67f10a4a538b1eeaa1d4a719e6,84683,65,1,Black,human,Crewmate,VOTE,Player 3: yellow
web_eefbba67f10a4a538b1eeaa1d4a719e6,84688,65,1,Black,human,Crewmate,VOTE_INFLUENCE,
web_f086e33d5bd8443b8b9d9d1e1e285072,23350,13,1,Cyan,human,Crewmate,PRE_VOTE,Red
web_f086e33d5bd8443b8b9d9d1e1e285072,23351,13,1,Purple,human,Crewmate,PRE_VOTE,
web_f086e33d5bd8443b8b9d9d1e1e285072,23352,13,1,Player 5: lime,ai,Crewmate,PRE_VOTE,Orange
web_f086e33d5bd8443b8b9d9d1e1e285072,23353,13,1,Red,human,Crewmate,PRE_VOTE,Cyan
web_f086e33d5bd8443b8b9d9d1e1e285072,23354,13,1,Orange,human,Impostor,PRE_VOTE,Red
web_f086e33d5bd8443b8b9d9d1e1e285072,23465,13,1,Player 5: lime,ai,Crewmate,VOTE,Orange
web_f086e33d5bd8443b8b9d9d1e1e285072,23466,13,1,Player 5: lime,ai,Crewmate,VOTE_INFLUENCE,
web_f086e33d5bd8443b8b9d9d1e1e285072,23467,13,1,Purple,human,Crewmate,VOTE,Orange
web_f086e33d5bd8443b8b9d9d1e1e285072,23471,13,1,Red,human,Crewmate,VOTE,Orange
web_f086e33d5bd8443b8b9d9d1e1e285072,23473,13,1,Cyan,human,Crewmate,VOTE,Orange
web_f086e33d5bd8443b8b9d9d1e1e285072,23475,13,1,Purple,human,Crewmate,VOTE_INFLUENCE,
web_f086e33d5bd8443b8b9d9d1e1e285072,23478,13,1,Orange,human,Impostor,VOTE,Player 5: lime
web_f086e33d5bd8443b8b9d9d1e1e285072,23480,13,1,Orange,human,Impostor,VOTE_INFLUENCE,
web_f086e33d5bd8443b8b9d9d1e1e285072,23485,13,1,Red,human,Crewmate,VOTE_INFLUENCE,
web_f086e33d5bd8443b8b9d9d1e1e285072,23487,13,1,Cyan,human,Crewmate,VOTE_INFLUENCE,
web_f09a768cc51344508388e268c3269a84,17874,40,1,Player 4: yellow,ai,Crewmate,PRE_VOTE,
web_f09a768cc51344508388e268c3269a84,17875,40,1,Blue,human,Crewmate,PRE_VOTE,Blue
web_f09a768cc51344508388e268c3269a84,17882,40,1,Green,human,Impostor,PRE_VOTE,Player 4: yellow
web_f09a768cc51344508388e268c3269a84,18013,40,1,Player 4: yellow,ai,Crewmate,VOTE,
web_f09a768cc51344508388e268c3269a84,18016,40,1,Player 4: yellow,ai,Crewmate,VOTE_INFLUENCE,
web_f09a768cc51344508388e268c3269a84,18020,40,1,Green,human,Impostor,VOTE,Player 4: yellow
web_f09a768cc51344508388e268c3269a84,18024,40,1,Blue,human,Crewmate,VOTE,Green
web_f09a768cc51344508388e268c3269a84,18031,40,1,Green,human,Impostor,VOTE_INFLUENCE,
web_f09a768cc51344508388e268c3269a84,18038,40,1,Blue,human,Crewmate,VOTE_INFLUENCE,
web_f0afb6b0f48a4142b84e3a5cbfbd13b1,29357,25,1,Orange,human,Impostor,PRE_VOTE,Green
web_f0afb6b0f48a4142b84e3a5cbfbd13b1,29368,25,1,Cyan,human,Crewmate,PRE_VOTE,Purple
web_f0afb6b0f48a4142b84e3a5cbfbd13b1,29384,25,1,Pink,human,Crewmate,PRE_VOTE,Orange
web_f0afb6b0f48a4142b84e3a5cbfbd13b1,29385,25,1,Green,human,Crewmate,PRE_VOTE,Pink
web_f0afb6b0f48a4142b84e3a5cbfbd13b1,29392,25,1,Purple,human,Crewmate,PRE_VOTE,
web_f0afb6b0f48a4142b84e3a5cbfbd13b1,29573,25,1,Green,human,Crewmate,VOTE,Pink
web_f0afb6b0f48a4142b84e3a5cbfbd13b1,29580,25,1,Orange,human,Impostor,VOTE,Green
web_f0afb6b0f48a4142b84e3a5cbfbd13b1,29584,25,1,Green,human,Crewmate,VOTE_INFLUENCE,
web_f0afb6b0f48a4142b84e3a5cbfbd13b1,29592,25,1,Cyan,human,Crewmate,VOTE,Purple
web_f0afb6b0f48a4142b84e3a5cbfbd13b1,29599,25,1,Cyan,human,Crewmate,VOTE_INFLUENCE,
web_f0afb6b0f48a4142b84e3a5cbfbd13b1,29610,25,1,Orange,human,Impostor,VOTE_INFLUENCE,
web_f0afb6b0f48a4142b84e3a5cbfbd13b1,29623,25,1,Purple,human,Crewmate,VOTE_INFLUENCE,
web_f0afb6b0f48a4142b84e3a5cbfbd13b1,29625,25,1,Pink,human,Crewmate,VOTE_INFLUENCE,
web_f0afb6b0f48a4142b84e3a5cbfbd13b1,29627,25,1,Purple,human,Crewmate,VOTE,
web_f0afb6b0f48a4142b84e3a5cbfbd13b1,29630,25,1,Pink,human,Crewmate,VOTE,
web_f0afb6b0f48a4142b84e3a5cbfbd13b1,29661,36,2,Green,human,Crewmate,PRE_VOTE,Orange
web_f0afb6b0f48a4142b84e3a5cbfbd13b1,29662,36,2,Orange,human,Impostor,PRE_VOTE,Pink
web_f0afb6b0f48a4142b84e3a5cbfbd13b1,29664,36,2,Pink,human,Crewmate,PRE_VOTE,Orange
web_f0afb6b0f48a4142b84e3a5cbfbd13b1,29665,36,2,Cyan,human,Crewmate,PRE_VOTE,
web_f0afb6b0f48a4142b84e3a5cbfbd13b1,29670,36,2,Purple,human,Crewmate,PRE_VOTE,
web_f0afb6b0f48a4142b84e3a5cbfbd13b1,29896,36,2,Green,human,Crewmate,VOTE,Orange
web_f0afb6b0f48a4142b84e3a5cbfbd13b1,29903,36,2,Pink,human,Crewmate,VOTE,Green
web_f0afb6b0f48a4142b84e3a5cbfbd13b1,29905,36,2,Green,human,Crewmate,VOTE_INFLUENCE,
web_f0afb6b0f48a4142b84e3a5cbfbd13b1,29914,36,2,Orange,human,Impostor,VOTE,Cyan
web_f0afb6b0f48a4142b84e3a5cbfbd13b1,29930,36,2,Pink,human,Crewmate,VOTE_INFLUENCE,
web_f0afb6b0f48a4142b84e3a5cbfbd13b1,29931,36,2,Cyan,human,Crewmate,VOTE,Green
web_f0afb6b0f48a4142b84e3a5cbfbd13b1,29935,36,2,Cyan,human,Crewmate,VOTE_INFLUENCE,
web_f0afb6b0f48a4142b84e3a5cbfbd13b1,29941,36,2,Purple,human,Crewmate,VOTE_INFLUENCE,
web_f0afb6b0f48a4142b84e3a5cbfbd13b1,29949,36,2,Orange,human,Impostor,VOTE_INFLUENCE,
web_f0afb6b0f48a4142b84e3a5cbfbd13b1,29951,36,2,Purple,human,Crewmate,VOTE,
web_f0afb6b0f48a4142b84e3a5cbfbd13b1,30664,141,3,Cyan,human,Crewmate,PRE_VOTE,Orange
web_f0afb6b0f48a4142b84e3a5cbfbd13b1,30667,141,3,Orange,human,Impostor,PRE_VOTE,Cyan
web_f0afb6b0f48a4142b84e3a5cbfbd13b1,30690,141,3,Purple,human,Crewmate,PRE_VOTE,
web_f0afb6b0f48a4142b84e3a5cbfbd13b1,30891,141,3,Cyan,human,Crewmate,VOTE,Orange
web_f0afb6b0f48a4142b84e3a5cbfbd13b1,30893,141,3,Orange,human,Impostor,VOTE,Cyan
web_f0afb6b0f48a4142b84e3a5cbfbd13b1,30901,141,3,Cyan,human,Crewmate,VOTE_INFLUENCE,
web_f0afb6b0f48a4142b84e3a5cbfbd13b1,30902,141,3,Orange,human,Impostor,VOTE_INFLUENCE,
web_f0afb6b0f48a4142b84e3a5cbfbd13b1,30937,141,3,Purple,human,Crewmate,VOTE_INFLUENCE,
web_f0afb6b0f48a4142b84e3a5cbfbd13b1,30938,141,3,Purple,human,Crewmate,VOTE,
web_f0f3a80d644a4111a52929d4bad58423,18333,23,1,White,human,Crewmate,PRE_VOTE,Red
web_f0f3a80d644a4111a52929d4bad58423,18334,23,1,Player 5: yellow,ai,Crewmate,PRE_VOTE,
web_f0f3a80d644a4111a52929d4bad58423,18335,23,1,Lime,human,Impostor,PRE_VOTE,Red
web_f0f3a80d644a4111a52929d4bad58423,18336,23,1,Red,human,Crewmate,PRE_VOTE,Player 5: yellow
web_f138d26e25d94e738f6d89891fe91e85,81999,68,1,Pink,human,Crewmate,PRE_VOTE,
web_f138d26e25d94e738f6d89891fe91e85,82000,68,1,Player 4: blue,ai,Crewmate,PRE_VOTE,Player 3: black
web_f138d26e25d94e738f6d89891fe91e85,82001,68,1,Player 5: white,ai,Crewmate,PRE_VOTE,
web_f138d26e25d94e738f6d89891fe91e85,82002,68,1,Player 2: red,ai,Crewmate,PRE_VOTE,Player 3: black
web_f138d26e25d94e738f6d89891fe91e85,82011,68,1,Player 3: black,ai,Impostor,PRE_VOTE,
web_f138d26e25d94e738f6d89891fe91e85,82210,68,1,Player 4: blue,ai,Crewmate,VOTE,Player 3: black
web_f138d26e25d94e738f6d89891fe91e85,82212,68,1,Player 3: black,ai,Impostor,VOTE,Player 2: red
web_f138d26e25d94e738f6d89891fe91e85,82213,68,1,Player 2: red,ai,Crewmate,VOTE,
web_f138d26e25d94e738f6d89891fe91e85,82214,68,1,Player 5: white,ai,Crewmate,VOTE,
web_f138d26e25d94e738f6d89891fe91e85,82216,68,1,Player 3: black,ai,Impostor,VOTE_INFLUENCE,
web_f138d26e25d94e738f6d89891fe91e85,82217,68,1,Player 2: red,ai,Crewmate,VOTE_INFLUENCE,
web_f138d26e25d94e738f6d89891fe91e85,82218,68,1,Player 4: blue,ai,Crewmate,VOTE_INFLUENCE,
web_f138d26e25d94e738f6d89891fe91e85,82220,68,1,Player 5: white,ai,Crewmate,VOTE_INFLUENCE,
web_f138d26e25d94e738f6d89891fe91e85,82227,68,1,Pink,human,Crewmate,VOTE,Player 3: black
web_f138d26e25d94e738f6d89891fe91e85,82229,68,1,Pink,human,Crewmate,VOTE_INFLUENCE,
web_f14239124cf646d59f2bdfd69ec9fafd,85549,64,1,Lime,human,Crewmate,PRE_VOTE,Player 4: orange
web_f14239124cf646d59f2bdfd69ec9fafd,85556,64,1,Player 4: orange,ai,Impostor,PRE_VOTE,
web_f14239124cf646d59f2bdfd69ec9fafd,85557,64,1,Player 2: white,ai,Crewmate,PRE_VOTE,
web_f14239124cf646d59f2bdfd69ec9fafd,85558,64,1,Player 3: black,ai,Crewmate,PRE_VOTE,
web_f14239124cf646d59f2bdfd69ec9fafd,85876,64,1,Player 2: white,ai,Crewmate,VOTE,Player 4: orange
web_f14239124cf646d59f2bdfd69ec9fafd,85880,64,1,Player 3: black,ai,Crewmate,VOTE,Player 4: orange
web_f14239124cf646d59f2bdfd69ec9fafd,85882,64,1,Player 4: orange,ai,Impostor,VOTE,Lime
web_f14239124cf646d59f2bdfd69ec9fafd,85894,64,1,Player 2: white,ai,Crewmate,VOTE_INFLUENCE,
web_f14239124cf646d59f2bdfd69ec9fafd,85897,64,1,Player 3: black,ai,Crewmate,VOTE_INFLUENCE,
web_f14239124cf646d59f2bdfd69ec9fafd,85900,64,1,Player 4: orange,ai,Impostor,VOTE_INFLUENCE,
web_f14239124cf646d59f2bdfd69ec9fafd,85901,64,1,Lime,human,Crewmate,VOTE,Player 4: orange
web_f14239124cf646d59f2bdfd69ec9fafd,85913,64,1,Lime,human,Crewmate,VOTE_INFLUENCE,
web_f22a2bfaaf3f45bba17b523dbb4754ab,21330,6,1,Yellow,human,Crewmate,PRE_VOTE,Cyan
web_f22a2bfaaf3f45bba17b523dbb4754ab,21331,6,1,White,human,Crewmate,PRE_VOTE,
web_f22a2bfaaf3f45bba17b523dbb4754ab,21332,6,1,Cyan,human,Impostor,PRE_VOTE,
web_f22a2bfaaf3f45bba17b523dbb4754ab,21349,6,1,Blue,human,Crewmate,PRE_VOTE,White
web_f22a2bfaaf3f45bba17b523dbb4754ab,21362,6,1,Red,human,Crewmate,PRE_VOTE,
web_f22a2bfaaf3f45bba17b523dbb4754ab,21550,6,1,White,human,Crewmate,VOTE,Yellow
web_f22a2bfaaf3f45bba17b523dbb4754ab,21552,6,1,Yellow,human,Crewmate,VOTE,Cyan
web_f22a2bfaaf3f45bba17b523dbb4754ab,21554,6,1,Cyan,human,Impostor,VOTE,Yellow
web_f22a2bfaaf3f45bba17b523dbb4754ab,21557,6,1,Blue,human,Crewmate,VOTE,Yellow
web_f22a2bfaaf3f45bba17b523dbb4754ab,21559,6,1,Yellow,human,Crewmate,VOTE_INFLUENCE,
web_f22a2bfaaf3f45bba17b523dbb4754ab,21565,6,1,White,human,Crewmate,VOTE_INFLUENCE,
web_f22a2bfaaf3f45bba17b523dbb4754ab,21566,6,1,Cyan,human,Impostor,VOTE_INFLUENCE,
web_f22a2bfaaf3f45bba17b523dbb4754ab,21575,6,1,Red,human,Crewmate,VOTE,Yellow
web_f22a2bfaaf3f45bba17b523dbb4754ab,21579,6,1,Blue,human,Crewmate,VOTE_INFLUENCE,
web_f22a2bfaaf3f45bba17b523dbb4754ab,21594,6,1,Red,human,Crewmate,VOTE_INFLUENCE,
web_f22a2bfaaf3f45bba17b523dbb4754ab,21662,12,2,Cyan,human,Impostor,PRE_VOTE,
web_f22a2bfaaf3f45bba17b523dbb4754ab,21665,12,2,Blue,human,Crewmate,PRE_VOTE,Cyan
web_f22a2bfaaf3f45bba17b523dbb4754ab,21667,12,2,Red,human,Crewmate,PRE_VOTE,Cyan
web_f22a2bfaaf3f45bba17b523dbb4754ab,21673,12,2,White,human,Crewmate,PRE_VOTE,Cyan
web_f22a2bfaaf3f45bba17b523dbb4754ab,21861,12,2,Blue,human,Crewmate,VOTE,Cyan
web_f22a2bfaaf3f45bba17b523dbb4754ab,21863,12,2,White,human,Crewmate,VOTE,Cyan
web_f22a2bfaaf3f45bba17b523dbb4754ab,21871,12,2,Blue,human,Crewmate,VOTE_INFLUENCE,
web_f22a2bfaaf3f45bba17b523dbb4754ab,21873,12,2,Cyan,human,Impostor,VOTE,Blue
web_f22a2bfaaf3f45bba17b523dbb4754ab,21875,12,2,White,human,Crewmate,VOTE_INFLUENCE,
web_f22a2bfaaf3f45bba17b523dbb4754ab,21881,12,2,Cyan,human,Impostor,VOTE_INFLUENCE,
web_f22a2bfaaf3f45bba17b523dbb4754ab,21884,12,2,Red,human,Crewmate,VOTE,Cyan
web_f22a2bfaaf3f45bba17b523dbb4754ab,21893,12,2,Red,human,Crewmate,VOTE_INFLUENCE,
web_f22d6ba7d4cb4a9f91e076d99edd8ddf,60066,24,1,Player 3: white,ai,Crewmate,PRE_VOTE,
web_f22d6ba7d4cb4a9f91e076d99edd8ddf,60067,24,1,Player 5: orange,ai,Crewmate,PRE_VOTE,
web_f22d6ba7d4cb4a9f91e076d99edd8ddf,60068,24,1,Brown,human,Crewmate,PRE_VOTE,Green
web_f22d6ba7d4cb4a9f91e076d99edd8ddf,60069,24,1,Cyan,human,Crewmate,PRE_VOTE,Brown
web_f22d6ba7d4cb4a9f91e076d99edd8ddf,60073,24,1,Green,human,Impostor,PRE_VOTE,
web_f22d6ba7d4cb4a9f91e076d99edd8ddf,60386,24,1,Player 3: white,ai,Crewmate,VOTE,
web_f22d6ba7d4cb4a9f91e076d99edd8ddf,60387,24,1,Player 5: orange,ai,Crewmate,VOTE,
web_f22d6ba7d4cb4a9f91e076d99edd8ddf,60399,24,1,Player 3: white,ai,Crewmate,VOTE_INFLUENCE,
web_f22d6ba7d4cb4a9f91e076d99edd8ddf,60404,24,1,Player 5: orange,ai,Crewmate,VOTE_INFLUENCE,
web_f22d6ba7d4cb4a9f91e076d99edd8ddf,60421,24,1,Green,human,Impostor,VOTE,
web_f22d6ba7d4cb4a9f91e076d99edd8ddf,60424,24,1,Cyan,human,Crewmate,VOTE,Green
web_f22d6ba7d4cb4a9f91e076d99edd8ddf,60430,24,1,Brown,human,Crewmate,VOTE,
web_f22d6ba7d4cb4a9f91e076d99edd8ddf,60434,24,1,Green,human,Impostor,VOTE_INFLUENCE,
web_f22d6ba7d4cb4a9f91e076d99edd8ddf,60442,24,1,Brown,human,Crewmate,VOTE_INFLUENCE,
web_f22d6ba7d4cb4a9f91e076d99edd8ddf,60447,24,1,Cyan,human,Crewmate,VOTE_INFLUENCE,
web_f2a2758dfaab4b75b1f8246d25a03628,87846,21,1,White,human,Crewmate,PRE_VOTE,Purple
web_f2a2758dfaab4b75b1f8246d25a03628,87847,21,1,Player 5: pink,ai,Crewmate,PRE_VOTE,
web_f2a2758dfaab4b75b1f8246d25a03628,87848,21,1,Player 4: cyan,ai,Crewmate,PRE_VOTE,
web_f2a2758dfaab4b75b1f8246d25a03628,87850,21,1,Purple,human,Impostor,PRE_VOTE,White
web_f2a2758dfaab4b75b1f8246d25a03628,88077,21,1,Player 4: cyan,ai,Crewmate,VOTE,
web_f2a2758dfaab4b75b1f8246d25a03628,88078,21,1,Player 5: pink,ai,Crewmate,VOTE,
web_f2a2758dfaab4b75b1f8246d25a03628,88081,21,1,Player 4: cyan,ai,Crewmate,VOTE_INFLUENCE,
web_f2a2758dfaab4b75b1f8246d25a03628,88083,21,1,Player 5: pink,ai,Crewmate,VOTE_INFLUENCE,
web_f2a2758dfaab4b75b1f8246d25a03628,88087,21,1,Purple,human,Impostor,VOTE,White
web_f2a2758dfaab4b75b1f8246d25a03628,88098,21,1,White,human,Crewmate,VOTE,Purple
web_f2a2758dfaab4b75b1f8246d25a03628,88103,21,1,White,human,Crewmate,VOTE_INFLUENCE,
web_f2a2758dfaab4b75b1f8246d25a03628,88104,21,1,Purple,human,Impostor,VOTE_INFLUENCE,
web_f2a2758dfaab4b75b1f8246d25a03628,88268,54,2,White,human,Crewmate,PRE_VOTE,Purple
web_f2a2758dfaab4b75b1f8246d25a03628,88269,54,2,Player 5: pink,ai,Crewmate,PRE_VOTE,
web_f2a2758dfaab4b75b1f8246d25a03628,88271,54,2,Player 4: cyan,ai,Crewmate,PRE_VOTE,
web_f2a2758dfaab4b75b1f8246d25a03628,88275,54,2,Purple,human,Impostor,PRE_VOTE,White
web_f2a2758dfaab4b75b1f8246d25a03628,88454,54,2,Player 4: cyan,ai,Crewmate,VOTE,White
web_f2a2758dfaab4b75b1f8246d25a03628,88458,54,2,Player 5: pink,ai,Crewmate,VOTE,
web_f2a2758dfaab4b75b1f8246d25a03628,88464,54,2,Player 4: cyan,ai,Crewmate,VOTE_INFLUENCE,
web_f2a2758dfaab4b75b1f8246d25a03628,88468,54,2,Player 5: pink,ai,Crewmate,VOTE_INFLUENCE,
web_f2a2758dfaab4b75b1f8246d25a03628,88472,54,2,Purple,human,Impostor,VOTE,Player 4: cyan
web_f2a2758dfaab4b75b1f8246d25a03628,88481,54,2,White,human,Crewmate,VOTE,Purple
web_f2a2758dfaab4b75b1f8246d25a03628,88484,54,2,White,human,Crewmate,VOTE_INFLUENCE,
web_f2a2758dfaab4b75b1f8246d25a03628,88485,54,2,Purple,human,Impostor,VOTE_INFLUENCE,
web_f2a331b7c9b94cfd884c1d0dde0196b3,40474,2,1,Purple,human,Crewmate,PRE_VOTE,
web_f2a331b7c9b94cfd884c1d0dde0196b3,40475,2,1,Player 3: red,ai,Impostor,PRE_VOTE,
web_f2a331b7c9b94cfd884c1d0dde0196b3,40478,2,1,Yellow,human,Crewmate,PRE_VOTE,
web_f2a331b7c9b94cfd884c1d0dde0196b3,40479,2,1,Brown,human,Crewmate,PRE_VOTE,
web_f2a331b7c9b94cfd884c1d0dde0196b3,40480,2,1,Green,human,Crewmate,PRE_VOTE,
web_f2a331b7c9b94cfd884c1d0dde0196b3,40637,2,1,Player 3: red,ai,Impostor,VOTE,
web_f2a331b7c9b94cfd884c1d0dde0196b3,40638,2,1,Player 3: red,ai,Impostor,VOTE_INFLUENCE,
web_f2a331b7c9b94cfd884c1d0dde0196b3,40639,2,1,Yellow,human,Crewmate,VOTE,Purple
web_f2a331b7c9b94cfd884c1d0dde0196b3,40641,2,1,Green,human,Crewmate,VOTE,Player 3: red
web_f2a331b7c9b94cfd884c1d0dde0196b3,40643,2,1,Brown,human,Crewmate,VOTE,Player 3: red
web_f2a331b7c9b94cfd884c1d0dde0196b3,40645,2,1,Yellow,human,Crewmate,VOTE_INFLUENCE,
web_f2a331b7c9b94cfd884c1d0dde0196b3,40650,2,1,Brown,human,Crewmate,VOTE_INFLUENCE,
web_f2a331b7c9b94cfd884c1d0dde0196b3,40652,2,1,Green,human,Crewmate,VOTE_INFLUENCE,
web_f2a331b7c9b94cfd884c1d0dde0196b3,40661,2,1,Purple,human,Crewmate,VOTE_INFLUENCE,
web_f2a331b7c9b94cfd884c1d0dde0196b3,40666,2,1,Purple,human,Crewmate,VOTE,
web_f384dea9c6404591ac1c140eb00a22fc,75357,15,1,Red,human,Crewmate,PRE_VOTE,Black
web_f384dea9c6404591ac1c140eb00a22fc,75364,15,1,Player 4: lime,ai,Crewmate,PRE_VOTE,Black
web_f384dea9c6404591ac1c140eb00a22fc,75365,15,1,Player 2: green,ai,Crewmate,PRE_VOTE,
web_f384dea9c6404591ac1c140eb00a22fc,75366,15,1,Player 5: brown,ai,Crewmate,PRE_VOTE,Black
web_f384dea9c6404591ac1c140eb00a22fc,75376,15,1,Black,human,Impostor,PRE_VOTE,Black
web_f384dea9c6404591ac1c140eb00a22fc,75886,15,1,Player 2: green,ai,Crewmate,VOTE,Black
web_f384dea9c6404591ac1c140eb00a22fc,75891,15,1,Player 5: brown,ai,Crewmate,VOTE,
web_f384dea9c6404591ac1c140eb00a22fc,75892,15,1,Player 4: lime,ai,Crewmate,VOTE,
web_f384dea9c6404591ac1c140eb00a22fc,75899,15,1,Player 2: green,ai,Crewmate,VOTE_INFLUENCE,
web_f384dea9c6404591ac1c140eb00a22fc,75900,15,1,Player 4: lime,ai,Crewmate,VOTE_INFLUENCE,
web_f384dea9c6404591ac1c140eb00a22fc,75908,15,1,Player 5: brown,ai,Crewmate,VOTE_INFLUENCE,
web_f384dea9c6404591ac1c140eb00a22fc,75922,15,1,Red,human,Crewmate,VOTE,Black
web_f384dea9c6404591ac1c140eb00a22fc,75937,15,1,Red,human,Crewmate,VOTE_INFLUENCE,
web_f384dea9c6404591ac1c140eb00a22fc,75996,15,1,Black,human,Impostor,VOTE_INFLUENCE,
web_f384dea9c6404591ac1c140eb00a22fc,75999,15,1,Black,human,Impostor,VOTE,
web_f3d3575d0b0444b8bdd039ad584c9cef,84650,11,1,Player 3: orange,ai,Crewmate,PRE_VOTE,
web_f3d3575d0b0444b8bdd039ad584c9cef,84651,11,1,Player 4: cyan,ai,Crewmate,PRE_VOTE,
web_f3d3575d0b0444b8bdd039ad584c9cef,84652,11,1,Player 5: white,ai,Crewmate,PRE_VOTE,
web_f3d3575d0b0444b8bdd039ad584c9cef,84653,11,1,Player 2: black,ai,Impostor,PRE_VOTE,
web_f3d3575d0b0444b8bdd039ad584c9cef,84663,11,1,Purple,human,Crewmate,PRE_VOTE,
web_f3d3575d0b0444b8bdd039ad584c9cef,85032,11,1,Player 3: orange,ai,Crewmate,VOTE,Purple
web_f3d3575d0b0444b8bdd039ad584c9cef,85039,11,1,Player 4: cyan,ai,Crewmate,VOTE,Purple
web_f3d3575d0b0444b8bdd039ad584c9cef,85041,11,1,Player 2: black,ai,Impostor,VOTE,
web_f3d3575d0b0444b8bdd039ad584c9cef,85043,11,1,Player 5: white,ai,Crewmate,VOTE,
web_f3d3575d0b0444b8bdd039ad584c9cef,85052,11,1,Player 3: orange,ai,Crewmate,VOTE_INFLUENCE,
web_f3d3575d0b0444b8bdd039ad584c9cef,85053,11,1,Player 2: black,ai,Impostor,VOTE_INFLUENCE,
web_f3d3575d0b0444b8bdd039ad584c9cef,85056,11,1,Player 4: cyan,ai,Crewmate,VOTE_INFLUENCE,
web_f3d3575d0b0444b8bdd039ad584c9cef,85057,11,1,Player 5: white,ai,Crewmate,VOTE_INFLUENCE,
web_f3d3575d0b0444b8bdd039ad584c9cef,85103,11,1,Purple,human,Crewmate,VOTE,Player 3: orange
web_f3d3575d0b0444b8bdd039ad584c9cef,85134,11,1,Purple,human,Crewmate,VOTE_INFLUENCE,
web_f3d3575d0b0444b8bdd039ad584c9cef,85392,41,2,Player 3: orange,ai,Crewmate,PRE_VOTE,
web_f3d3575d0b0444b8bdd039ad584c9cef,85397,41,2,Player 4: cyan,ai,Crewmate,PRE_VOTE,
web_f3d3575d0b0444b8bdd039ad584c9cef,85398,41,2,Player 2: black,ai,Impostor,PRE_VOTE,
web_f3d3575d0b0444b8bdd039ad584c9cef,85765,41,2,Player 4: cyan,ai,Crewmate,VOTE,Player 2: black
web_f3d3575d0b0444b8bdd039ad584c9cef,85771,41,2,Player 3: orange,ai,Crewmate,VOTE,
web_f3d3575d0b0444b8bdd039ad584c9cef,85772,41,2,Player 2: black,ai,Impostor,VOTE,
web_f3d3575d0b0444b8bdd039ad584c9cef,85775,41,2,Player 4: cyan,ai,Crewmate,VOTE_INFLUENCE,
web_f3d3575d0b0444b8bdd039ad584c9cef,85778,41,2,Player 2: black,ai,Impostor,VOTE_INFLUENCE,
web_f3d3575d0b0444b8bdd039ad584c9cef,85783,41,2,Player 3: orange,ai,Crewmate,VOTE_INFLUENCE,
web_f5575a90a9314ef0a8abf82904add618,83384,15,1,Yellow,human,Crewmate,PRE_VOTE,Player 4: black
web_f5575a90a9314ef0a8abf82904add618,83385,15,1,Player 4: black,ai,Impostor,PRE_VOTE,
web_f5575a90a9314ef0a8abf82904add618,83386,15,1,Player 5: pink,ai,Crewmate,PRE_VOTE,
web_f5575a90a9314ef0a8abf82904add618,83387,15,1,Player 3: orange,ai,Crewmate,PRE_VOTE,
web_f5575a90a9314ef0a8abf82904add618,83642,15,1,Player 5: pink,ai,Crewmate,VOTE,Player 4: black
web_f5575a90a9314ef0a8abf82904add618,83643,15,1,Player 3: orange,ai,Crewmate,VOTE,Player 4: black
web_f5575a90a9314ef0a8abf82904add618,83645,15,1,Player 4: black,ai,Impostor,VOTE,Yellow
web_f5575a90a9314ef0a8abf82904add618,83650,15,1,Player 5: pink,ai,Crewmate,VOTE_INFLUENCE,
web_f5575a90a9314ef0a8abf82904add618,83656,15,1,Player 4: black,ai,Impostor,VOTE_INFLUENCE,
web_f5575a90a9314ef0a8abf82904add618,83657,15,1,Player 3: orange,ai,Crewmate,VOTE_INFLUENCE,
web_f5575a90a9314ef0a8abf82904add618,83659,15,1,Yellow,human,Crewmate,VOTE,Player 4: black
web_f5575a90a9314ef0a8abf82904add618,83663,15,1,Yellow,human,Crewmate,VOTE_INFLUENCE,
web_f581f7ceb3c04e5db68bd33072e611fc,70620,16,1,Orange,human,Crewmate,PRE_VOTE,Player 4: yellow
web_f581f7ceb3c04e5db68bd33072e611fc,70622,16,1,Player 3: cyan,ai,Crewmate,PRE_VOTE,
web_f581f7ceb3c04e5db68bd33072e611fc,70623,16,1,Pink,human,Crewmate,PRE_VOTE,Player 4: yellow
web_f581f7ceb3c04e5db68bd33072e611fc,70627,16,1,Player 4: yellow,ai,Impostor,PRE_VOTE,
web_f581f7ceb3c04e5db68bd33072e611fc,70956,16,1,Player 4: yellow,ai,Impostor,VOTE,
web_f581f7ceb3c04e5db68bd33072e611fc,70957,16,1,Player 3: cyan,ai,Crewmate,VOTE,
web_f581f7ceb3c04e5db68bd33072e611fc,70973,16,1,Player 3: cyan,ai,Crewmate,VOTE_INFLUENCE,
web_f581f7ceb3c04e5db68bd33072e611fc,70975,16,1,Player 4: yellow,ai,Impostor,VOTE_INFLUENCE,
web_f581f7ceb3c04e5db68bd33072e611fc,70978,16,1,Orange,human,Crewmate,VOTE,Player 4: yellow
web_f581f7ceb3c04e5db68bd33072e611fc,70985,16,1,Pink,human,Crewmate,VOTE,Player 4: yellow
web_f581f7ceb3c04e5db68bd33072e611fc,70989,16,1,Orange,human,Crewmate,VOTE_INFLUENCE,
web_f581f7ceb3c04e5db68bd33072e611fc,71016,16,1,Pink,human,Crewmate,VOTE_INFLUENCE,
web_f644c19a822445bf8e5b7a9e25f33678,32993,21,1,Lime,human,Crewmate,PRE_VOTE,Cyan
web_f644c19a822445bf8e5b7a9e25f33678,32994,21,1,Pink,human,Crewmate,PRE_VOTE,
web_f644c19a822445bf8e5b7a9e25f33678,32995,21,1,Orange,human,Crewmate,PRE_VOTE,Lime
web_f644c19a822445bf8e5b7a9e25f33678,32998,21,1,Red,human,Crewmate,PRE_VOTE,
web_f644c19a822445bf8e5b7a9e25f33678,32999,21,1,Cyan,human,Impostor,PRE_VOTE,Lime
web_f644c19a822445bf8e5b7a9e25f33678,33119,21,1,Lime,human,Crewmate,VOTE,Cyan
web_f644c19a822445bf8e5b7a9e25f33678,33127,21,1,Cyan,human,Impostor,VOTE,Red
web_f644c19a822445bf8e5b7a9e25f33678,33131,21,1,Red,human,Crewmate,VOTE,Lime
web_f644c19a822445bf8e5b7a9e25f33678,33135,21,1,Orange,human,Crewmate,VOTE,
web_f644c19a822445bf8e5b7a9e25f33678,33145,21,1,Lime,human,Crewmate,VOTE_INFLUENCE,
web_f644c19a822445bf8e5b7a9e25f33678,33146,21,1,Red,human,Crewmate,VOTE_INFLUENCE,
web_f644c19a822445bf8e5b7a9e25f33678,33149,21,1,Orange,human,Crewmate,VOTE_INFLUENCE,
web_f644c19a822445bf8e5b7a9e25f33678,33168,21,1,Pink,human,Crewmate,VOTE,
web_f644c19a822445bf8e5b7a9e25f33678,33174,21,1,Pink,human,Crewmate,VOTE_INFLUENCE,
web_f6a33590ca364a51824cc42a5aa7789c,36224,19,1,Pink,human,Crewmate,PRE_VOTE,Pink
web_f6a33590ca364a51824cc42a5aa7789c,36229,19,1,Orange,human,Impostor,PRE_VOTE,Blue
web_f6a33590ca364a51824cc42a5aa7789c,36233,19,1,Yellow,human,Crewmate,PRE_VOTE,Orange
web_f6a33590ca364a51824cc42a5aa7789c,36235,19,1,Blue,human,Crewmate,PRE_VOTE,
web_f6a33590ca364a51824cc42a5aa7789c,36633,19,1,Orange,human,Impostor,VOTE,Blue
web_f6a33590ca364a51824cc42a5aa7789c,36637,19,1,Pink,human,Crewmate,VOTE,Orange
web_f6a33590ca364a51824cc42a5aa7789c,36648,19,1,Orange,human,Impostor,VOTE_INFLUENCE,
web_f6a33590ca364a51824cc42a5aa7789c,36655,19,1,Blue,human,Crewmate,VOTE,Orange
web_f6a33590ca364a51824cc42a5aa7789c,36658,19,1,Pink,human,Crewmate,VOTE_INFLUENCE,
web_f6a33590ca364a51824cc42a5aa7789c,36667,19,1,Yellow,human,Crewmate,VOTE,Orange
web_f6a33590ca364a51824cc42a5aa7789c,36683,19,1,Blue,human,Crewmate,VOTE_INFLUENCE,
web_f6a33590ca364a51824cc42a5aa7789c,36689,19,1,Yellow,human,Crewmate,VOTE_INFLUENCE,
web_f718636ded44422fbe339b4ff2f0885b,80693,28,1,Player 2: black,ai,Crewmate,PRE_VOTE,Player 5: pink
web_f718636ded44422fbe339b4ff2f0885b,80694,28,1,Player 5: pink,ai,Impostor,PRE_VOTE,
web_f718636ded44422fbe339b4ff2f0885b,80695,28,1,Player 4: red,ai,Crewmate,PRE_VOTE,
web_f718636ded44422fbe339b4ff2f0885b,80705,28,1,Purple,human,Crewmate,PRE_VOTE,Player 2: black
web_f718636ded44422fbe339b4ff2f0885b,80905,28,1,Player 4: red,ai,Crewmate,VOTE,Player 5: pink
web_f718636ded44422fbe339b4ff2f0885b,80909,28,1,Player 5: pink,ai,Impostor,VOTE,
web_f718636ded44422fbe339b4ff2f0885b,80910,28,1,Player 2: black,ai,Crewmate,VOTE,
web_f718636ded44422fbe339b4ff2f0885b,80911,28,1,Player 4: red,ai,Crewmate,VOTE_INFLUENCE,
web_f718636ded44422fbe339b4ff2f0885b,80919,28,1,Player 5: pink,ai,Impostor,VOTE_INFLUENCE,
web_f718636ded44422fbe339b4ff2f0885b,80920,28,1,Player 2: black,ai,Crewmate,VOTE_INFLUENCE,
web_f718636ded44422fbe339b4ff2f0885b,80929,28,1,Purple,human,Crewmate,VOTE,Player 5: pink
web_f718636ded44422fbe339b4ff2f0885b,80946,28,1,Purple,human,Crewmate,VOTE_INFLUENCE,
web_f7b612f137be4c6d8a8133ba794c9153,12976,118,1,Player 5: pink,ai,Crewmate,PRE_VOTE,
web_f7b612f137be4c6d8a8133ba794c9153,12977,118,1,Player 4: lime,ai,Crewmate,PRE_VOTE,
web_f7b612f137be4c6d8a8133ba794c9153,12978,118,1,Player 3: red,ai,Impostor,PRE_VOTE,Player 3: red
web_f7b612f137be4c6d8a8133ba794c9153,12979,118,1,Player 2: brown,ai,Crewmate,PRE_VOTE,
web_f7b612f137be4c6d8a8133ba794c9153,13000,118,1,Player 2: brown,ai,Crewmate,VOTE,
web_f7b612f137be4c6d8a8133ba794c9153,13001,118,1,Player 3: red,ai,Impostor,VOTE,
web_f7b612f137be4c6d8a8133ba794c9153,13002,118,1,Player 5: pink,ai,Crewmate,VOTE,
web_f7b612f137be4c6d8a8133ba794c9153,13003,118,1,Player 4: lime,ai,Crewmate,VOTE,
web_f7b612f137be4c6d8a8133ba794c9153,13004,118,1,Player 2: brown,ai,Crewmate,VOTE_INFLUENCE,
web_f7b612f137be4c6d8a8133ba794c9153,13005,118,1,Player 4: lime,ai,Crewmate,VOTE_INFLUENCE,
web_f7b612f137be4c6d8a8133ba794c9153,13006,118,1,Player 3: red,ai,Impostor,VOTE_INFLUENCE,
web_f7b612f137be4c6d8a8133ba794c9153,13007,118,1,Player 5: pink,ai,Crewmate,VOTE_INFLUENCE,
web_f7b612f137be4c6d8a8133ba794c9153,13043,144,2,Player 4: lime,ai,Crewmate,PRE_VOTE,
web_f7b612f137be4c6d8a8133ba794c9153,13044,144,2,Player 2: brown,ai,Crewmate,PRE_VOTE,
web_f7b612f137be4c6d8a8133ba794c9153,13045,144,2,Player 5: pink,ai,Crewmate,PRE_VOTE,
web_f7b612f137be4c6d8a8133ba794c9153,13046,144,2,Player 3: red,ai,Impostor,PRE_VOTE,
web_f7b6229a69e94a068ecedcfe794c41d4,80053,36,1,Player 5: pink,ai,Crewmate,PRE_VOTE,
web_f7b6229a69e94a068ecedcfe794c41d4,80056,36,1,Player 4: cyan,ai,Impostor,PRE_VOTE,
web_f7b6229a69e94a068ecedcfe794c41d4,80057,36,1,Player 3: blue,ai,Crewmate,PRE_VOTE,
web_f7b6229a69e94a068ecedcfe794c41d4,80058,36,1,Player 2: white,ai,Crewmate,PRE_VOTE,
web_f7b6229a69e94a068ecedcfe794c41d4,80285,36,1,Player 4: cyan,ai,Impostor,VOTE,Player 3: blue
web_f7b6229a69e94a068ecedcfe794c41d4,80286,36,1,Player 5: pink,ai,Crewmate,VOTE,
web_f7b6229a69e94a068ecedcfe794c41d4,80287,36,1,Player 3: blue,ai,Crewmate,VOTE,
web_f7b6229a69e94a068ecedcfe794c41d4,80288,36,1,Player 2: white,ai,Crewmate,VOTE,
web_f7b6229a69e94a068ecedcfe794c41d4,80296,36,1,Player 5: pink,ai,Crewmate,VOTE_INFLUENCE,
web_f7b6229a69e94a068ecedcfe794c41d4,80298,36,1,Player 4: cyan,ai,Impostor,VOTE_INFLUENCE,
web_f7b6229a69e94a068ecedcfe794c41d4,80300,36,1,Player 2: white,ai,Crewmate,VOTE_INFLUENCE,
web_f7b6229a69e94a068ecedcfe794c41d4,80301,36,1,Player 3: blue,ai,Crewmate,VOTE_INFLUENCE,
web_f8d465f317874e088590ed478c01e706,16088,24,1,Brown,human,Impostor,PRE_VOTE,
web_f8d465f317874e088590ed478c01e706,16089,24,1,Player 5: blue,ai,Crewmate,PRE_VOTE,
web_f8d465f317874e088590ed478c01e706,16090,24,1,Player 3: pink,ai,Crewmate,PRE_VOTE,
web_f8d465f317874e088590ed478c01e706,16091,24,1,Player 4: green,ai,Crewmate,PRE_VOTE,
web_f8d465f317874e088590ed478c01e706,16099,24,1,Player 5: blue,ai,Crewmate,VOTE,
web_f8d465f317874e088590ed478c01e706,16100,24,1,Player 3: pink,ai,Crewmate,VOTE,
web_f8d465f317874e088590ed478c01e706,16101,24,1,Player 4: green,ai,Crewmate,VOTE,
web_f8d465f317874e088590ed478c01e706,16102,24,1,Player 4: green,ai,Crewmate,VOTE_INFLUENCE,
web_f8d465f317874e088590ed478c01e706,16103,24,1,Player 5: blue,ai,Crewmate,VOTE_INFLUENCE,
web_f8d465f317874e088590ed478c01e706,16104,24,1,Player 3: pink,ai,Crewmate,VOTE_INFLUENCE,
web_f8d465f317874e088590ed478c01e706,16105,24,1,Brown,human,Impostor,VOTE,Player 4: green
web_f8d465f317874e088590ed478c01e706,16107,24,1,Brown,human,Impostor,VOTE_INFLUENCE,
web_f8d8af5865524db4a73987ffb6700eee,20565,72,1,Pink,human,Crewmate,PRE_VOTE,Blue
web_f8d8af5865524db4a73987ffb6700eee,20578,72,1,Blue,human,Impostor,PRE_VOTE,
web_f8d8af5865524db4a73987ffb6700eee,20596,72,1,Orange,human,Crewmate,PRE_VOTE,Pink
web_f8d8af5865524db4a73987ffb6700eee,20605,72,1,Lime,human,Crewmate,PRE_VOTE,
web_f8d8af5865524db4a73987ffb6700eee,20908,72,1,Pink,human,Crewmate,VOTE,Blue
web_f8d8af5865524db4a73987ffb6700eee,20910,72,1,Blue,human,Impostor,VOTE,Pink
web_f8d8af5865524db4a73987ffb6700eee,20918,72,1,Orange,human,Crewmate,VOTE,Pink
web_f8d8af5865524db4a73987ffb6700eee,20920,72,1,Lime,human,Crewmate,VOTE,Blue
web_f8d8af5865524db4a73987ffb6700eee,20927,72,1,Pink,human,Crewmate,VOTE_INFLUENCE,
web_f8d8af5865524db4a73987ffb6700eee,20933,72,1,Blue,human,Impostor,VOTE_INFLUENCE,
web_f8d8af5865524db4a73987ffb6700eee,20937,72,1,Orange,human,Crewmate,VOTE_INFLUENCE,
web_f8d8af5865524db4a73987ffb6700eee,20949,72,1,Lime,human,Crewmate,VOTE_INFLUENCE,
web_f8ef917267ec4f2290154f5973e8059b,22404,15,1,Cyan,human,Crewmate,PRE_VOTE,Orange
web_f8ef917267ec4f2290154f5973e8059b,22405,15,1,Blue,human,Crewmate,PRE_VOTE,
web_f8ef917267ec4f2290154f5973e8059b,22408,15,1,Orange,human,Impostor,PRE_VOTE,
web_f8ef917267ec4f2290154f5973e8059b,22411,15,1,Red,human,Crewmate,PRE_VOTE,
web_f8ef917267ec4f2290154f5973e8059b,22534,15,1,Cyan,human,Crewmate,VOTE,Orange
web_f8ef917267ec4f2290154f5973e8059b,22537,15,1,Blue,human,Crewmate,VOTE,
web_f8ef917267ec4f2290154f5973e8059b,22545,15,1,Red,human,Crewmate,VOTE,Blue
web_f8ef917267ec4f2290154f5973e8059b,22549,15,1,Orange,human,Impostor,VOTE,
web_f8ef917267ec4f2290154f5973e8059b,22559,15,1,Cyan,human,Crewmate,VOTE_INFLUENCE,
web_f8ef917267ec4f2290154f5973e8059b,22560,15,1,Blue,human,Crewmate,VOTE_INFLUENCE,
web_f8ef917267ec4f2290154f5973e8059b,22561,15,1,Orange,human,Impostor,VOTE_INFLUENCE,
web_f8ef917267ec4f2290154f5973e8059b,22563,15,1,Red,human,Crewmate,VOTE_INFLUENCE,
web_f987a101e92443b09766996d0d267f90,82788,54,1,Player 3: black,ai,Crewmate,PRE_VOTE,
web_f987a101e92443b09766996d0d267f90,82789,54,1,Player 2: blue,ai,Impostor,PRE_VOTE,
web_f987a101e92443b09766996d0d267f90,82790,54,1,Player 5: brown,ai,Crewmate,PRE_VOTE,
web_f987a101e92443b09766996d0d267f90,82983,54,1,Player 3: black,ai,Crewmate,VOTE,
web_f987a101e92443b09766996d0d267f90,82984,54,1,Player 5: brown,ai,Crewmate,VOTE,
web_f987a101e92443b09766996d0d267f90,82985,54,1,Player 2: blue,ai,Impostor,VOTE,
web_f987a101e92443b09766996d0d267f90,82986,54,1,Player 5: brown,ai,Crewmate,VOTE_INFLUENCE,
web_f987a101e92443b09766996d0d267f90,82987,54,1,Player 2: blue,ai,Impostor,VOTE_INFLUENCE,
web_f987a101e92443b09766996d0d267f90,82989,54,1,Player 3: black,ai,Crewmate,VOTE_INFLUENCE,
web_f9bb38d17117419bbafecaec4a1c9519,86442,10,1,Player 5: green,ai,Crewmate,PRE_VOTE,
web_f9bb38d17117419bbafecaec4a1c9519,86448,10,1,Player 3: yellow,ai,Crewmate,PRE_VOTE,
web_f9bb38d17117419bbafecaec4a1c9519,86449,10,1,Player 2: orange,ai,Crewmate,PRE_VOTE,
web_f9bb38d17117419bbafecaec4a1c9519,86451,10,1,Player 4: purple,ai,Crewmate,PRE_VOTE,
web_f9bb38d17117419bbafecaec4a1c9519,86492,10,1,Lime,human,Impostor,PRE_VOTE,Player 2: orange
web_f9bb38d17117419bbafecaec4a1c9519,86813,10,1,Player 3: yellow,ai,Crewmate,VOTE,
web_f9bb38d17117419bbafecaec4a1c9519,86815,10,1,Player 2: orange,ai,Crewmate,VOTE,
web_f9bb38d17117419bbafecaec4a1c9519,86816,10,1,Player 5: green,ai,Crewmate,VOTE,
web_f9bb38d17117419bbafecaec4a1c9519,86818,10,1,Player 4: purple,ai,Crewmate,VOTE,
web_f9bb38d17117419bbafecaec4a1c9519,86819,10,1,Player 2: orange,ai,Crewmate,VOTE_INFLUENCE,
web_f9bb38d17117419bbafecaec4a1c9519,86820,10,1,Player 5: green,ai,Crewmate,VOTE_INFLUENCE,
web_f9bb38d17117419bbafecaec4a1c9519,86821,10,1,Player 3: yellow,ai,Crewmate,VOTE_INFLUENCE,
web_f9bb38d17117419bbafecaec4a1c9519,86824,10,1,Player 4: purple,ai,Crewmate,VOTE_INFLUENCE,
web_f9bb38d17117419bbafecaec4a1c9519,86878,10,1,Lime,human,Impostor,VOTE,
web_f9bb38d17117419bbafecaec4a1c9519,86907,10,1,Lime,human,Impostor,VOTE_INFLUENCE,
web_fb457f12f5484539bc8161af7aa3c779,81297,165,1,Player 5: orange,ai,Impostor,PRE_VOTE,
web_fb457f12f5484539bc8161af7aa3c779,81298,165,1,Player 2: pink,ai,Crewmate,PRE_VOTE,
web_fb457f12f5484539bc8161af7aa3c779,81308,165,1,Lime,human,Crewmate,PRE_VOTE,Player 5: orange
web_fb457f12f5484539bc8161af7aa3c779,81617,165,1,Player 5: orange,ai,Impostor,VOTE,
web_fb457f12f5484539bc8161af7aa3c779,81624,165,1,Player 2: pink,ai,Crewmate,VOTE,
web_fb457f12f5484539bc8161af7aa3c779,81631,165,1,Player 2: pink,ai,Crewmate,VOTE_INFLUENCE,
web_fb457f12f5484539bc8161af7aa3c779,81633,165,1,Player 5: orange,ai,Impostor,VOTE_INFLUENCE,
web_fb457f12f5484539bc8161af7aa3c779,81644,165,1,Lime,human,Crewmate,VOTE,Player 5: orange
web_fb457f12f5484539bc8161af7aa3c779,81661,165,1,Lime,human,Crewmate,VOTE_INFLUENCE,
web_fbf049ceb96c46df9e1517867b198f8a,88069,1,1,Player 5: lime,ai,Crewmate,PRE_VOTE,
web_fbf049ceb96c46df9e1517867b198f8a,88070,1,1,Brown,human,Crewmate,PRE_VOTE,Player 4: cyan
web_fbf049ceb96c46df9e1517867b198f8a,88073,1,1,Player 4: cyan,ai,Crewmate,PRE_VOTE,
web_fbf049ceb96c46df9e1517867b198f8a,88079,1,1,Pink,human,Impostor,PRE_VOTE,Brown
web_fbf049ceb96c46df9e1517867b198f8a,88110,1,1,Green,human,Crewmate,PRE_VOTE,
web_fbf049ceb96c46df9e1517867b198f8a,88316,1,1,Player 5: lime,ai,Crewmate,VOTE,Brown
web_fbf049ceb96c46df9e1517867b198f8a,88320,1,1,Player 4: cyan,ai,Crewmate,VOTE,
web_fbf049ceb96c46df9e1517867b198f8a,88321,1,1,Player 5: lime,ai,Crewmate,VOTE_INFLUENCE,
web_fbf049ceb96c46df9e1517867b198f8a,88322,1,1,Player 4: cyan,ai,Crewmate,VOTE_INFLUENCE,
web_fbf049ceb96c46df9e1517867b198f8a,88323,1,1,Pink,human,Impostor,VOTE,Brown
web_fbf049ceb96c46df9e1517867b198f8a,88325,1,1,Brown,human,Crewmate,VOTE,
web_fbf049ceb96c46df9e1517867b198f8a,88328,1,1,Brown,human,Crewmate,VOTE_INFLUENCE,
web_fbf049ceb96c46df9e1517867b198f8a,88329,1,1,Pink,human,Impostor,VOTE_INFLUENCE,
web_fbf049ceb96c46df9e1517867b198f8a,88334,1,1,Green,human,Crewmate,VOTE,Brown
web_fbf049ceb96c46df9e1517867b198f8a,88348,1,1,Green,human,Crewmate,VOTE_INFLUENCE,
web_fbf049ceb96c46df9e1517867b198f8a,88743,65,2,Player 5: lime,ai,Crewmate,PRE_VOTE,
web_fbf049ceb96c46df9e1517867b198f8a,88746,65,2,Pink,human,Impostor,PRE_VOTE,Player 5: lime
web_fbf049ceb96c46df9e1517867b198f8a,88766,65,2,Green,human,Crewmate,PRE_VOTE,
web_fbf049ceb96c46df9e1517867b198f8a,89013,65,2,Player 5: lime,ai,Crewmate,VOTE,
web_fbf049ceb96c46df9e1517867b198f8a,89020,65,2,Player 5: lime,ai,Crewmate,VOTE_INFLUENCE,
web_fbf049ceb96c46df9e1517867b198f8a,89025,65,2,Pink,human,Impostor,VOTE,Green
web_fbf049ceb96c46df9e1517867b198f8a,89034,65,2,Green,human,Crewmate,VOTE,Player 5: lime
web_fbf049ceb96c46df9e1517867b198f8a,89036,65,2,Pink,human,Impostor,VOTE_INFLUENCE,
web_fbf049ceb96c46df9e1517867b198f8a,89045,65,2,Green,human,Crewmate,VOTE_INFLUENCE,
web_fc406758fdad439380134361e56fb020,11650,59,1,Player 2: blue,ai,Crewmate,PRE_VOTE,White
web_fc406758fdad439380134361e56fb020,11651,59,1,Player 4: black,ai,Impostor,PRE_VOTE,
web_fc406758fdad439380134361e56fb020,11652,59,1,Player 5: yellow,ai,Crewmate,PRE_VOTE,
web_fc406758fdad439380134361e56fb020,11653,59,1,White,human,Crewmate,PRE_VOTE,
web_fc406758fdad439380134361e56fb020,11672,59,1,Player 4: black,ai,Impostor,VOTE,White
web_fc406758fdad439380134361e56fb020,11673,59,1,Player 5: yellow,ai,Crewmate,VOTE,
web_fc406758fdad439380134361e56fb020,11674,59,1,Player 2: blue,ai,Crewmate,VOTE,White
web_fc406758fdad439380134361e56fb020,11675,59,1,Player 2: blue,ai,Crewmate,VOTE_INFLUENCE,
web_fc406758fdad439380134361e56fb020,11676,59,1,Player 5: yellow,ai,Crewmate,VOTE_INFLUENCE,
web_fc406758fdad439380134361e56fb020,11677,59,1,Player 4: black,ai,Impostor,VOTE_INFLUENCE,
web_fc406758fdad439380134361e56fb020,11679,59,1,White,human,Crewmate,VOTE_INFLUENCE,
web_fc406758fdad439380134361e56fb020,11680,59,1,White,human,Crewmate,VOTE,
web_fc406758fdad439380134361e56fb020,11784,130,2,Player 5: yellow,ai,Crewmate,PRE_VOTE,
web_fc406758fdad439380134361e56fb020,11785,130,2,Player 2: blue,ai,Crewmate,PRE_VOTE,
web_fc406758fdad439380134361e56fb020,11786,130,2,Player 4: black,ai,Impostor,PRE_VOTE,
web_fc406758fdad439380134361e56fb020,11835,130,2,Player 2: blue,ai,Crewmate,VOTE,Player 4: black
web_fc406758fdad439380134361e56fb020,11836,130,2,Player 4: black,ai,Impostor,VOTE,Player 2: blue
web_fc406758fdad439380134361e56fb020,11837,130,2,Player 5: yellow,ai,Crewmate,VOTE,
web_fc406758fdad439380134361e56fb020,11839,130,2,Player 2: blue,ai,Crewmate,VOTE_INFLUENCE,
web_fc406758fdad439380134361e56fb020,11840,130,2,Player 5: yellow,ai,Crewmate,VOTE_INFLUENCE,
web_fc406758fdad439380134361e56fb020,11841,130,2,Player 4: black,ai,Impostor,VOTE_INFLUENCE,
web_fc4bfb7021554451b65fb8c14dd4dbdc,65136,29,1,Player 5: cyan,ai,Crewmate,PRE_VOTE,
web_fc4bfb7021554451b65fb8c14dd4dbdc,65138,29,1,Player 2: yellow,ai,Crewmate,PRE_VOTE,
web_fc4bfb7021554451b65fb8c14dd4dbdc,65140,29,1,Lime,human,Impostor,PRE_VOTE,Player 2: yellow
web_fc4bfb7021554451b65fb8c14dd4dbdc,65150,29,1,Red,human,Crewmate,PRE_VOTE,Lime
web_fc4bfb7021554451b65fb8c14dd4dbdc,65379,29,1,Player 2: yellow,ai,Crewmate,VOTE,Lime
web_fc4bfb7021554451b65fb8c14dd4dbdc,65384,29,1,Player 5: cyan,ai,Crewmate,VOTE,
web_fc4bfb7021554451b65fb8c14dd4dbdc,65387,29,1,Player 2: yellow,ai,Crewmate,VOTE_INFLUENCE,
web_fc4bfb7021554451b65fb8c14dd4dbdc,65393,29,1,Player 5: cyan,ai,Crewmate,VOTE_INFLUENCE,
web_fc4bfb7021554451b65fb8c14dd4dbdc,65398,29,1,Red,human,Crewmate,VOTE,Player 2: yellow
web_fc4bfb7021554451b65fb8c14dd4dbdc,65404,29,1,Lime,human,Impostor,VOTE,Player 2: yellow
web_fc4bfb7021554451b65fb8c14dd4dbdc,65408,29,1,Lime,human,Impostor,VOTE_INFLUENCE,
web_fc4bfb7021554451b65fb8c14dd4dbdc,65422,29,1,Red,human,Crewmate,VOTE_INFLUENCE,
web_fc4bfb7021554451b65fb8c14dd4dbdc,65452,31,2,Red,human,Crewmate,PRE_VOTE,Red
web_fc4bfb7021554451b65fb8c14dd4dbdc,65463,31,2,Player 5: cyan,ai,Crewmate,PRE_VOTE,
web_fc4bfb7021554451b65fb8c14dd4dbdc,65476,31,2,Lime,human,Impostor,PRE_VOTE,Player 5: cyan
web_fc4bfb7021554451b65fb8c14dd4dbdc,65765,31,2,Player 5: cyan,ai,Crewmate,VOTE,
web_fc4bfb7021554451b65fb8c14dd4dbdc,65780,31,2,Player 5: cyan,ai,Crewmate,VOTE_INFLUENCE,
web_fc4bfb7021554451b65fb8c14dd4dbdc,65787,31,2,Red,human,Crewmate,VOTE,Lime
web_fc4bfb7021554451b65fb8c14dd4dbdc,65794,31,2,Lime,human,Impostor,VOTE,Player 5: cyan
web_fc4bfb7021554451b65fb8c14dd4dbdc,65800,31,2,Lime,human,Impostor,VOTE_INFLUENCE,
web_fc4bfb7021554451b65fb8c14dd4dbdc,65801,31,2,Red,human,Crewmate,VOTE_INFLUENCE,
web_fe0f92e49e0a4272bfb904fde4367ae4,76232,68,1,Player 5: lime,ai,Crewmate,PRE_VOTE,
web_fe0f92e49e0a4272bfb904fde4367ae4,76233,68,1,Player 4: red,ai,Impostor,PRE_VOTE,
web_fe0f92e49e0a4272bfb904fde4367ae4,76238,68,1,Black,human,Crewmate,PRE_VOTE,
web_fe0f92e49e0a4272bfb904fde4367ae4,76259,68,1,Green,human,Crewmate,PRE_VOTE,Green
web_fe0f92e49e0a4272bfb904fde4367ae4,76704,68,1,Player 5: lime,ai,Crewmate,VOTE,Player 4: red
web_fe0f92e49e0a4272bfb904fde4367ae4,76720,68,1,Player 4: red,ai,Impostor,VOTE,
web_fe0f92e49e0a4272bfb904fde4367ae4,76726,68,1,Player 5: lime,ai,Crewmate,VOTE_INFLUENCE,
web_fe0f92e49e0a4272bfb904fde4367ae4,76746,68,1,Player 4: red,ai,Impostor,VOTE_INFLUENCE,
web_fe0f92e49e0a4272bfb904fde4367ae4,76772,68,1,Black,human,Crewmate,VOTE,Player 4: red
web_fe0f92e49e0a4272bfb904fde4367ae4,76774,68,1,Green,human,Crewmate,VOTE,Player 4: red
web_fe0f92e49e0a4272bfb904fde4367ae4,76793,68,1,Green,human,Crewmate,VOTE_INFLUENCE,
web_fe0f92e49e0a4272bfb904fde4367ae4,76813,68,1,Black,human,Crewmate,VOTE_INFLUENCE,
web_fe1f1488921540628a122c6ce4a3b933,71221,118,1,Player 5: purple,ai,Impostor,PRE_VOTE,
web_fe1f1488921540628a122c6ce4a3b933,71222,118,1,Player 2: green,ai,Crewmate,PRE_VOTE,
web_fe1f1488921540628a122c6ce4a3b933,71223,118,1,Player 4: pink,ai,Crewmate,PRE_VOTE,
web_fe1f1488921540628a122c6ce4a3b933,71632,118,1,Player 4: pink,ai,Crewmate,VOTE,
web_fe1f1488921540628a122c6ce4a3b933,71640,118,1,Player 4: pink,ai,Crewmate,VOTE_INFLUENCE,
web_fe1f1488921540628a122c6ce4a3b933,71641,118,1,Player 2: green,ai,Crewmate,VOTE,
web_fe1f1488921540628a122c6ce4a3b933,71642,118,1,Player 5: purple,ai,Impostor,VOTE,
web_fe1f1488921540628a122c6ce4a3b933,71652,118,1,Player 2: green,ai,Crewmate,VOTE_INFLUENCE,
web_fe1f1488921540628a122c6ce4a3b933,71657,118,1,Player 5: purple,ai,Impostor,VOTE_INFLUENCE,
web_fe1f1488921540628a122c6ce4a3b933,71707,121,2,Player 4: pink,ai,Crewmate,PRE_VOTE,
web_fe1f1488921540628a122c6ce4a3b933,71720,121,2,Player 5: purple,ai,Impostor,PRE_VOTE,
web_fe1f1488921540628a122c6ce4a3b933,71721,121,2,Player 2: green,ai,Crewmate,PRE_VOTE,
web_fe1f1488921540628a122c6ce4a3b933,72150,121,2,Player 5: purple,ai,Impostor,VOTE,
web_fe1f1488921540628a122c6ce4a3b933,72152,121,2,Player 2: green,ai,Crewmate,VOTE,
web_fe1f1488921540628a122c6ce4a3b933,72153,121,2,Player 4: pink,ai,Crewmate,VOTE,
web_fe1f1488921540628a122c6ce4a3b933,72162,121,2,Player 5: purple,ai,Impostor,VOTE_INFLUENCE,
web_fe1f1488921540628a122c6ce4a3b933,72172,121,2,Player 2: green,ai,Crewmate,VOTE_INFLUENCE,
web_fe1f1488921540628a122c6ce4a3b933,72173,121,2,Player 4: pink,ai,Crewmate,VOTE_INFLUENCE,
web_ff866d0df8104eb59bf0bf64e570e4cd,9649,3,1,Yellow,human,Crewmate,PRE_VOTE,Black
web_ff866d0df8104eb59bf0bf64e570e4cd,9650,3,1,Purple,human,Crewmate,PRE_VOTE,Black
web_ff866d0df8104eb59bf0bf64e570e4cd,9651,3,1,Black,human,Crewmate,PRE_VOTE,Yellow
web_ff866d0df8104eb59bf0bf64e570e4cd,9655,3,1,Red,human,Crewmate,PRE_VOTE,
web_ff866d0df8104eb59bf0bf64e570e4cd,9657,3,1,Brown,human,Impostor,PRE_VOTE,
web_ff866d0df8104eb59bf0bf64e570e4cd,9953,3,1,Red,human,Crewmate,VOTE,
web_ff866d0df8104eb59bf0bf64e570e4cd,9955,3,1,Yellow,human,Crewmate,VOTE,Black
web_ff866d0df8104eb59bf0bf64e570e4cd,9957,3,1,Purple,human,Crewmate,VOTE,Black
web_ff866d0df8104eb59bf0bf64e570e4cd,9961,3,1,Black,human,Crewmate,VOTE,Red
web_ff866d0df8104eb59bf0bf64e570e4cd,9970,3,1,Red,human,Crewmate,VOTE_INFLUENCE,
web_ff866d0df8104eb59bf0bf64e570e4cd,9971,3,1,Brown,human,Impostor,VOTE,Black
web_ff866d0df8104eb59bf0bf64e570e4cd,9976,3,1,Black,human,Crewmate,VOTE_INFLUENCE,
web_ff866d0df8104eb59bf0bf64e570e4cd,9977,3,1,Purple,human,Crewmate,VOTE_INFLUENCE,
web_ff866d0df8104eb59bf0bf64e570e4cd,9983,3,1,Yellow,human,Crewmate,VOTE_INFLUENCE,
web_ff866d0df8104eb59bf0bf64e570e4cd,9986,3,1,Brown,human,Impostor,VOTE_INFLUENCE,
web_fffb811a5af54d5dbce7a4390db750dd,18053,60,1,Player 3: yellow,ai,Impostor,PRE_VOTE,
web_fffb811a5af54d5dbce7a4390db750dd,18058,60,1,Purple,human,Crewmate,PRE_VOTE,Lime
web_fffb811a5af54d5dbce7a4390db750dd,18060,60,1,Orange,human,Crewmate,PRE_VOTE,Purple
web_fffb811a5af54d5dbce7a4390db750dd,18061,60,1,Lime,human,Crewmate,PRE_VOTE,Purple
web_fffb811a5af54d5dbce7a4390db750dd,18235,60,1,Player 3: yellow,ai,Impostor,VOTE,
web_fffb811a5af54d5dbce7a4390db750dd,18240,60,1,Player 3: yellow,ai,Impostor,VOTE_INFLUENCE,
web_fffb811a5af54d5dbce7a4390db750dd,18246,60,1,Lime,human,Crewmate,VOTE,Player 3: yellow
web_fffb811a5af54d5dbce7a4390db750dd,18248,60,1,Purple,human,Crewmate,VOTE,Lime
web_fffb811a5af54d5dbce7a4390db750dd,18255,60,1,Orange,human,Crewmate,VOTE,Player 3: yellow
web_fffb811a5af54d5dbce7a4390db750dd,18260,60,1,Purple,human,Crewmate,VOTE_INFLUENCE,
web_fffb811a5af54d5dbce7a4390db750dd,18265,60,1,Lime,human,Crewmate,VOTE_INFLUENCE,
web_fffb811a5af54d5dbce7a4390db750dd,18274,60,1,Orange,human,Crewmate,VOTE_INFLUENCE,
